{
"type": "FeatureCollection",
"name": "nan_province_boundary",
"crs": { "type": "name", "properties": { "name": "urn:ogc:def:crs:OGC:1.3:CRS84" } },
"features": [
{"type":"Feature","properties":{"adm1_name":"Nan","adm1_name1":"น่าน","adm1_name2":null,"adm1_name3":null,"adm1_pcode":"TH55","adm0_name":"Thailand","adm0_name1":"ประเทศไทย","adm0_name2":null,"adm0_name3":null,"adm0_pcode":"TH","valid_on":"2022-01-22","valid_to":null,"area_sqkm":12190.705496840001,"version":"v01","lang":"en","lang1":"th","lang2":null,"lang3":null,"adm1_ref_n":"Nan","center_lat":18.82548865,"center_lon":100.79342247},"geometry":{"type":"MultiPolygon","coordinates":[[[[100.894785081000123,19.634315914000126],[100.895186154000157,19.634311690000118],[100.895710517000111,19.634369510000113],[100.896515886000032,19.634635504000073],[100.897332515000187,19.634911936000037],[100.897656346000076,19.634971866000058],[100.897912218000101,19.63493749100013],[100.898247196000113,19.634761084],[100.898483009000188,19.634642059000043],[100.898710618999985,19.634487080999975],[100.899182989,19.634037283000055],[100.899481060000085,19.633801879000146],[100.899691620000112,19.63370464500008],[100.899924834000046,19.633638837000149],[100.900414035000097,19.633549214000084],[100.900926264000077,19.633522687000152],[100.901137438000148,19.633478226000079],[100.901378028000181,19.633329206000042],[100.901557202000106,19.633168956000077],[100.901941844000135,19.632716212000105],[100.902450885000064,19.632182971000134],[100.902610628000048,19.631991676000041],[100.902795510000033,19.631853338000099],[100.903044568000041,19.631741212000065],[100.903516335000063,19.631591062999973],[100.90425237900007,19.631411721000063],[100.904848543000185,19.631181071000185],[100.905512773000055,19.630817734000061],[100.906258844000092,19.630308373000105],[100.906603560000178,19.630014399000117],[100.907031985000174,19.629732735000061],[100.907433490000074,19.629530536000118],[100.907667577000041,19.629303711000091],[100.907695605000185,19.62926289100011],[100.907955220000076,19.629218798000068],[100.908278008000138,19.628951155000038],[100.908322437000038,19.628729395],[100.908178270000064,19.628378608000048],[100.908099216000096,19.628092616000174],[100.908218563000105,19.627509236000037],[100.908445204000145,19.627316657],[100.908814950000192,19.62709140100003],[100.909790600000065,19.62686201300005],[100.910075023000104,19.62681611000005],[100.910591080000074,19.626844569000014],[100.911623114000179,19.626965569000106],[100.912654841000176,19.627060177000089],[100.913197613000136,19.6270280170001],[100.913614280000104,19.626931209000077],[100.913904210999988,19.626716990000034],[100.914165193000088,19.626410696000107],[100.914506758000016,19.625852817],[100.914876174000028,19.625294641000039],[100.915165005000063,19.624988049000081],[100.915509848000056,19.624707256000022],[100.915784282000061,19.624361234000162],[100.916014751000034,19.623830926000153],[100.916282141000124,19.622891145000096],[100.916453308000143,19.622057949000123],[100.916602416000046,19.621713261000025],[100.916662724000048,19.62165481500017],[100.917041217000019,19.621532139000124],[100.917460020000135,19.621527678],[100.917758235,19.621628802000032],[100.917873782000072,19.621682018000172],[100.918773549000036,19.622308586000145],[100.919335972000113,19.622609724000029],[100.919901676,19.623134372999971],[100.920279798000195,19.623615887000028],[100.920714614000133,19.624054267000076],[100.920854412000153,19.62442596],[100.921052345000078,19.624674575000085],[100.921277341000064,19.624856923000038],[100.92159934200015,19.624998642000151],[100.922241779000103,19.625150136000059],[100.92349802300015,19.625387446000161],[100.924517067000068,19.625587690000032],[100.924729078000098,19.625641455000107],[100.925662432000081,19.625764709],[100.926352091000183,19.62575732800002],[100.926692058000185,19.625788755000087],[100.92807142900017,19.625839964000136],[100.929924726000138,19.625925668000093],[100.930258774000038,19.62590888800014],[100.930522402000179,19.625826881000023],[100.930757079000159,19.62565281600007],[100.930920868000101,19.625373938000109],[100.931107305000182,19.624659337000026],[100.931379021999987,19.624088987000107],[100.931584108000095,19.623770073],[100.931859135000195,19.623476807000088],[100.932082514000115,19.62322413000004],[100.932570104000149,19.622998800000062],[100.933402536000131,19.622504351000089],[100.933913255000164,19.622365636000097],[100.934239141000148,19.622362134000127],[100.934659578000037,19.622445674000119],[100.935081034000063,19.622662471000012],[100.935270154000079,19.622881734000146],[100.935647304000042,19.623229986000183],[100.936499242000195,19.624367986000038],[100.937253548000058,19.625111882999988],[100.937817056000142,19.625501007000082],[100.938518542999986,19.625714784000081],[100.938536606000184,19.625714589000154],[100.939060508000182,19.625906637000071],[100.939703118000068,19.626071262999972],[100.940232427000069,19.626078754000162],[100.940565517000095,19.625982791000126],[100.940897339000173,19.62578126700015],[100.94111760200019,19.625567753999974],[100.941380752000157,19.62544614900014],[100.941756089000194,19.625389315000064],[100.942313089000095,19.625383304000025],[100.943059905000041,19.625413132000176],[100.943126953000103,19.625443757000141],[100.94378083700019,19.625615111000059],[100.944152169,19.625477858000181],[100.944385046000036,19.625289086],[100.945082083000045,19.625181848000011],[100.946025800000086,19.624907724000082],[100.946981848000121,19.624501498000029],[100.947782148000101,19.624070117000144],[100.948373780000168,19.624063717000126],[100.948701043000142,19.624104318000036],[100.948900445000163,19.624230008000154],[100.949153639000144,19.624438403000056],[100.949688195000135,19.624881281000114],[100.950150580000127,19.625113798000086],[100.950723569000161,19.62527913800011],[100.951169646000039,19.62531388900004],[100.951558903000034,19.625256889000127],[100.95190495200012,19.625081586000078],[100.952235002000066,19.624734907000061],[100.952588421000087,19.624266353000053],[100.953311213000063,19.624055344000055],[100.954102402000046,19.624001609000175],[100.954708800000162,19.624040171000161],[100.955642563000197,19.624249098000121],[100.956209547000071,19.624524705999988],[100.956299761000082,19.624585199000137],[100.956762793000166,19.624870480000027],[100.957168369000158,19.625011225000037],[100.957587392000107,19.62511223600012],[100.957796267000049,19.625109964000103],[100.958018103000143,19.625028372000145],[100.958113457000195,19.624968155000033],[100.958213342000192,19.624973115999978],[100.959095907000119,19.624787391000154],[100.960723732000076,19.624548338000182],[100.961333570000079,19.624429964000171],[100.961409176000132,19.624450408000087],[100.961939276000123,19.624523808000106],[100.96256572700014,19.624503781000158],[100.963246918000152,19.624403981000057],[100.964135368000086,19.624169954000138],[100.964842798000177,19.623937899000055],[100.965535338000109,19.623626826000134],[100.966171375000044,19.623250392000102],[100.96665487700011,19.622928406000085],[100.966680688,19.622905763000063],[100.966944758000182,19.62284776700011],[100.967315474000145,19.622710489000099],[100.967418162000115,19.622485784000048],[100.967454128000043,19.622011167000153],[100.967463872000167,19.621977228000105],[100.967587931000196,19.621783349000111],[100.967751328000134,19.621478056000171],[100.967929614000127,19.621251775000189],[100.968205530000091,19.621037623000063],[100.96884235300007,19.620727148000014],[100.969632826,19.620454580000057],[100.970284373000197,19.620209925000154],[100.971670039000117,19.619640521000122],[100.971791236000115,19.619599814000026],[100.972729470000104,19.619338388000074],[100.973397885000054,19.619331065999972],[100.974108537000063,19.619323274000067],[100.974360306000051,19.619399546000125],[100.974654725000164,19.619554409999978],[100.974785366000049,19.619747961000087],[100.975106311000047,19.620379835000165],[100.97563861000009,19.621427815],[100.975856782000051,19.621818129000133],[100.97601617700019,19.622211234000076],[100.976202878000095,19.622480726],[100.976512444000093,19.622741245000157],[100.976807258000179,19.622926509000024],[100.97716640900012,19.623291277000192],[100.978177852000044,19.623953130000132],[100.979186786000071,19.624456915000167],[100.980027422000148,19.624842852000029],[100.980365024000037,19.625116924000167],[100.980578009000169,19.625430735000123],[100.980663832000062,19.625628504000019],[100.980755096000166,19.62622140100018],[100.980928237000171,19.626734373000147],[100.981267390000085,19.62708741400013],[100.981687438,19.627279258000044],[100.982148325000026,19.627353242000083],[100.982565917000159,19.627348640999969],[100.982584329000076,19.627341944000079],[100.982863752000185,19.627355933000047],[100.983266275000176,19.627245930000129],[100.98408232200012,19.626788273000159],[100.985352699000146,19.62590333300011],[100.985462276000078,19.625863012000082],[100.985640395000132,19.625851418000025],[100.986267207000139,19.625803839000071],[100.987060346000135,19.625716055000112],[100.987450491000175,19.625594736000096],[100.987758246000112,19.625599665000038],[100.988872700000172,19.62562694200011],[100.989443118999986,19.625581046000036],[100.990136747,19.62536224400003],[100.990809366000178,19.625113204000058],[100.990982218000056,19.625157842000192],[100.99161135900016,19.625349598000071],[100.992073690000154,19.625540940000064],[100.992366196000035,19.625537701999974],[100.99291060000013,19.625424743000167],[100.993076121000058,19.625435281000136],[100.993896691000089,19.625347014],[100.994434183000124,19.625284391000093],[100.99470379800016,19.625315348000072],[100.995462057000111,19.62578115000008],[100.995944921999978,19.626026513],[100.995971047000126,19.626419276000092],[100.996001665000165,19.62664326200013],[100.996086355000045,19.626734696000085],[100.996240012999976,19.626772578000043],[100.996462317000066,19.626730525000028],[100.996835511000086,19.626502055000117],[100.997004190000098,19.626433251000094],[100.997144719000062,19.626464787000032],[100.997546225000065,19.626507766000145],[100.998011388000123,19.626400884000191],[100.998171618000015,19.626434441000185],[100.998464850000119,19.626497165000046],[100.998715167000171,19.626467991000141],[100.998950742000034,19.626373005000062],[100.999198932000127,19.626172308000093],[100.999472854000032,19.62579978399998],[100.999827539000194,19.625202032000118],[101.000443851000171,19.624363847000097],[101.000730382000199,19.623885610000059],[101.000974644000166,19.623368261000167],[101.001122912000142,19.622970738000049],[101.00122728000008,19.622402160999968],[101.00123863500005,19.622288321000156],[101.001456611000151,19.622137624000061],[101.002457448000087,19.621889378000105],[101.002977128999987,19.621883595000043],[101.003129658000091,19.621958730000131],[101.003870908000124,19.622214393999968],[101.004640174000201,19.622482939000122],[101.005032505000088,19.62267650800004],[101.005385451000166,19.622994088000041],[101.005433439,19.623138894000078],[101.005588285000044,19.623518806999982],[101.005892070000073,19.62370510500017],[101.006242969000198,19.623701194000091],[101.006366353000146,19.623670584000024],[101.006578255000079,19.623794115000067],[101.006871484000101,19.623856825000075],[101.007233352000185,19.623839593000071],[101.007773936000149,19.623635628000159],[101.008313539000142,19.623352497000099],[101.008977798000103,19.62301519000016],[101.009945849000189,19.622683967000057],[101.010345136000069,19.622657292000042],[101.010694848000071,19.622558560000073],[101.011043903000086,19.622362710000175],[101.011141640000062,19.622171935000097],[101.011151425000094,19.622054680000076],[101.011152236000044,19.622054007000145],[101.01137025800017,19.621668895000084],[101.011519644000089,19.621363721000023],[101.01171244700015,19.621190021000075],[101.012348186000054,19.620800239000118],[101.012701484000161,19.620632462],[101.012978899000132,19.620629360000123],[101.013679442000068,19.620431841000027],[101.014055392000103,19.620108446000188],[101.014135824,19.620094069000174],[101.014359428000034,19.620157545999973],[101.014639883000086,19.6203127550001],[101.014991594000151,19.620599125000183],[101.015598058000194,19.621212530000037],[101.016035463000094,19.621669483000119],[101.016373918000113,19.622008781000147],[101.016655032000074,19.622216762],[101.017005109000195,19.622371187000113],[101.017507856000123,19.622484314000133],[101.017913305000036,19.622611723000091],[101.018347255000037,19.622791598000163],[101.01872584500012,19.622998482000014],[101.019470415000058,19.623517959000139],[101.020159624000144,19.624064443],[101.020301177000078,19.624247591000085],[101.020373109000161,19.624431524000101],[101.02044702000012,19.62477378300008],[101.020496381000044,19.625380230000076],[101.020571943000107,19.625854424000067],[101.020687628000132,19.626196214000117],[101.020844424000131,19.626484753999989],[101.021210586000052,19.626810534000128],[101.021617530000185,19.627056682000102],[101.021941256000162,19.627330154000163],[101.022280897000087,19.627761794000151],[101.0225921870001,19.628154166000115],[101.022892367000054,19.628770988000156],[101.023176117000105,19.62951251000004],[101.023178368000174,19.629692239000121],[101.023276127000202,19.629752173999975],[101.023409849000075,19.630058341],[101.023579755000071,19.630280756000047],[101.023818789000131,19.630462808000175],[101.024056831000109,19.630565695000087],[101.0243918500002,19.630627901000082],[101.024753562000114,19.63059744100002],[101.025322819000053,19.630459076000022],[101.02658483200014,19.630035803999988],[101.027666479000175,19.629667333000157],[101.028248661000191,19.629449642],[101.028942901000107,19.629283468000096],[101.029735276,19.629168967000169],[101.030584173000193,19.629119803000151],[101.031599830000118,19.629042359000152],[101.032795679,19.628896895000025],[101.033352656000034,19.628890601000023],[101.034021531000178,19.628922631000023],[101.034649626000032,19.629034286000092],[101.035067528000127,19.629042756999979],[101.035358778000102,19.628947095000058],[101.035537630000135,19.628773529000114],[101.035604419000094,19.628699442000084],[101.035910182000066,19.628550508000046],[101.03625809100015,19.628262057000086],[101.036404614000105,19.627926196000089],[101.036448052000139,19.627404076000062],[101.036500889000195,19.627098288000127],[101.036791569000059,19.626608461000046],[101.037599285000113,19.625504086000035],[101.038065550000056,19.624931394999976],[101.038300429,19.624783585000046],[101.038564157000167,19.624714619000031],[101.038884408000115,19.624710991000086],[101.039317554000093,19.624824844000159],[101.039561339000102,19.624906130000113],[101.039679605000117,19.625037076000126],[101.040336673000127,19.62540896600018],[101.041090874000076,19.625497527000107],[101.041228439000179,19.625495967000177],[101.041261830000167,19.625502164000068],[101.041407476000131,19.625493936000112],[101.041843257000039,19.625488992000044],[101.042695705000085,19.625429634000113],[101.043443289000095,19.625041773000078],[101.044488072000149,19.624316337000096],[101.045559829000069,19.623595168],[101.045762607000142,19.623511313000108],[101.046287872,19.623201847000075],[101.0464807890001,19.62304132100013],[101.047624776000134,19.622379301000024],[101.049565959000063,19.621122012],[101.050640705000035,19.620658359000117],[101.050823246000107,19.620656275000101],[101.051812325000128,19.620684588000074],[101.052439389000142,19.620717028000115],[101.052774727000042,19.620805571000062],[101.053166435000094,19.620946252000067],[101.05351787800015,19.621206155000152],[101.053897503000201,19.621492121000188],[101.054457638000088,19.621736444000078],[101.05483508500015,19.621850891],[101.055295740000133,19.621938002000036],[101.055768810000018,19.621906206000062],[101.056101802000057,19.621810036000113],[101.056364507000012,19.621661886000084],[101.05690114500004,19.621154327000113],[101.057314151000071,19.62078013100006],[101.057784361000074,19.620524044000092],[101.058491606000075,19.620291634000068],[101.059284235,19.620203393000111],[101.060119310000118,19.620167449000178],[101.060786626000095,19.620080640000026],[101.061369392000131,19.61991561800005],[101.062130638000099,19.619550625000102],[101.062654677000182,19.619148757000119],[101.062859821000131,19.618856106000123],[101.062953920000155,19.618591120000076],[101.062937747000149,19.618510027000184],[101.063025398000036,19.618113989999983],[101.062871081000139,19.617831252000087],[101.062566594000089,19.617547937000154],[101.062062014999981,19.617316600000095],[101.061858856000129,19.617129249000129],[101.061856124000087,19.616915092000113],[101.062053690000084,19.616793664],[101.063393966000149,19.615973387999986],[101.064180505000138,19.615410160000124],[101.064953119000108,19.614847097000165],[101.065614677000156,19.61431168900009],[101.066094563000036,19.61372558700009],[101.066349248000051,19.613315299000078],[101.066623167999978,19.613032563000104],[101.066817226000069,19.612508718000015],[101.06681356100006,19.612221992000116],[101.06675201600018,19.611319449000121],[101.066785037000159,19.61025623400019],[101.066865749999977,19.609784507000143],[101.066877878000128,19.609752704000073],[101.067080354000154,19.60955661100013],[101.067576405000068,19.609076692000087],[101.067822905000071,19.608739664000097],[101.067918141000121,19.608359201000155],[101.067761330000053,19.607884510000076],[101.067648662000124,19.607736117000115],[101.067459883000026,19.607244171000104],[101.066930253000123,19.606115448000025],[101.066585670000109,19.605301288000192],[101.066483834,19.604959374000146],[101.066474293000056,19.60485123400008],[101.066666958000098,19.604663446000188],[101.067084362000173,19.604334755000082],[101.067697512000052,19.604048156999966],[101.068735927000091,19.603587589000085],[101.069621192000056,19.603128781000123],[101.070064671000068,19.602965336000182],[101.070384028000149,19.602895688000103],[101.070704066000133,19.602878817000033],[101.071094891000087,19.602953492999973],[101.071347888000105,19.603074496000147],[101.071616794000192,19.60332397500008],[101.072376989000077,19.603933964000021],[101.072832107000124,19.604213236000021],[101.073296938000112,19.604317360000152],[101.073607374,19.604521226000145],[101.073887674000105,19.604663151000068],[101.07420906700014,19.604751816000032],[101.074585641000056,19.604800260000104],[101.075045068000122,19.604794967000146],[101.075769688000037,19.60483939900007],[101.076271392000194,19.604873201000032],[101.076955094000084,19.604984077000154],[101.077513329000169,19.605083201000184],[101.078126409000106,19.605115713000032],[101.078710118000174,19.605029808000097],[101.079125400000066,19.60484027800004],[101.079415048000044,19.604625810000073],[101.079703509000012,19.604318988999978],[101.079917144000035,19.60404745],[101.08060177100009,19.603647215000024],[101.081744449000155,19.602778157000046],[101.082303205000187,19.602101496000103],[101.082831344000112,19.601762545000042],[101.083843461000072,19.601133704000176],[101.083980378000149,19.601088114000106],[101.084229914000161,19.600990368],[101.085326204000125,19.600408629000128],[101.086672028000066,19.599726922000116],[101.08789949200002,19.598773199000163],[101.088303457000166,19.598532324000018],[101.088840951000066,19.598052907000067],[101.089304962000142,19.597697982000113],[101.090098023000166,19.596930057000066],[101.090487792000147,19.596069687000124],[101.090532870000175,19.595640151999987],[101.090418093000153,19.594548558000099],[101.090105081,19.593601515000159],[101.089935533000187,19.59310079200003],[101.090146392000122,19.592454326],[101.090626995000036,19.591430736000063],[101.090925984000194,19.591119389000141],[101.091169949000175,19.590592688000186],[101.091358373000162,19.589639827000099],[101.091344256000127,19.58854707],[101.091333203000033,19.587691355],[101.091428345000054,19.587308623000126],[101.091682953000031,19.587097936000021],[101.091776053000046,19.587020085000063],[101.092038658000035,19.586829181000098],[101.092418640000062,19.586649655000144],[101.092772771000114,19.586532070000089],[101.093371816000058,19.586288004000153],[101.094370427000172,19.58594446800015],[101.09611440600014,19.585020962000158],[101.097312398000099,19.584530547000156],[101.097963294000124,19.584475580000117],[101.098616005000054,19.584515380000028],[101.09912241000012,19.584843673000137],[101.099276778000103,19.585173847000078],[101.099939974000108,19.586021930000186],[101.100546389000101,19.586346799000125],[101.101148452000075,19.586339781999982],[101.101749356000084,19.586285339000028],[101.102799763000178,19.586036020000108],[101.104249798000183,19.585687128000188],[101.105649076000134,19.585241779],[101.106999027000199,19.584894071],[101.108050670000068,19.584786918000134],[101.108903486000088,19.584776943000122],[101.110160769000117,19.584999342000117],[101.111871308000161,19.585406105000118],[101.112827912000114,19.585634224000046],[101.113577570000132,19.585433499000089],[101.114524225000196,19.584948210000164],[101.115420197000105,19.584413833999974],[101.11646626300012,19.583832511000139],[101.117008989000112,19.58315998900008],[101.117401681999979,19.582489254000109],[101.117742489000022,19.581676884000046],[101.117788144000201,19.581344379000143],[101.117780055000139,19.580725780000023],[101.117574383000147,19.580346577000171],[101.117242606000161,19.580081424000184],[101.117219971000168,19.580046292000134],[101.116811300000165,19.579668432000119],[101.116402124000047,19.579250989000116],[101.116278968000188,19.578991361000135],[101.116349765000109,19.578746436000017],[101.11654545600004,19.578362520000042],[101.11709195100002,19.577976743000022],[101.117537725000147,19.577542466000068],[101.117782243000136,19.577065417000142],[101.117838201000154,19.576890182999989],[101.117928501000165,19.576739196000062],[101.118049630000144,19.576421087000085],[101.118140391999987,19.576049250000153],[101.118612012000142,19.575296599000126],[101.119404174000124,19.574478923000186],[101.121095350000076,19.573411268000029],[101.121445791000042,19.573194630000046],[101.121625774999984,19.573106670000016],[101.122207431000163,19.572875510000074],[101.122568632000139,19.572818480000024],[101.122930696000083,19.572827414000017],[101.123363733000076,19.572941068000034],[101.12391054800014,19.573238119000166],[101.124684564000063,19.573875559000157],[101.125401694000061,19.574421301000029],[101.125795237000034,19.574706955000011],[101.126621821000185,19.575106254000104],[101.127517491000049,19.575465154000142],[101.128719731000047,19.575846818000116],[101.130620007000061,19.576378563000105],[101.131934128000182,19.576798466000128],[101.132827211000063,19.576959441000042],[101.133774581000125,19.57701420900014],[101.135265489000062,19.577115316000061],[101.136158053000145,19.57723669600017],[101.137136740000074,19.577554974],[101.137836875000175,19.577863352000122],[101.138538580000045,19.578290465000066],[101.139129284000092,19.578745283000046],[101.139648825000165,19.579082184000072],[101.139901290000182,19.579224335000049],[101.14016610200008,19.579247580000128],[101.140457709000145,19.579191343000161],[101.140872672000057,19.578988489999972],[101.141033847000188,19.578881333000083],[101.141231894000157,19.57883204500007],[101.141780204000042,19.578588420000074],[101.142366829000139,19.578226906000054],[101.142491099000154,19.57820396000011],[101.143047344000081,19.57815776200016],[101.143840558000136,19.578135141000189],[101.144592714000055,19.57816578000012],[101.145286922000082,19.578025571000182],[101.146075939000127,19.577686309000171],[101.146287373000177,19.577596172000085],[101.147036697000033,19.577764945000069],[101.147509357000047,19.578003492],[101.147738781000044,19.578154726000093],[101.148413718000199,19.578661284000077],[101.149104161000196,19.579286413000034],[101.14993309200014,19.579857103000165],[101.150830055000199,19.580308228000092],[101.151810710000063,19.580771540000057],[101.1526657510002,19.581209959000034],[101.153870176999988,19.581749758],[101.154597139000089,19.581978580000111],[101.155183337000096,19.582090328000106],[101.155795787000159,19.582083005000129],[101.156558189000179,19.581836378000048],[101.156766099000151,19.581767916000103],[101.157142274000137,19.581789803000049],[101.157588568999984,19.581850437000071],[101.158342145000177,19.581986563000157],[101.158606967000082,19.582009780000021],[101.158828796000194,19.581941148000055],[101.159035473000188,19.581780336000065],[101.159296248000146,19.581500122000136],[101.159639304000109,19.58112655900004],[101.159819199000196,19.581045233000054],[101.160110623000151,19.580975771],[101.160389182000188,19.580985629000111],[101.160599025000067,19.581062281000072],[101.160893968000039,19.581256666000058],[101.161119668000026,19.581478273000187],[101.161600671000144,19.582053080000037],[101.162011727000049,19.582602333000125],[101.162237430000175,19.582823938000047],[101.162504191000096,19.58299227100008],[101.162852880000116,19.583040862000075],[101.163241916000118,19.582983420000119],[101.163566832000186,19.5828443690001],[101.164058927000156,19.582838463000144],[101.164559064000059,19.582690217000106],[101.165104107000104,19.582207243000141],[101.165526314000147,19.581751232000158],[101.166033333000087,19.581432501000165],[101.166239825000105,19.581258487000127],[101.166433637000182,19.581176992000053],[101.166586922000135,19.581188342000075],[101.16674126700002,19.581278853000015],[101.166854738000097,19.581435826000131],[101.166941609000105,19.581685480000033],[101.167061607000051,19.582330169000159],[101.167203187000041,19.583157263000032],[101.167382104000012,19.583847840000033],[101.167655841000055,19.584797042000105],[101.167883476000156,19.585227261000057],[101.168109957000127,19.585570899000061],[101.168387807000045,19.585852066000143],[101.168691092000188,19.586083450000103],[101.169045917000119,19.5862647350001],[101.169438899000113,19.586371334000148],[101.169764974000032,19.58635504],[101.170076836000078,19.586252326000078],[101.170412645000056,19.585988506999968],[101.171198883000102,19.585249204000036],[101.171666008000102,19.584775595000167],[101.172106891000055,19.584453272000076],[101.172998817000177,19.583634142000165],[101.173840110000071,19.582768218000069],[101.175529669000127,19.58156010700003],[101.176606518000142,19.580702701000178],[101.176878480000084,19.580554313000107],[101.177241359000163,19.580364382000141],[101.177460863000022,19.580188551000049],[101.177589300000079,19.580061401000023],[101.177865524000026,19.579962605000048],[101.178212377000079,19.579624235000097],[101.178656736000164,19.579097276000084],[101.178909052000051,19.578674040000067],[101.17910884700018,19.578511054000103],[101.179498148000107,19.578345543000182],[101.179966741000101,19.578253288000099],[101.18051379700006,19.578172453000036],[101.181074563000095,19.578140928000039],[101.181597350000061,19.578196454000022],[101.182213478000108,19.578399290000107],[101.182909735000067,19.57873722100004],[101.183884356000135,19.579393398000093],[101.184305425000048,19.579648066],[101.184606388000191,19.579706271000134],[101.184906845000114,19.579727369000125],[101.185310363000099,19.57964825800002],[101.186283522000053,19.579228251000188],[101.186813749000123,19.578968885000052],[101.187531052000054,19.578800155000124],[101.188174495000112,19.57864475100007],[101.188441951000186,19.578633047000153],[101.189001549000125,19.578514926000082],[101.189507272000128,19.578273755999987],[101.189629879000051,19.578175778000059],[101.190328362000059,19.577910394000128],[101.191124009000077,19.577424310000083],[101.1915117650002,19.576761312000087],[101.191745801000195,19.576848756000061],[101.192415134000044,19.577125130000184],[101.192991119000169,19.577254192],[101.193684034000057,19.577344726000035],[101.194350356000143,19.577398465000158],[101.194923661000018,19.577329641000119],[101.195483243000126,19.577211496000018],[101.19602927800014,19.5770564070001],[101.196576145000165,19.576963157000023],[101.196967606000158,19.576958388000037],[101.197294992000025,19.577040988000135],[101.197505618000037,19.577174491999983],[101.197704870000052,19.577431831000069],[101.19806826000007,19.578243815000121],[101.198417766000034,19.578994116999979],[101.198710378000101,19.579398755000113],[101.199120434000065,19.579801961000044],[101.19954253200018,19.580130797999971],[101.199755175000121,19.580412714000033],[101.19988869000008,19.58063373900012],[101.200036761000149,19.580965919000107],[101.200201918000062,19.581594769000048],[101.200466150000068,19.58279142400005],[101.200591993000103,19.583408380000094],[101.200728201000175,19.583827292000137],[101.200901538000039,19.584097316000111],[101.201152831000115,19.584341645000165],[101.201679174000049,19.584656834000043],[101.202140268,19.584972819000143],[101.20252374100005,19.585339227000077],[101.20282892400013,19.585706596000023],[101.203334386000051,19.586405497000044],[101.203535348000173,19.586786507000113],[101.203591245000098,19.587057959],[101.203595454000151,19.587367155000038],[101.203564388000075,19.587961287000155],[101.203458892000072,19.588840837000077],[101.203351211000097,19.589559606000137],[101.203250350000189,19.589820606000046],[101.203070013000115,19.589995988],[101.202720703000182,19.590222912000115],[101.202307152000174,19.590524844000072],[101.201998837000133,19.590887336000037],[101.201859158000048,19.5911735520001],[101.201785070000142,19.591483705000087],[101.201802325000017,19.591792737000105],[101.20187211300015,19.592125870000189],[101.202128305000201,19.592728865000083],[101.202891507000118,19.594142068000053],[101.203186921,19.594777489000137],[101.203251465000051,19.595010689000048],[101.203345790000128,19.595119210000064],[101.203389007000055,19.595212161],[101.203789769000139,19.59588760400004],[101.203897706000134,19.596146050000129],[101.203873965000184,19.596319518000087],[101.203798191000146,19.596505991000129],[101.203672657000084,19.596692689000122],[101.203324016000067,19.597149225000067],[101.202916089000155,19.597745644000156],[101.202774011000145,19.598095284000124],[101.202742832000126,19.598501550000151],[101.202761223000152,19.598953596000058],[101.20291482500005,19.599450382000157],[101.203251954000166,19.599944913000115],[101.2035870320002,19.600288718000058],[101.20395707300014,19.600504528000158],[101.204472831000032,19.600637381000013],[101.204731184000138,19.600738586000148],[101.204879900000037,19.60087592900004],[101.204967279000073,19.601002421000032],[101.205006513000114,19.601187487000061],[101.204957418000049,19.601401182000075],[101.204871191000109,19.60180812100009],[101.204799660000162,19.602171395000141],[101.204834001000052,19.60244639300015],[101.204884426000035,19.602779183000166],[101.20501329300015,19.603255969000145],[101.205234127000097,19.603746125000043],[101.205394968000178,19.604323993000037],[101.205681128000094,19.60511776300018],[101.205853906000129,19.605449054000132],[101.206116670000029,19.605648772000166],[101.206425516000195,19.605862430000059],[101.206793760000096,19.605944891000036],[101.207191797000121,19.605969005000077],[101.2077253060001,19.605832005000138],[101.208301727999981,19.605477035999968],[101.208504803000039,19.605327972000111],[101.209144639000044,19.604911962000131],[101.209322564000104,19.604739768000115],[101.209832354000184,19.604429055000026],[101.210394462000124,19.604146736000075],[101.210881683000025,19.603981303000126],[101.2113698940002,19.6038883330001],[101.21205831400016,19.603894375000039],[101.212884176000102,19.603884230000176],[101.213586099000167,19.603759640000192],[101.214331323000181,19.60344606700005],[101.215531382000108,19.602836979000131],[101.216245618000016,19.60249479200013],[101.216642255000068,19.602417431000049],[101.216993611000191,19.602384114000074],[101.217376547000072,19.602422889000138],[101.217698503000065,19.602476909000188],[101.218236361000152,19.60265873000003],[101.218621286000143,19.602842433000035],[101.218928346000155,19.602925627],[101.219325982000157,19.602920728000015],[101.219782799000029,19.6027701430001],[101.22013256300005,19.602620871],[101.220514306000098,19.602572678],[101.220774694000113,19.602598459000092],[101.221020982000084,19.602711386000124],[101.22125237500012,19.602853493000055],[101.221716355000183,19.603224663000049],[101.22225840100009,19.603710831000114],[101.222722187000045,19.604067500000042],[101.223539723000044,19.604564760000187],[101.224497298000131,19.605234233000033],[101.2248369510001,19.60546197400015],[101.225251880000201,19.60560180300007],[101.225619725000172,19.605655237000065],[101.225894215000153,19.605593865000174],[101.226137518000144,19.605489386000102],[101.226318248000155,19.605284212000186],[101.22646759700018,19.605021443000055],[101.226578787000108,19.604545887000143],[101.22676991000003,19.604405925000094],[101.227366824000057,19.603416349000099],[101.227752528000167,19.602999125000053],[101.227906843000085,19.60290176899997],[101.228104863000112,19.602841335000107],[101.228395635000197,19.602852234000068],[101.228764277000153,19.602963636000027],[101.229410196000174,19.603216565000082],[101.229686683000068,19.603300118000163],[101.230038830000183,19.60332475000007],[101.230466051000064,19.603246980000051],[101.231059295000136,19.603007702000127],[101.231820168000127,19.602722857000117],[101.232613230000197,19.602553578000027],[101.233315724000022,19.602472389000184],[101.234065499000167,19.602492083000186],[101.234647850000101,19.602571834000116],[101.235292372000174,19.602723287000117],[101.236398706000045,19.603086439000151],[101.237075823,19.603382439000143],[101.237444471000174,19.603493827000136],[101.237842499000067,19.60351787400009],[101.238239328000077,19.603454959000089],[101.23893901200006,19.603170846000125],[101.239928269000131,19.602810649000105],[101.240629955000088,19.602671463000092],[101.241073058000097,19.602636959000108],[101.241548561000059,19.602732513000035],[101.242103334000092,19.603030012000033],[101.242688501000089,19.603312639000023],[101.242980080000109,19.603381487000036],[101.243331427000157,19.603348120000078],[101.243376099000102,19.603317036000135],[101.243472952000047,19.603390291999972],[101.243962298000042,19.603499354000121],[101.244267013000126,19.603436852000129],[101.24450654900005,19.603144876000101],[101.244925553000087,19.602561622000167],[101.245702784000173,19.601395878000176],[101.246172078000086,19.600060099000075],[101.246218940000063,19.599018618000116],[101.246142397000199,19.597922187999984],[101.246127136000098,19.596822781000071],[101.246148732000108,19.596110937000162],[101.246432947000073,19.59538038400018],[101.246700773000043,19.594840707],[101.246912247000125,19.594649629],[101.24723178000005,19.594529677000025],[101.247644479000144,19.594510033],[101.248302657000067,19.594545309000125],[101.24882199700005,19.594495340000151],[101.24932523800004,19.594387593000022],[101.249903128000085,19.594148444000041],[101.250601947000064,19.593806322000148],[101.250904660000174,19.593616502000089],[101.251262552000128,19.593480223000086],[101.252827382000078,19.592593609000062],[101.253067854999983,19.592463594000094],[101.253881481000178,19.592069353000056],[101.254807639000092,19.59157941400008],[101.255445063000025,19.591223543000069],[101.255689130000064,19.591177001000119],[101.255949298000132,19.591188240000065],[101.256318330000113,19.59132857700007],[101.256766042000038,19.591627373000051],[101.257523238000147,19.592183214000158],[101.258327733000158,19.592839925000021],[101.258838039000125,19.593239405000077],[101.259177099000112,19.593423594000114],[101.259484766000071,19.593550193],[101.259930062000137,19.593675071000064],[101.260558059000175,19.59373967200014],[101.261199926000074,19.593702626000095],[101.261626690000185,19.593595800000116],[101.26199353200019,19.593441370000164],[101.262571302000197,19.593073827000012],[101.263134383000136,19.592562359000169],[101.263672120000138,19.592051203000153],[101.264171511000143,19.591516508000041],[101.264433878000091,19.591249001000051],[101.264634237000109,19.591078351000135],[101.264914719000046,19.590917198],[101.266094877000171,19.590466628000058],[101.266916581000089,19.590166388000057],[101.267511747000128,19.590071926000064],[101.268122001000165,19.589962777000039],[101.268594625000048,19.589855363000027],[101.269019950000143,19.589647072999981],[101.26950481700004,19.589322067000126],[101.270170543000063,19.588806343000101],[101.270714946000055,19.588364624],[101.27097287100014,19.588216417000126],[101.271308063,19.588125224000123],[101.271720126000105,19.588062047000108],[101.272499795000044,19.58803772300007],[101.272881269000152,19.58797492900004],[101.273215853000124,19.587840253000081],[101.273549216000106,19.587618614000121],[101.273880747000078,19.587266545000034],[101.274165993000054,19.586886064000112],[101.274482020000164,19.586519694000174],[101.275688634000176,19.585315844000036],[101.276395710000031,19.58448067900008],[101.276966792000053,19.583763193999971],[101.277268743000093,19.583483967000063],[101.277586591000102,19.583248025999978],[101.277905055000133,19.583055564000063],[101.278361543000074,19.582890343000145],[101.279536916000097,19.582730531999971],[101.280193204,19.582635258000096],[101.280266777000179,19.582604799000137],[101.280740519000119,19.582501961000162],[101.281058381000094,19.582236029],[101.281145192999986,19.58188723100011],[101.281044899000051,19.581278850000103],[101.280854169000065,19.580802610000148],[101.280572988000188,19.580372645000011],[101.280011752000121,19.579639177000104],[101.279773950000163,19.579032532999975],[101.279767213000014,19.578553929000179],[101.279986647000101,19.577855758000055],[101.280378259000145,19.577300808000132],[101.281024735000187,19.57652220600005],[101.281945447000169,19.575599912000087],[101.282747178000136,19.575036869000144],[101.283426295000083,19.574375716000077],[101.283962960000167,19.573366435000139],[101.284502695000185,19.572578346],[101.285406085000147,19.571521512000174],[101.286405466000133,19.570768284],[101.287354730000175,19.569755987000178],[101.287756863000141,19.568967409000152],[101.287840588000051,19.568401873000028],[101.287647991000199,19.567751795000106],[101.287315445,19.566972534000172],[101.286240795000083,19.56563820000008],[101.285165502000041,19.564215785999977],[101.284411791000082,19.562875115000168],[101.28366115100016,19.561710529000095],[101.282776050000052,19.560807296000064],[101.281755249000014,19.559993813000176],[101.280871411000078,19.559178597000027],[101.280032175000088,19.558231854000155],[101.279051145000096,19.55702498300019],[101.278533435000099,19.556119338000144],[101.277745579000111,19.555605457000183],[101.277098950000152,19.555311046000043],[101.276588593000099,19.554924612000036],[101.276303160000055,19.554189904],[101.276019551000104,19.553626736000126],[101.275647355000046,19.553240822000191],[101.275089958000194,19.552769149000142],[101.274485444999982,19.552210031000072],[101.27410895100013,19.551562248000039],[101.273914633,19.550781211000128],[101.273948897000196,19.549954380000031],[101.27421123400012,19.549364682000089],[101.274491593000164,19.549063460000013],[101.27450081500001,19.549053558000082],[101.274895660000084,19.548723193000058],[101.275435379000101,19.547935160000122],[101.275835099000119,19.547015683000154],[101.276052713000183,19.546143633000099],[101.276217752000093,19.54483424100016],[101.27643600600004,19.544050258000027],[101.276720292999983,19.543614282000192],[101.277071961000161,19.543348732000084],[101.277539969000145,19.542922464000128],[101.278036168000085,19.542425556000069],[101.278156443000171,19.542330611000125],[101.278653940000197,19.541845670000043],[101.279107456000077,19.541449341000032],[101.279826769000181,19.540351953000027],[101.279955734999987,19.539740672000164],[101.280165336000039,19.538344926000093],[101.280382443000121,19.537699395000061],[101.280732436000051,19.537257957000179],[101.281639657000085,19.536536225000134],[101.282853829000146,19.535897585000043],[101.283718025000098,19.53537932200004],[101.284172751000028,19.535098160000075],[101.284398377000059,19.534834390000071],[101.284412854000095,19.534800700000119],[101.284611387000098,19.534678354000164],[101.284881477000056,19.53428206600006],[101.284963973000117,19.533628498000155],[101.284908957000198,19.532976674000054],[101.284856387000104,19.532498681],[101.284933992000049,19.531497438000031],[101.285224859000039,19.529319405000024],[101.285340324000117,19.527750985000125],[101.285329303000196,19.52696760200007],[101.285041439000167,19.526101974000028],[101.284622815000148,19.525671486000078],[101.284343568000054,19.52541310600003],[101.284110100000078,19.525111233000189],[101.283413443000086,19.524555592000127],[101.282118530000162,19.523831342000051],[101.280775946000119,19.522978984000076],[101.279429149000123,19.521864789000176],[101.278406798,19.520920322999984],[101.277985145,19.520316028000025],[101.277692501000161,19.519100446000152],[101.277589252000041,19.518275348000088],[101.277443236000067,19.51766979000007],[101.27716274300019,19.517323368],[101.276650112000141,19.516765341000109],[101.276320130000045,19.516116968],[101.275754937000045,19.515078644000084],[101.275418310000191,19.513996862000113],[101.275173359000064,19.51286871800005],[101.274844607000034,19.51234903],[101.274382686000138,19.512095186000181],[101.274338741000122,19.512074971000175],[101.274216184000181,19.511929582000107],[101.27364680900007,19.511661328000116],[101.272755657000062,19.511339138000153],[101.272140431000139,19.511071455000092],[101.271645865000096,19.510686292000116],[101.271195332,19.510170108000011],[101.270819399000061,19.509522534000098],[101.270565438000119,19.508999476000156],[101.270576054000117,19.508966116000067],[101.270568772000047,19.508444639000174],[101.270282254000108,19.507664747000149],[101.26962547100004,19.506627578],[101.268971153000109,19.505766473999984],[101.268126043000166,19.504514639999968],[101.267751182000154,19.503924940000047],[101.267661950000047,19.503815173000135],[101.267560373000094,19.503659435000031],[101.267532008000103,19.503533623000067],[101.267541215000108,19.503342104000126],[101.267620543000078,19.503070896000111],[101.267681359000164,19.502897891000089],[101.267828197000199,19.502777772000172],[101.267962071000113,19.502516433000153],[101.268183271999987,19.501904041000103],[101.268412857000101,19.50129154900003],[101.268638427000099,19.500561641000047],[101.268571685000097,19.500002502000029],[101.268325226000059,19.499276303999977],[101.267905195000196,19.498778046000155],[101.267657991000135,19.497997649000183],[101.267706593000071,19.497213557000123],[101.26793287900017,19.496537840000087],[101.268219535000071,19.49592011600015],[101.268211731000122,19.49536023800016],[101.267965118000063,19.494579837000174],[101.267674401000079,19.494159038000078],[101.267620959000112,19.493921981000085],[101.267384044000153,19.493374117000087],[101.267068300000119,19.492707409000161],[101.266860102000123,19.491570329000012],[101.266846083000132,19.490563460000146],[101.267186126000126,19.489549903000182],[101.267935125000179,19.488197055000171],[101.268174807000094,19.487783174000128],[101.268597227000043,19.487198305000106],[101.26898209,19.486428730000114],[101.269612326000129,19.485712652000018],[101.26978363700016,19.485319889000152],[101.26977973400011,19.485039966000159],[101.269714547000149,19.484591462000026],[101.269474376000062,19.484314470000186],[101.269351117000099,19.483925395000028],[101.269303801000092,19.483638027999973],[101.26929474700006,19.483507692000046],[101.26924286100018,19.483267924000074],[101.269222376000187,19.48314351700003],[101.268968943000118,19.481913876000135],[101.268545838000193,19.481192133000036],[101.268061628000055,19.480358263000142],[101.267214633000094,19.478858301],[101.266547434000188,19.477577377000102],[101.266180136000173,19.476631385000132],[101.26604907300009,19.475680169000157],[101.266031174000091,19.474393378000173],[101.266074525000079,19.47327292500006],[101.266237262000118,19.472263842000189],[101.266340085000195,19.471142640000153],[101.26633619100005,19.470862679000163],[101.26609954900016,19.4704293100001],[101.266129285000147,19.470211401000086],[101.266079411000135,19.469922112000063],[101.265938458000107,19.469677450000063],[101.265768358000059,19.469534624000119],[101.265446056000201,19.469437184000071],[101.265018203000068,19.469442534000166],[101.264484794000055,19.469550674000061],[101.263755959000093,19.469893184000114],[101.262875921999978,19.470353544000034],[101.26233084900008,19.470722740000042],[101.261934359000179,19.470785675000172],[101.261385259,19.470865011000171],[101.261172134000049,19.47092565500003],[101.261051093000106,19.471014137000054],[101.260947148000128,19.471232873000019],[101.260827514000141,19.471422804000042],[101.260661036000045,19.471540849000121],[101.260342149000053,19.471689788000106],[101.259353520000047,19.47203551900003],[101.257548020000058,19.472549433999973],[101.256781231000105,19.472802517000048],[101.256331646000149,19.473005259000161],[101.255834766000078,19.473324556000023],[101.25555160100015,19.473463279000043],[101.254955083000198,19.473565251000139],[101.254664557000126,19.473582655000143],[101.254017121,19.473625503000108],[101.253418909000118,19.473690931000021],[101.253272692000166,19.473712602000148],[101.2532131050001,19.473713343000099],[101.252267184000118,19.47361445700011],[101.251376881000056,19.473232658000029],[101.250723810000125,19.472960799000191],[101.250401023000165,19.472964810000065],[101.250239535000105,19.472779543000115],[101.250091879000138,19.472711797000045],[101.249957248000101,19.472701872000187],[101.249835479000069,19.472738175000075],[101.249714674000131,19.472844047000137],[101.249533700000086,19.473020242000075],[101.249208030000091,19.473343194000108],[101.248860487000059,19.473736273000043],[101.247849528000131,19.47428351700006],[101.247258465000186,19.4743423110001],[101.24714831100016,19.474338584000066],[101.246905758000025,19.47429522900012],[101.246496799000056,19.474160318000031],[101.245538388000057,19.473585142000047],[101.244882983000082,19.47314618900009],[101.24434539300006,19.472703515000035],[101.243810764000102,19.472432384000058],[101.243600780000179,19.472412718000044],[101.243438649000154,19.472286009000129],[101.243127255000161,19.472166170999969],[101.242670646000136,19.472156363000067],[101.242068834000065,19.472256582999989],[101.241255972000147,19.472421268000062],[101.240441619000137,19.472477726000079],[101.239660078000043,19.472549242000184],[101.239025869000102,19.472665319999976],[101.238345313000082,19.472967510000103],[101.237779912000121,19.473345591000054],[101.237038607000159,19.473973239000145],[101.236798989000192,19.474331827000128],[101.236706069000149,19.474688607000132],[101.236598550000053,19.475169263000112],[101.236560049000161,19.475927387000183],[101.236611113000095,19.477271966000103],[101.236567947000083,19.477689980999969],[101.236497299000121,19.477783886],[101.2359744970002,19.477790342000048],[101.235204345000056,19.477576326000076],[101.234433449000051,19.477305834999981],[101.234325850000118,19.477291361000027],[101.234115465000059,19.477179077000187],[101.233771672000103,19.477075080000191],[101.233184652000034,19.477066858],[101.23211031000011,19.477188341000044],[101.231605211000158,19.477210029000048],[101.230984100000057,19.477093981000053],[101.229920554000159,19.476813301999982],[101.228692952000188,19.476457317000154],[101.227874795000048,19.475984355000094],[101.227744293000114,19.475878228999989],[101.227743570000143,19.475877610000055],[101.227202061000185,19.475098583000147],[101.2271324190001,19.474315888000149],[101.226941332000195,19.473311211000066],[101.226756161000083,19.472697044000142],[101.226688539000179,19.472647184000095],[101.226667147000171,19.472570279000024],[101.226550515000099,19.472386165999978],[101.226238069000033,19.472188993000088],[101.225583113000198,19.471980571000074],[101.224847717000102,19.471850446000076],[101.223819767000123,19.471785757000134],[101.222988891000114,19.47182688099997],[101.222258136000107,19.472036857000148],[101.221529486000065,19.472401431000094],[101.22070619100009,19.472999093000169],[101.219915912000147,19.473627277000105],[101.219641548000197,19.473831649000147],[101.219514013000037,19.473841860000164],[101.219154185000093,19.473630308000054],[101.218622319000133,19.473262270000191],[101.218044644000202,19.472691537000117],[101.21783021900012,19.47250861100008],[101.217535134000173,19.472388528000181],[101.217175900000086,19.472346537000192],[101.216655139000068,19.472414762000028],[101.215518551000173,19.472753379000096],[101.215243551000185,19.472911365000186],[101.215034593000098,19.473130394000123],[101.21479660100016,19.47361263800002],[101.214468169000156,19.474637172000087],[101.214167497000119,19.47530572900007],[101.213893751000057,19.475556474000086],[101.213694716000191,19.475600987000178],[101.213691578000123,19.475600650000047],[101.213332188000038,19.475214412000071],[101.212139194000088,19.474276104000069],[101.211309286000187,19.473711992000062],[101.210795075000135,19.47307395200005],[101.210456450000095,19.472393748000059],[101.210629955000172,19.471831080000072],[101.211032909000096,19.471042644000022],[101.211497238000106,19.470476981000047],[101.211606688000074,19.469859205000091],[101.211480540000139,19.469246591],[101.211193799000114,19.468616021000059],[101.211173292000126,19.468507924000107],[101.211104458000079,19.468371117000061],[101.210807745000125,19.467518405000192],[101.210915734000082,19.466789983000126],[101.211314075000132,19.465665177000176],[101.21153758100013,19.464766023000038],[101.211529984000151,19.46420613000015],[101.211228025000082,19.463706274000174],[101.211070346000099,19.463596857000084],[101.211057490000087,19.463576818000092],[101.210728149000147,19.463333442000078],[101.210104799000078,19.463047259000064],[101.209429411000144,19.462815449000118],[101.20879185300015,19.462505382000131],[101.208133561000011,19.461840536000182],[101.207290993000129,19.460620162999987],[101.207166327000095,19.460118180000109],[101.206924040000047,19.459671749000051],[101.206670960000054,19.459467664000101],[101.206548154000018,19.459224984000116],[101.20638244800017,19.459025990000157],[101.206069004000199,19.458751479999989],[101.205526542000086,19.458417911000026],[101.205393640000068,19.458233975000098],[101.205391373000168,19.458218386000112],[101.205483641000171,19.45789871900007],[101.206472462000193,19.456823153000073],[101.207231895000064,19.456253910000157],[101.20811046200015,19.45573970300012],[101.208576993000122,19.455341092000083],[101.209160437000094,19.45483049000012],[101.209332609000114,19.454491919000077],[101.209326554000086,19.454044906000149],[101.209172360000082,19.453669303000083],[101.2091436770001,19.453472254000189],[101.209026028000096,19.453210825000156],[101.208936250000079,19.4530661390001],[101.208277857000098,19.450697791000039],[101.208143403000122,19.449468830000058],[101.208193215000165,19.448795314000108],[101.208600831000126,19.448399756000072],[101.209305851000067,19.448167603000115],[101.209776000000147,19.44799251000012],[101.21053686800019,19.447536158000048],[101.212162609000131,19.445556411999974],[101.212623027000063,19.4447108170001],[101.212675883000145,19.444263084999989],[101.212490819000152,19.443648902000064],[101.211831859000142,19.442929871],[101.211234051000076,19.44237716900011],[101.210756194000055,19.441935903],[101.210630774000151,19.441377444000068],[101.210796113000072,19.440535455000145],[101.210728888000119,19.439919864000103],[101.210416338000186,19.438636611000049],[101.210346820000098,19.437853907000147],[101.210693274000164,19.437289724000095],[101.211511473000087,19.43671975500007],[101.212389170000165,19.436149066000041],[101.212974047000159,19.435749046000126],[101.213437505000115,19.435129236000023],[101.214363476000074,19.433774426000184],[101.215172517000155,19.432531651000147],[101.215346014000033,19.43224955900007],[101.215397326000186,19.43168897400011],[101.215156566000189,19.431355441000164],[101.214618324000014,19.430804309000052],[101.213540427000112,19.429641024000148],[101.212818246000154,19.428642789000037],[101.212153084000192,19.427417997000134],[101.212000595000063,19.427174813000079],[101.211989729000038,19.427004471000032],[101.211867881000103,19.426671967000061],[101.211613992000139,19.426217374000032],[101.21113630800005,19.425604693000025],[101.210462754000105,19.424969657000076],[101.209816778000118,19.424445615000081],[101.209411492000186,19.424164867000115],[101.209214860000088,19.423983238000062],[101.209029831000123,19.42336907400005],[101.208901636000064,19.422643535000191],[101.208775481000032,19.42202865400003],[101.208294094000109,19.421363857000188],[101.207553652000115,19.418965850000063],[101.207120362000126,19.417458233000104],[101.207099862000064,19.417439244000093],[101.207072517000199,19.417230173000064],[101.206925448000163,19.416959822000024],[101.2066354910001,19.416728315000114],[101.20628135700008,19.416571808000072],[101.205941427000198,19.416501717000017],[101.205540523000082,19.416453421000142],[101.205038176000187,19.41619646900017],[101.204323473000102,19.415701643000091],[101.203963464000083,19.41525663300007],[101.203780169000083,19.414811804000124],[101.203561630000195,19.414023760000077],[101.203526248000117,19.413364309000144],[101.203442700000153,19.41296948500019],[101.203308176000178,19.412661864000029],[101.203161290000139,19.412403875999985],[101.202845438999987,19.412185045000115],[101.202438008000115,19.411942586],[101.202017549000061,19.41170028300013],[101.201673795000033,19.411345716000028],[101.201420466000172,19.410928205],[101.200886568000044,19.410006922000093],[101.200703081000199,19.40965802900007],[101.200516999000115,19.409084390000146],[101.200271094000072,19.408360298000105],[101.199849223000058,19.407694760000084],[101.199829113000192,19.407663219000085],[101.199728268000115,19.407250059000148],[101.199526756000125,19.406807173000118],[101.199287634000086,19.40647607600016],[101.198984834000044,19.406257079000056],[101.198604329000091,19.406076135000035],[101.198121208000032,19.406020130000115],[101.197691217000056,19.406037702000106],[101.197196558000087,19.40609316900003],[101.196661794000079,19.40607489700011],[101.195970610000074,19.406058510999969],[101.195605964000094,19.406087662000175],[101.195378558000129,19.406120578000071],[101.19498633600017,19.405850056000077],[101.194742698000084,19.405293033000078],[101.194934882000155,19.40435856400012],[101.195507003000159,19.402600483000015],[101.195984389000046,19.401258741000049],[101.196167926000044,19.400705367000057],[101.196271785000192,19.400514646000033],[101.196443036000062,19.400065483000049],[101.196452198000145,19.399998178000089],[101.196525941000118,19.39984200300006],[101.196780817000047,19.399405969000043],[101.196998418000192,19.399106453000115],[101.197099869000169,19.398894937000023],[101.197084510000195,19.398721937000118],[101.196991775000072,19.398611729000038],[101.196796090000134,19.398601725000105],[101.196588041000098,19.398641349],[101.196315814,19.398755973000107],[101.195939807000116,19.398908960000028],[101.195252973000095,19.399214140000083],[101.194540225000083,19.399532004000093],[101.193865091000191,19.399738077000166],[101.193242584000132,19.399980625000182],[101.192519286000163,19.40048416000019],[101.192209936000097,19.40074766500004],[101.19182486700015,19.401197639000145],[101.191365229000155,19.401920653000104],[101.191224170000112,19.402095530999986],[101.191094484000189,19.402146578000043],[101.190924039000038,19.402074412000104],[101.190804410000169,19.401902673000052],[101.190631481000196,19.401644986000122],[101.190472414000055,19.401448983000137],[101.190026520000117,19.401206169000147],[101.189966956000148,19.401150703000155],[101.189431895000041,19.400820714000133],[101.188781429000016,19.400717895000071],[101.188500523000073,19.400691468000105],[101.18833668100018,19.400645914000052],[101.187894144000097,19.400519555000187],[101.187597396000058,19.400395721000052],[101.187178010000139,19.399953675000063],[101.187033220000103,19.399388950000116],[101.187037801000201,19.399053433000176],[101.187094703000128,19.398434237000117],[101.187206446,19.39771751100011],[101.187207556000089,19.397713343000135],[101.187662031000173,19.396420794000051],[101.188120222000123,19.395405924000102],[101.188394318000064,19.393835559000081],[101.188380858000187,19.39282863],[101.188361388000033,19.391372452000155],[101.188406786000201,19.390364814000066],[101.188572794000095,19.389522823000163],[101.188915462000011,19.388678714000037],[101.189551687000176,19.387720412000135],[101.189737767000111,19.387429594000025],[101.189943165000045,19.387229673000093],[101.190071021000165,19.387042581000117],[101.190155595000078,19.386766336000051],[101.190532006000183,19.38602862700003],[101.190581901000144,19.38535511900011],[101.190394184000183,19.384573849000105],[101.190167378000069,19.384116271999972],[101.190130948000046,19.383726650000085],[101.190071535000186,19.383183080000038],[101.190125619000071,19.382353623000085],[101.190095652000139,19.38134948000004],[101.19022105300013,19.380434709000099],[101.190270912000074,19.379761201000179],[101.190431687000171,19.378528633000144],[101.190646320000042,19.377665376000039],[101.190687347000164,19.377571968000154],[101.190892069000085,19.377284990000192],[101.191226943000061,19.376984070000162],[101.191705182000078,19.376681426000175],[101.19246848,19.376251641000067],[101.193154075000166,19.375859899000147],[101.19385087600017,19.375331951000135],[101.194238706000135,19.375092239000026],[101.194705057000078,19.37487631800019],[101.195040587000108,19.374624865999976],[101.195302272,19.374344607000182],[101.195857002000082,19.373983275000114],[101.196789583000054,19.373132029000033],[101.197267366000062,19.372550024000077],[101.19766751700007,19.372230449000028],[101.197898610000095,19.371967885000174],[101.198063881000166,19.371656638000104],[101.198205448000067,19.371331786000042],[101.198297247000085,19.371210324000117],[101.198817059000135,19.370364061000146],[101.198986938000075,19.36985846000016],[101.199206540000091,19.368625182000073],[101.199312249000059,19.367727469000158],[101.199475963000111,19.366718393000156],[101.199878937000051,19.365986456000087],[101.200633448000019,19.365080889000183],[101.201391754000099,19.364455268000029],[101.201918285000033,19.364112456999976],[101.202327224000044,19.363827527000069],[101.202614685000128,19.363264045000165],[101.20301164000017,19.36208507900011],[101.203297551000105,19.361408705000088],[101.203747160000091,19.359725557000104],[101.203909464000049,19.35865779300002],[101.204197633000149,19.3581507560001],[101.204429967000181,19.357867957000053],[101.204602095000041,19.357531694000045],[101.204597573000058,19.35719530900019],[101.204343425000161,19.355854860000022],[101.204261248000194,19.354119437000065],[101.204248475000099,19.35316896],[101.204466468000135,19.351822784000035],[101.205215653000039,19.350524387000121],[101.205617814000163,19.349735951000127],[101.206203176000088,19.349394718000042],[101.207083461000195,19.349047579000171],[101.209286992000159,19.348431525000024],[101.210345400000165,19.348195156000088],[101.210867005000068,19.348161060000109],[101.21126036000004,19.348169859],[101.211625538000021,19.348190163000083],[101.211874952000073,19.348141490000046],[101.212645425000119,19.348167224000065],[101.213353036000171,19.348158625000167],[101.214175357000045,19.347925068000109],[101.215053358000148,19.347410845000127],[101.216224934000081,19.346836591],[101.217271910000022,19.346284202000049],[101.218018461000099,19.345769318000066],[101.218761048000147,19.344960948000164],[101.218977136000092,19.34453830800004],[101.219145346000175,19.344208464000076],[101.219233581000083,19.344126828000071],[101.219401129000062,19.343988714000034],[101.219596073000048,19.343949231000011],[101.219830778000187,19.34395874],[101.220053955000083,19.34407971700017],[101.220318567000163,19.344373374000043],[101.220563661000199,19.344712812000068],[101.220714186000123,19.345190049000053],[101.220939418000114,19.345440199000109],[101.221427573000085,19.345477120000055],[101.22209179400005,19.345426142000122],[101.223590536000074,19.344818485000189],[101.223987197000099,19.344687189000183],[101.22443081900002,19.344681772000172],[101.22497925100015,19.344831046000081],[101.225411930000121,19.345177114000137],[101.225992460000043,19.345701926],[101.226297115000079,19.346013387000141],[101.22640107400008,19.346172832000093],[101.22689836100011,19.346882532000166],[101.227079541000194,19.347173878000149],[101.227524839000068,19.347337759000084],[101.227555087000098,19.347339696000176],[101.227763985000138,19.347560502000135],[101.227949092000074,19.34775615500007],[101.228145549000089,19.347827972000061],[101.228341166,19.347837947000073],[101.228483826000115,19.347786725000105],[101.22859908300012,19.347636874000045],[101.228659862000086,19.347314510000047],[101.228719402000081,19.347011685000098],[101.228979609000191,19.346730622000052],[101.229807852000079,19.345711188000053],[101.229983566000044,19.345262275000152],[101.230274196000096,19.345035685000028],[101.2304502020001,19.344801593000057],[101.230610130000173,19.344583157000102],[101.230720570000074,19.34431894700009],[101.230828487000053,19.343869210000094],[101.230888588000141,19.343497378000052],[101.230999027000109,19.343233163000093],[101.231175030000202,19.342999071000122],[101.231381721000162,19.342625438000027],[101.231523467000159,19.342268068000124],[101.23164766300016,19.341818137000075],[101.231721532000108,19.341260583000178],[101.231779953000057,19.340765068999985],[101.232038539000143,19.339416667000023],[101.232227570000077,19.338719508000111],[101.232411432000163,19.338358881000033],[101.2326691680002,19.337766346000137],[101.232883535000099,19.337217312000178],[101.232879367000066,19.336910837000119],[101.233009616000118,19.336559676000149],[101.233147359000043,19.335908568000093],[101.233220380000148,19.335289177000107],[101.233248747000118,19.334979580000152],[101.233323729000062,19.334841872000084],[101.23377913600018,19.334638991000134],[101.234132897000052,19.33459174300009],[101.234617071000173,19.33433516000008],[101.235187437000093,19.333905943000048],[101.235295812000118,19.333779259000039],[101.235414260000141,19.333716032000041],[101.23564015900007,19.33355863800017],[101.235832011000127,19.333293422000054],[101.236048877000144,19.332898964000094],[101.236714022,19.332121442000073],[101.238553205000073,19.330457326000044],[101.239733972000124,19.329307035],[101.240694664000046,19.328243024000187],[101.241127843000072,19.327521918],[101.24155646000014,19.326466659000175],[101.241899892000106,19.325663127000155],[101.241894130000162,19.325240942000107],[101.241801563000081,19.324948524999968],[101.241577543000176,19.324741296000184],[101.241442015000132,19.324573637000071],[101.241427865000048,19.324572036000177],[101.241394920000062,19.324365136000097],[101.241195283000138,19.324058341000068],[101.240866001000086,19.323799529000155],[101.240456343000119,19.323619016],[101.239868607000176,19.323518004],[101.239167932000043,19.323495687000047],[101.238565596000115,19.323518547000162],[101.237523987000145,19.323577723000085],[101.237083451000103,19.323521279000033],[101.236657091000041,19.323310032000052],[101.236179776000029,19.322944792000044],[101.23566779000015,19.322425348000024],[101.235105689000079,19.321813745000156],[101.2346262800001,19.321293898000022],[101.234369414000184,19.321081580000055],[101.234121849000019,19.320750381000096],[101.233718958000168,19.320418886000084],[101.233359444000087,19.32008681700006],[101.232286774000158,19.319386436000116],[101.23147517700005,19.318384771000126],[101.231242630000111,19.317547646000037],[101.231096308000076,19.316580752000164],[101.231040895000035,19.315782117000083],[101.23094144300012,19.314983984000037],[101.230621441000153,19.31423149200009],[101.229942530000187,19.313187540000058],[101.229309335000096,19.312269515000025],[101.228993907000131,19.311853368000129],[101.228142420000097,19.311147986000037],[101.2277795130002,19.310563089000084],[101.227592109000113,19.309808934000102],[101.227484165000078,19.308378687000186],[101.227469363000125,19.307285990000082],[101.227450556000065,19.30589753400011],[101.227615175000096,19.304969756000105],[101.227698038000085,19.304548742000065],[101.228002074000017,19.304082139000116],[101.228216976000056,19.303573718000052],[101.228338146000112,19.30273000700015],[101.228581634000193,19.301087737000159],[101.228772721000098,19.300137376000123],[101.228947987000026,19.299637039],[101.229084406000084,19.299128198000119],[101.229205783000054,19.2984711040001],[101.229314139000167,19.297814174000109],[101.229429385000117,19.297431602000074],[101.22967838600016,19.296991849],[101.230593283000132,19.295844881000164],[101.231072171000108,19.295209077000095],[101.231515591000061,19.29442013900001],[101.231739431000108,19.294123009000145],[101.232020129000034,19.293686627999989],[101.232274268000197,19.293213458000139],[101.232330395000133,19.292995372000178],[101.232673938000062,19.292412120000051],[101.233197348000033,19.291816389000076],[101.233632782000143,19.291264639000076],[101.234379625000031,19.29079257799998],[101.23481790600016,19.290407865000077],[101.235340740000083,19.289771515000155],[101.235554470000181,19.289179570000101],[101.235900165000089,19.288545342000077],[101.236509830000159,19.287779179000154],[101.237034374000075,19.287226300000157],[101.237382957000193,19.286802064000028],[101.238569130000201,19.286071741000114],[101.238964538000062,19.285814002],[101.239313074000108,19.285389715000179],[101.239703324000061,19.284752690000118],[101.239919299000121,19.284330073000092],[101.239913416000036,19.283897563000153],[101.240113995000058,19.283419371000036],[101.240420764000135,19.282806117000121],[101.240814655000122,19.282131554000159],[101.240879279000126,19.281970931999979],[101.240943287000107,19.281702443000086],[101.240953704000162,19.281378610000047],[101.240889258000152,19.280999394000105],[101.240691440000148,19.280621814000085],[101.239949800000034,19.279490896000141],[101.239675495000199,19.279081105000103],[101.239757529000201,19.278989640000077],[101.240063761000158,19.278690069000049],[101.240455703000066,19.278181729000096],[101.240625948000059,19.277673841000023],[101.240655098000161,19.27653773600008],[101.240556237000021,19.275782510999989],[101.240725378000093,19.27519110500009],[101.241190922000044,19.273627383000019],[101.241568001000076,19.272024097999974],[101.242077652000091,19.270378519000189],[101.242466098000079,19.269657968000161],[101.242988882000134,19.268978648000086],[101.24337846800006,19.268341659000043],[101.243500717000131,19.267540811],[101.243313323000109,19.266786675000162],[101.243079605000105,19.265906691000168],[101.243025891000116,19.265191535000156],[101.243106444000091,19.264601214999971],[101.243319505000045,19.264009273000056],[101.243623436000064,19.263542658000063],[101.244364996000172,19.262693585000079],[101.245018536000032,19.261886203000074],[101.245320731999982,19.261293160000093],[101.245533815000158,19.260701216000143],[101.246220423000125,19.259051199000169],[101.246431810000104,19.258292202000121],[101.246496065000144,19.258047139000041],[101.246808816,19.257507135000083],[101.247128269000086,19.257024687000182],[101.24759646200016,19.256582630000082],[101.247815645000117,19.256354746000056],[101.247945544000117,19.256099811000183],[101.247957486000189,19.255888552000044],[101.247879565000062,19.255608024000082],[101.247638374000076,19.255123629000082],[101.247757588000184,19.254066211000179],[101.247952979000104,19.25338339100017],[101.248073095000109,19.252410793000138],[101.248133557000131,19.251410777],[101.248229601000048,19.250846625000065],[101.248386251000056,19.250380248999988],[101.248531348000085,19.25015328000012],[101.248877922000133,19.249487527000042],[101.248975302000019,19.249021879000054],[101.2490413270001,19.248429948000023],[101.24901960800014,19.247923541000148],[101.248846274000186,19.247165664000022],[101.248718537,19.246491671000115],[101.248728369000105,19.246125621000033],[101.248788738000087,19.245901116000027],[101.248891578000041,19.24575041300011],[101.249283215000048,19.245223930000122],[101.249762073000056,19.244775855000114],[101.249980856000093,19.244519827000033],[101.2500955430001,19.24423693000017],[101.250179255000091,19.243855898999982],[101.250247195000043,19.243404685000144],[101.250344381000104,19.242924968000182],[101.250587802000041,19.242302706000032],[101.250920304000033,19.24169342100015],[101.251168141000051,19.241394814000046],[101.251564891000157,19.241150671000185],[101.252579860000196,19.240603355000189],[101.253329874000087,19.240185966000013],[101.253564423000057,19.240000112000075],[101.253827257000125,19.239715390000185],[101.254072774000122,19.239247916000011],[101.25442969900007,19.238258324000071],[101.254613263000124,19.237594576],[101.254858583000043,19.237113028000124],[101.25514911800019,19.23668722300016],[101.255293041000073,19.236375816000077],[101.255346149000047,19.235924788000034],[101.255378293000035,19.235023642000101],[101.255404270000156,19.234755908000182],[101.255461221000132,19.23458631799997],[101.255592248000085,19.23441581100019],[101.255798119000133,19.234300681000036],[101.256107881000162,19.234198342000013],[101.256476329000122,19.234053060000065],[101.25697579600012,19.233737268000084],[101.257607445000076,19.23333539600003],[101.257960490000073,19.233148077000067],[101.258209456000088,19.232933893000109],[101.258427248000146,19.232607501000132],[101.258629650000046,19.232239071000038],[101.258686049000175,19.232160384000167],[101.259269350000181,19.231591413000046],[101.259291458000064,19.23155111],[101.259477147000041,19.23137008600014],[101.259693394000124,19.230931120000037],[101.259791705000168,19.23053582600005],[101.259755915000198,19.230085895],[101.259706657000038,19.2297346470001],[101.25953830800006,19.229342649000159],[101.259489943000062,19.229253672000027],[101.259438235000061,19.229078449000156],[101.258534184000098,19.227416442000049],[101.25749275600009,19.225783592000141],[101.257366597000043,19.225470885999982],[101.257123611,19.225037581000151],[101.256835805000037,19.224576679],[101.256279999000014,19.224020564000114],[101.255905117000111,19.223609149000083],[101.255216972000085,19.22262975700005],[101.254462226000157,19.2213394260001],[101.254328116000067,19.221046794000074],[101.254262527000094,19.220583150999971],[101.254241185000069,19.220104887000048],[101.254285849000041,19.219034696000051],[101.254298110000093,19.218720066000117],[101.254347410000094,19.218521890000034],[101.254311977999976,19.218364249000047],[101.254329750000068,19.21790821400009],[101.254244934000155,19.217121103000068],[101.25411664100011,19.21640489400005],[101.253939057000139,19.215447022000035],[101.253883969000185,19.214343539000083],[101.253760893000162,19.213219129000151],[101.253798929000084,19.213097130999984],[101.253914212000154,19.21285926500002],[101.254148758000156,19.212676226999974],[101.25437130600011,19.212482079000097],[101.254570458000046,19.212310739000145],[101.254698658,19.212151526000184],[101.25473175400009,19.211970972000188],[101.254717295000034,19.211779740000168],[101.254632346000051,19.211634409000112],[101.254500921999977,19.211557214000038],[101.254275765000102,19.211559985000179],[101.25402721800009,19.21158556000006],[101.253826071000049,19.211610556000039],[101.253647246000071,19.211533938000059],[101.253646134000178,19.211532909000084],[101.253641306000134,19.2114517710001],[101.253561308000087,19.210551821000081],[101.253212131000055,19.209783878000053],[101.252388863000135,19.209021763000123],[101.251706824999985,19.208245032999969],[101.251164875000086,19.207429280999975],[101.250869918000149,19.206915657000138],[101.250519040000029,19.206019026000092],[101.250510398000074,19.205383931000028],[101.250863263000042,19.203792126000053],[101.251345233000109,19.202195809000045],[101.251729641000111,19.201051069000187],[101.251944922000064,19.200541748000092],[101.252275820000079,19.199819893000097],[101.252445707000049,19.199240761000169],[101.252496332000078,19.198606798000185],[101.252481339000155,19.198260429000072],[101.252635724000015,19.197304209000151],[101.252554870000097,19.196338780000133],[101.252422419000084,19.195749327000101],[101.252479212000082,19.19517288100019],[101.252586404000056,19.194341182000016],[101.252600817000086,19.19389255700014],[101.252715122000041,19.193184644000098],[101.252707224000119,19.192604440000025],[101.252495321000083,19.191963515000054],[101.252284242000087,19.191385798000113],[101.252002847000142,19.190617024000119],[101.251380270000084,19.189660495000112],[101.250346058000105,19.188320648000172],[101.249444111,19.186787245000062],[101.248615746000155,19.18563904399997],[101.247725824000042,19.184943193000038],[101.247177083000054,19.184435088000043],[101.246753223000155,19.183410629999969],[101.246449112000107,19.182825638000054],[101.246413766000046,19.182678917000089],[101.246197067000139,19.181991926000023],[101.245936135000193,19.181319552000161],[101.245750396,19.180730703000052],[101.245618180000122,19.179718968000088],[101.245656337000128,19.179152264999971],[101.245757376000086,19.179064858000118],[101.246227722000071,19.178833322000173],[101.246625335000033,19.178713285000072],[101.246959561000153,19.178386302000092],[101.247358874000042,19.177866580999989],[101.247555023000018,19.177349357000026],[101.247614911000198,19.176770565000083],[101.248004603000084,19.175541956000131],[101.248596552000151,19.174247635000086],[101.249931350999987,19.172750028000053],[101.250118718000124,19.17258760600015],[101.250655183000049,19.172344998000142],[101.251673537000102,19.171875716000045],[101.252142845000037,19.171532174],[101.252278301000047,19.171358633000125],[101.252417504000107,19.171303726000133],[101.253019933000132,19.170781538000085],[101.253212558000143,19.170006901000022],[101.253068390000124,19.169365177000032],[101.252858274000175,19.168852896000033],[101.252509196000062,19.1680849440001],[101.252432764000105,19.167442351000091],[101.252616641000145,19.166024327],[101.25280580500015,19.164992357000074],[101.253121594999982,19.163315293000039],[101.253162948000124,19.162700058000041],[101.253249183000094,19.162482882000177],[101.25336561000006,19.162108390000128],[101.253639646000124,19.161570273000109],[101.253900609000141,19.160794837000026],[101.253895361000104,19.160408783999969],[101.254082727000139,19.159248124000044],[101.254236960000185,19.158667812000033],[101.254407404000062,19.15834488500019],[101.25459570300012,19.158032937000144],[101.254680777000033,19.157779530000028],[101.254871584000114,19.157499777999988],[101.254862841000033,19.15685635900013],[101.254721313,19.156408750000139],[101.25453787400005,19.155961502000082],[101.254522198000188,19.155894541000123],[101.254477018000159,19.155609143000163],[101.254434742000058,19.155253909000066],[101.25442545400017,19.154570273000161],[101.254499244000044,19.154205906000129],[101.254686004000064,19.153781385000116],[101.255091814000025,19.153128983000101],[101.255745525000066,19.15219205000011],[101.256461328,19.151465467000151],[101.256942691000177,19.150924727000188],[101.257017242000188,19.150813815000049],[101.257415860000151,19.150389687000143],[101.257942321000087,19.14922486800009],[101.257934424000041,19.148644654000066],[101.257837823000159,19.14652331800005],[101.257782443000167,19.144461889000127],[101.257799402000046,19.144228903],[101.257815108000102,19.142117561000134],[101.257799220000038,19.140949589000115],[101.257823664000114,19.140569280000022],[101.257909560000144,19.140324423999971],[101.258022680000067,19.140131014000133],[101.258124176000138,19.139995840000154],[101.258490622000068,19.139757101000043],[101.25868930900009,19.139431725000122],[101.258614630000181,19.138917855000045],[101.2583385800001,19.138535092999973],[101.257927132000134,19.13815403000018],[101.257512493000036,19.137581075000128],[101.256607009000106,19.1357248220001],[101.256123507000041,19.135021744000028],[101.255300643000169,19.134259600000178],[101.254747723000094,19.133430925000084],[101.254327562000071,19.132406427000035],[101.254301411000085,19.132011645999967],[101.25431491500018,19.131914409000046],[101.254425531000095,19.131336005000151],[101.254640355000106,19.130798544000186],[101.254971135000119,19.130076694000138],[101.255273205000037,19.129425131000119],[101.255697606000069,19.128591655999969],[101.256025615000112,19.127815389000148],[101.256219058000056,19.127104002000181],[101.256444922000071,19.125253346000022],[101.256573805000187,19.124877672000025],[101.256748403000074,19.124650338000038],[101.257042783000088,19.124520056000108],[101.257397336,19.124459407000131],[101.258152389000031,19.124450137000053],[101.258818231000078,19.124413812000171],[101.259305645000097,19.124323379000089],[101.25990977400005,19.124104837000118],[101.260451044000092,19.123619660000031],[101.260871960000088,19.122995216000049],[101.261145972,19.122457022000106],[101.261291533000076,19.122272266000095],[101.261541296000075,19.122128454000062],[101.26188026900013,19.122011692],[101.262366333000045,19.121822744000042],[101.263056979000169,19.121434244],[101.263569964000055,19.121047924000038],[101.26419678000002,19.120322418000057],[101.264835713000082,19.119399724000061],[101.265269107000051,19.118606225000065],[101.265628470000195,19.117813641000055],[101.265787672000044,19.117544265000106],[101.266036278000172,19.117316018000167],[101.266507516000104,19.117127247000099],[101.267481905000182,19.116918197000189],[101.268027354000083,19.116742580000164],[101.268556272000126,19.11644050000001],[101.268951370000138,19.116097845000183],[101.269108060000121,19.115908472000058],[101.269777604000126,19.115374873000064],[101.270123398000123,19.115182633000131],[101.270490995999978,19.114995132000161],[101.271034325000073,19.114664720000178],[101.271650893000128,19.114277102000074],[101.272121158000061,19.114017957000044],[101.272460298000055,19.113915248000183],[101.273007275000111,19.113852195],[101.273732082000095,19.113801015000035],[101.274338267000076,19.113737226000183],[101.275075765000167,19.113531072000171],[101.275870737000048,19.113197530000093],[101.277032330000168,19.112606117000098],[101.278313118000085,19.112069517000123],[101.279757889000166,19.111615321000045],[101.281379523000055,19.111102626000161],[101.282940097,19.11066526500008],[101.283889536000174,19.11048015200015],[101.285303863000195,19.10994773800013],[101.286103721000131,19.109036907000188],[101.286364718000129,19.108324621000065],[101.286356772000033,19.107746683000016],[101.286482402000104,19.10703615500006],[101.286748418000059,19.106646696000041],[101.2873505230001,19.106124401000102],[101.288217148000115,19.105149470000185],[101.289222671000061,19.104427964000138],[101.28925948,19.104414992000159],[101.289297336000118,19.104403520000062],[101.289829852000139,19.10436874800007],[101.290466565000145,19.104374902000188],[101.291429914,19.104447355000048],[101.292348266000147,19.104478143000108],[101.292910192000079,19.104428920000032],[101.293411743000092,19.104296004000048],[101.293969587000106,19.103951274000167],[101.294335193000165,19.103623015999972],[101.294641195000054,19.103267347000155],[101.294957984000064,19.102802539000038],[101.295022487000153,19.102745818000074],[101.296283582000171,19.100928233000047],[101.29680818300011,19.099700136000138],[101.297660509000139,19.097693454000023],[101.29812358800018,19.096915452000133],[101.298118256000066,19.096529412000166],[101.297842208000134,19.096146746000102],[101.297090634000142,19.095641304000026],[101.296884060000082,19.095386474000065],[101.296674769999981,19.094937492000042],[101.296871627000201,19.094485697000039],[101.29688000800013,19.094476480000083],[101.297487310000065,19.093872589000114],[101.297630476000052,19.093766493999965],[101.299084287000142,19.092913644000134],[101.30224117400013,19.091135583000153],[101.30438698200004,19.089629781000099],[101.305651487000148,19.088069512000061],[101.306791245000113,19.087280773000089],[101.307329084000116,19.087016625000047],[101.308137379000129,19.086685870000167],[101.309343923000142,19.085833052999988],[101.311618686000145,19.083873973000095],[101.313078834000123,19.082412038000029],[101.313376014000028,19.082154134000177],[101.314063432000069,19.081554394000136],[101.31458621600018,19.081165232000046],[101.315131112000131,19.08065160000001],[101.315534041000149,19.080331279000063],[101.315881631000138,19.080119744000058],[101.316192464000039,19.079989731000069],[101.316570224000031,19.079903917000081],[101.316901629000142,19.079890746000103],[101.317262073000165,19.079922240000087],[101.31757578700018,19.079999359000169],[101.31799506800013,19.080174232000161],[101.318834422000123,19.080664983000133],[101.319519943999978,19.0809941280001],[101.320352103,19.081222905000118],[101.321049094000045,19.081312643999979],[101.322025923000126,19.081300335000151],[101.323488417000192,19.081084865999969],[101.324580109000067,19.080817765000177],[101.325286994000066,19.080555514000082],[101.325623076000113,19.080241647000094],[101.325841347000164,19.079971490000048],[101.326012659000128,19.07951896100019],[101.32606636100013,19.079124216000139],[101.326017832000105,19.078829279000161],[101.325964929000065,19.07866935900006],[101.325963197000135,19.078545316000032],[101.325822506000122,19.078160986000171],[101.325604185000088,19.077068642000029],[101.325449997000135,19.07572034500015],[101.325443483000129,19.075253686000167],[101.325463353000146,19.075162997],[101.325664267000093,19.074710095],[101.32624093600009,19.073605057000066],[101.326544261000038,19.073066419000099],[101.326805546000116,19.072697201000096],[101.327068992000022,19.072482768000043],[101.327333617000193,19.072352761000047],[101.327791422000132,19.072276609000141],[101.328443586000105,19.072338742],[101.329124759000081,19.072358283000142],[101.329761532000077,19.072378383],[101.330648523000036,19.072296798000082],[101.331489143000113,19.072075060000031],[101.332017988000075,19.07178689300008],[101.332412450000049,19.071415983000122],[101.332557291,19.071188967000182],[101.33264136300005,19.070850136000104],[101.332621046000042,19.070456323000144],[101.332398103000173,19.069333240000049],[101.332286630000112,19.068771696000113],[101.332321701000069,19.068527771999982],[101.332401900000036,19.068335356999967],[101.33258912000008,19.068175358000133],[101.332859852000126,19.068059344000119],[101.33320240400019,19.067998714000112],[101.333676132000164,19.06800397600017],[101.334198794000201,19.068121206000114],[101.335818563000032,19.068787494000162],[101.337058538000065,19.06939102500013],[101.337548533000188,19.069711325000128],[101.338039947000141,19.070132936000107],[101.338422759000196,19.070409556000072],[101.338732006000157,19.070506963000071],[101.339063349000128,19.070491497000035],[101.33940542900018,19.07039708700006],[101.339839064000046,19.07007632900013],[101.339888989000201,19.070015734000037],[101.339923193000175,19.070000755000081],[101.341194981000058,19.068954999000084],[101.342057509000199,19.067722507999974],[101.342636637000169,19.065590457000042],[101.343219439000052,19.063718017000042],[101.344007866000197,19.06203262300005],[101.344353584000032,19.061627260000137],[101.344561837000128,19.061517190000075],[101.34548978700019,19.061195767000072],[101.346165364,19.060821256000054],[101.346586343000126,19.060566333000054],[101.346761890000153,19.060518670000079],[101.346861134000051,19.060399938000046],[101.346972535000077,19.060332476000156],[101.347409752000146,19.059848402000057],[101.347670970000081,19.059479166000074],[101.347858592000136,19.059139008000159],[101.347954174000051,19.058662231000028],[101.348215137000068,19.057989381000141],[101.34834050700016,19.057281060999969],[101.348463151000146,19.056378591000112],[101.348604631000114,19.05584487200008],[101.348754544000201,19.055496578000032],[101.349117749000129,19.0550134450001],[101.34948075900013,19.054516241000044],[101.349606863000133,19.054234718000089],[101.349650795000173,19.05417330400013],[101.349979167000185,19.053462397000033],[101.350308380000172,19.0528147],[101.350302786000043,19.052417656000046],[101.350323887000116,19.052380371000027],[101.35054366900016,19.052222760000063],[101.350852829000189,19.052106233000075],[101.351856486000145,19.051910482000153],[101.352551172000119,19.051845330999981],[101.353350831000114,19.051877350000098],[101.354164891000096,19.051881039000136],[101.354784797000093,19.051760535000085],[101.355358722000062,19.051528033000068],[101.355845846000193,19.051437368000109],[101.356392554000138,19.051374092000174],[101.357043641000075,19.051365774000033],[101.357813303000171,19.051370015000089],[101.358064857000045,19.051366800000096],[101.358211839000148,19.051294551000069],[101.358239842000046,19.051181606000057],[101.358222656000066,19.051012940000135],[101.358147077000069,19.050901318000172],[101.357727382000121,19.050526692000062],[101.357382672000199,19.050221477000093],[101.3571034470001,19.049953058000028],[101.35710172500012,19.049831145000155],[101.356826566000166,19.04951403900003],[101.356484653000052,19.049261006000165],[101.356074144000104,19.048943365000071],[101.355464307000148,19.048887890000174],[101.354651488000172,19.048832790000063],[101.354376327000011,19.048515716000111],[101.354304131999982,19.048193758000139],[101.354365432000122,19.047743618000027],[101.354405948000078,19.047671882000088],[101.35444506500005,19.047613138000031],[101.354868423000084,19.047199598000134],[101.355116198000076,19.046929037000041],[101.355274795000128,19.046631463000097],[101.355279439000128,19.046605185000033],[101.35536305200003,19.046507137000106],[101.355356679000124,19.046055607000028],[101.355353046000118,19.045798249000086],[101.355213213000184,19.045479412000077],[101.354798187000142,19.044841207000104],[101.354385882000201,19.044394884000042],[101.353636192000181,19.044018355000048],[101.353089497000155,19.043639221000149],[101.352743352000175,19.043128828000079],[101.352737024000191,19.04267958600002],[101.352728846000048,19.042099409000116],[101.352239876999988,19.04101281700008],[101.351760832000082,19.04063281599997],[101.351146517000132,19.040254540000149],[101.35100304000008,19.039676086000043],[101.350998526000069,19.039355521000061],[101.350922677000085,19.038776210000037],[101.350711563,19.038198613000077],[101.350361518000113,19.037367645000074],[101.34974267500013,19.036666541000159],[101.349196010000128,19.036287396000148],[101.348852297,19.035905662000175],[101.348641227000144,19.035330327999986],[101.348633987000085,19.034815612000045],[101.348663522000152,19.034490811000069],[101.34867983100014,19.03441507600013],[101.348735649000162,19.034175114000163],[101.348762074000092,19.033949596000184],[101.348743916000046,19.033710575000043],[101.348733141000139,19.033672346000117],[101.348750268,19.033461645000045],[101.348602304000053,19.032562617000053],[101.348456432000035,19.031857747],[101.34790072300018,19.030832945000157],[101.347490343000118,19.030517543000144],[101.346601822000082,19.029885327000045],[101.346258158000069,19.029503591000093],[101.346184146000155,19.029052953000132],[101.34617691699998,19.028538237000134],[101.34623916400011,19.028151343000104],[101.346161575000167,19.027445601000181],[101.345814266000104,19.026806508000163],[101.345664554000166,19.025778800000182],[101.345180147000121,19.025012740000022],[101.343951937000099,19.024319345000151],[101.343205975000046,19.024200113000063],[101.342659371000082,19.023820938000028],[101.342313888000035,19.023310514000059],[101.341764572000045,19.022737193000125],[101.340939325000079,19.021783521000089],[101.340660606000199,19.021206762000077],[101.340517172000034,19.02063051600004],[101.340091504000156,19.019220190000055],[101.339962803000105,19.018869422000137],[101.339978373000122,19.018579925999973],[101.34006103300004,19.018142590000025],[101.34014458300004,19.017820468000025],[101.340337761000058,19.017478466000171],[101.340333273,19.017157939000185],[101.340327868000202,19.016771898000115],[101.34029541200016,19.014453381000067],[101.340354026000057,19.013809130000141],[101.340140265000059,19.013039623000168],[101.339863404000141,19.012593806000098],[101.339721208000071,19.01214402200003],[101.339711320000163,19.011437416000035],[101.33976818300016,19.010664481999981],[101.339760981000097,19.010149770000055],[101.339481401000057,19.009509801000149],[101.33899888000019,19.008872390000079],[101.338520889000165,19.008555554000111],[101.33817005700007,19.007659084000011],[101.337414307000074,19.006830946000093],[101.337004858000057,19.006578724000178],[101.336660347000077,19.006133742000145],[101.336656752000181,19.005876388000161],[101.336650449000103,19.005424881000181],[101.336506177000103,19.004783195000186],[101.336159918000135,19.00420954000009],[101.335342217000061,19.00383376100018],[101.334188741,19.003590928000051],[101.332021515000122,19.003424086000109],[101.32999078000006,19.003386467000098],[101.329043846000047,19.003398394000101],[101.328159989000142,19.003086645000167],[101.32767932500019,19.002577886999973],[101.326929302000053,19.002201219000085],[101.325912036000091,19.002022090000082],[101.324899193000192,19.002163531000178],[101.323076481000044,19.002443843000094],[101.321318104999989,19.002529155000047],[101.320369343000038,19.002412361000154],[101.319959888000142,19.002160089000029],[101.318940842000075,19.001852242999973],[101.318060905000152,19.001863276999984],[101.317115716000046,19.00200382800017],[101.315630261000138,19.002214360000039],[101.314952963000053,19.002159619],[101.314066786000183,19.00171912400009],[101.31345538000005,19.001534844000105],[101.31291511500018,19.001604826],[101.312445207000053,19.001868111000078],[101.311774090000199,19.002262615000177],[101.310896547000141,19.002402289000031],[101.310355408000078,19.002409052000132],[101.309741609000184,19.00209609000018],[101.309496709000143,19.001868796],[101.309013373000141,19.000799860000029],[101.30870837700013,19.000142183999969],[101.308331746000135,18.999654292000116],[101.307941491000065,18.999251013000048],[101.307267450000154,18.998654240000121],[101.306758657000103,18.998238365000134],[101.306533074000185,18.997973771999966],[101.30636627500013,18.997680293000144],[101.306272863000061,18.997343679000153],[101.306223051000188,18.996950226000024],[101.306240419000176,18.996063336000191],[101.306268899000088,18.994908905000159],[101.306310812000049,18.993655782000133],[101.306289812000102,18.993205673999967],[101.306222304000187,18.99260132500018],[101.306170562000034,18.992067156000132],[101.306223527000043,18.991616121],[101.306261117000133,18.991123057000095],[101.306211508000047,18.990743677000125],[101.306147104000047,18.990364477000185],[101.30590169900006,18.989734198000178],[101.305564249000042,18.988865806000092],[101.305320787000142,18.988376249000169],[101.30500550000005,18.988042398000175],[101.304691952000042,18.987835188000076],[101.304201287000069,18.987658336000038],[101.303534086000184,18.987554053000167],[101.302870732000201,18.987520665000091],[101.301633570000149,18.987186123000129],[101.299584873000185,18.986303893000127],[101.299289421000083,18.986163384000122],[101.298924305000071,18.985852115000057],[101.298055346000183,18.98506068],[101.297442691000015,18.984617910000168],[101.296204911000132,18.983901416000037],[101.294607120000194,18.982823448000033],[101.293711889000065,18.982271575000084],[101.293293774000063,18.981984058000023],[101.292513978000159,18.98088989200005],[101.292492360000153,18.980724442000053],[101.292545363000045,18.980273411000155],[101.292594514000086,18.979540942000028],[101.292545713000038,18.979217836000089],[101.29249748400008,18.978936948000126],[101.292345718000092,18.978657347000023],[101.29209040500001,18.978379023000059],[101.291667386000142,18.977736845000038],[101.291588435000051,18.977550901000143],[101.292018292000193,18.975710689000095],[101.293262350000077,18.974306603000116],[101.293983019000109,18.972425800000167],[101.293917918000147,18.972256666000021],[101.293936783000049,18.971684953000079],[101.29384168200005,18.971221680000042],[101.293703555000093,18.970857456999966],[101.293477648000135,18.970564698000032],[101.293191962000151,18.970287279000047],[101.292741862000184,18.968835156000068],[101.292638319000048,18.966467794000152],[101.293720298000153,18.96467283100003],[101.29480265300009,18.962819183000136],[101.295469611000044,18.960568724000041],[101.295758256,18.958553245000132],[101.29642512700002,18.955650231000106],[101.296249061000026,18.953971366000189],[101.294841502,18.952995258999977],[101.293775615000186,18.951841073000082],[101.294194612000126,18.949942558000089],[101.294749337000098,18.948785124000096],[101.295340269000178,18.948076772000093],[101.295797672999981,18.947374525000157],[101.296240653000041,18.946540345000074],[101.296507931000122,18.945780403000072],[101.296635081000034,18.944926109999983],[101.296656841000015,18.943748857],[101.296584051000025,18.943041169000082],[101.296412275000023,18.942478821000122],[101.295997610000086,18.94169129200003],[101.295896257000152,18.94149146],[101.29581024100014,18.941062165000119],[101.295755665000058,18.940975190000131],[101.295747334000168,18.940925752000112],[101.295666362000077,18.940542431000097],[101.295366433000197,18.93983754900006],[101.294949810000105,18.938905922000174],[101.294457646000069,18.93798724200019],[101.294033995000063,18.937464040000066],[101.293559710000181,18.936929450000036],[101.292271740000047,18.935960549000072],[101.291507062000164,18.935417539000071],[101.290744519000043,18.93503062700006],[101.289705181000045,18.934707177000121],[101.289047684000082,18.934619216000044],[101.288327590000165,18.93456804900012],[101.287747282000112,18.934587221000129],[101.287432459000115,18.934639146000052],[101.287030781000112,18.934800226999982],[101.286667284000146,18.934984862000078],[101.286267234000036,18.935266030000093],[101.285591366000119,18.935682704000101],[101.285164281,18.935832087000108],[101.284660010000152,18.935874334000118],[101.283435632000078,18.935865393000029],[101.282601956000178,18.935815607000166],[101.282070486000123,18.935714057000098],[101.281550332000052,18.935516283000084],[101.280761589000065,18.935057587000131],[101.280188679999981,18.934692317000099],[101.279741471000023,18.934289471],[101.279548273000046,18.934003600999972],[101.279469135000056,18.933752362000064],[101.279387558000167,18.933320994999974],[101.279397146000065,18.93216790200006],[101.279367024000067,18.931807970000136],[101.27927461400003,18.931508848000078],[101.279044544000044,18.931295492000174],[101.278689262000114,18.931155737000097],[101.278196156000149,18.931089732000032],[101.277564564000158,18.931049446000088],[101.276579325000057,18.930989479000175],[101.27599739600015,18.930888529000185],[101.274423888000172,18.930259280000087],[101.274256169000068,18.930122066000081],[101.274165849000042,18.92884428300016],[101.274499374000186,18.92705859900019],[101.275046921000126,18.924737411000137],[101.275952771000107,18.922641008000141],[101.275769183000193,18.920031855],[101.275438439000141,18.919306483000014],[101.275404603000197,18.918801525000163],[101.27525865400014,18.918274864000011],[101.275090233000128,18.917952654000032],[101.27478236800016,18.917584111000167],[101.274437139000099,18.91725205400013],[101.274281504000101,18.91694169900012],[101.273881258000188,18.9162740270001],[101.273586339000019,18.915929343000016],[101.27322996200013,18.91570551600006],[101.272825221000119,18.915638410000042],[101.272444584000141,18.915486937000026],[101.27187208100014,18.915145648000134],[101.270902924000154,18.914400864000129],[101.269461739000178,18.913277515000175],[101.269219903000078,18.913124337000113],[101.268915462,18.913007953999966],[101.268523348000087,18.912940687],[101.268320659000096,18.912883109000063],[101.268116669999984,18.912729472000024],[101.267885831000171,18.912456054000131],[101.267617789000042,18.912231135000127],[101.267173264000121,18.912020380000172],[101.266387746000134,18.911789762000069],[101.266032029000087,18.911613953000028],[101.265687962000129,18.911365934],[101.265150429000187,18.910808011000142],[101.264525064,18.910287186000119],[101.26425864800018,18.910182343000031],[101.263980096000068,18.910113677000027],[101.263614033000067,18.910106132000067],[101.263536767000062,18.910107074000109],[101.261243426000078,18.909526554000081],[101.260999951000144,18.909417895000047],[101.260685388000127,18.909096919000149],[101.260353948000045,18.908848735],[101.25983308900004,18.908590848000074],[101.259400878000065,18.908355901000107],[101.258903805000045,18.907989629000156],[101.258494736000046,18.907598263000125],[101.258150848000184,18.907362239000122],[101.257476981000138,18.906986104000168],[101.25696907300005,18.906752071000085],[101.25661450299998,18.906660296000041],[101.256071325000164,18.906618858000172],[101.255604168000161,18.906600513000171],[101.255149631000108,18.906582012000115],[101.254693801000087,18.906467442000064],[101.254439854000111,18.906350424000152],[101.254083516000094,18.906126551],[101.25382715100011,18.905829404000031],[101.253271585000164,18.90486330400006],[101.252894917000106,18.904063180000094],[101.252633413000126,18.903381759000126],[101.252295731000061,18.902665232000061],[101.251857593000068,18.901985951000086],[101.251535747000048,18.90150944200019],[101.250982945000146,18.900747477000095],[101.250499119000096,18.900071239000113],[101.249719937000123,18.898530930000106],[101.249204932000055,18.897008446000086],[101.248984511000174,18.895971123000152],[101.248865720000197,18.895412073999978],[101.248601581000116,18.893775452000114],[101.248460680000107,18.893303145],[101.248308716000111,18.893010329000163],[101.24809032100012,18.892782369000088],[101.24769681000015,18.892543719000059],[101.247622215000092,18.89248440800003],[101.247106854000151,18.891373111],[101.246888428000034,18.89046528200015],[101.246714294000185,18.889519366000059],[101.246429945000045,18.888382611000054],[101.246285291000163,18.887628502999974],[101.24622565500016,18.887193647000061],[101.246245736000162,18.886680954000042],[101.246254410000176,18.886322141000107],[101.246303965000095,18.886001263000026],[101.246421484000109,18.885730807000186],[101.246686346,18.885407331000067],[101.246960590000128,18.885156649000123],[101.247681050000097,18.884819759000152],[101.248443032000068,18.884322788000134],[101.248694678999982,18.884027329000105],[101.248789447000036,18.883440196000095],[101.248784247000117,18.883050766000053],[101.248673850000159,18.882467262000091],[101.248507252000024,18.881493766000176],[101.248747792000074,18.880320072000075],[101.248889002000169,18.879392534000033],[101.248921087000099,18.877928946999987],[101.249010029000146,18.876952355000014],[101.249454443000161,18.875680227000089],[101.249853091000091,18.87484554200006],[101.250710457000196,18.873860835000016],[101.251365903000021,18.873072722000131],[101.251917447000039,18.872187644000064],[101.252208299000131,18.870965915000113],[101.252243568000097,18.869746133000092],[101.252332534000175,18.868769577000137],[101.252379547000089,18.868428013000141],[101.252577609000127,18.867937891000054],[101.253084643000136,18.867542216000118],[101.25333555800006,18.86714854100012],[101.253329827000186,18.866719736999983],[101.253594276000115,18.866555443000095],[101.25398896500019,18.866230138000049],[101.254298086000119,18.866356696000082],[101.254502624000168,18.866354217000151],[101.254653501000121,18.866108550000149],[101.25464568100017,18.865523816000064],[101.254638510000177,18.864987604000135],[101.254428842000095,18.864649145999977],[101.253859722000072,18.864216862000092],[101.253444809000086,18.863831243000106],[101.252823424000098,18.863302469000018],[101.252147849000096,18.86258016000005],[101.252093031000186,18.862336948000177],[101.252191041000117,18.861993696000013],[101.252391594000073,18.861650273000123],[101.252994748000106,18.860814288000142],[101.253442372000166,18.859833353000056],[101.253737731000172,18.858903983000062],[101.253726644000039,18.858074256000066],[101.253613648000112,18.857295491000059],[101.253467898000167,18.856738628000073],[101.25348733400017,18.856538446],[101.2534169810001,18.8563087],[101.253292983000165,18.856092411000134],[101.25320188600017,18.85600785600019],[101.253027649000046,18.855596617000174],[101.25239855500007,18.854531628000075],[101.252383736000127,18.854406164000181],[101.252420396000161,18.854232544000183],[101.2525739780001,18.853641376000155],[101.252660118000108,18.853038211000069],[101.252661959000193,18.853010920000031],[101.252987283000095,18.852573547000134],[101.253134976000126,18.852133685000183],[101.253474092000147,18.850666345000093],[101.253824763000125,18.84945855899997],[101.25415582200003,18.849163956000041],[101.25444804100016,18.848878571000114],[101.254698526000197,18.848491206000176],[101.254854664000163,18.848092171000076],[101.254876435000085,18.847707571000058],[101.254818000000114,18.847362379000117],[101.254679703000136,18.847082210999986],[101.254352883000081,18.846791514000017],[101.254038759000025,18.846555632000047],[101.253773590000037,18.846274145000109],[101.253254869000045,18.845792703000086],[101.252735476000112,18.845214152999972],[101.251810255000066,18.844355725000185],[101.251652863000174,18.844108220000066],[101.251447306000102,18.843828858000052],[101.251065148000123,18.843423525000162],[101.25088615500016,18.843118221000111],[101.250827902000196,18.842785833000164],[101.250767941000106,18.842325355000071],[101.250708322000094,18.841890498000055],[101.250597794000157,18.841674043000182],[101.25043413700007,18.841509475000066],[101.250163367000198,18.841384637000033],[101.249748087000114,18.841275823999979],[101.249140580000017,18.840625151000097],[101.24847030300009,18.840292279000096],[101.247644545000185,18.839814489000162],[101.247029910000037,18.839420937999989],[101.246966205000149,18.83937637400004],[101.24657299200004,18.838907237000058],[101.246419965000086,18.838813119000065],[101.246113178000201,18.838481517000162],[101.24585359200006,18.837956230000145],[101.245645642000056,18.837477784000157],[101.245535941000128,18.836807324000119],[101.245618187,18.835413080000023],[101.245609242000057,18.834740303000046],[101.245451063000019,18.834213792000128],[101.245368517000145,18.834137154000189],[101.245498687000065,18.833613296000181],[101.245675440000014,18.83274000300014],[101.245760751000091,18.832072792000076],[101.245750533000148,18.831304242000044],[101.245698599000093,18.830433705000075],[101.245603586000129,18.829358713000147],[101.2455943920001,18.828667015000065],[101.245631616000139,18.827969199000108],[101.245912726000142,18.827195766000102],[101.246604001000037,18.82608209000017],[101.247356525000157,18.825785117],[101.247605825000164,18.825541634000047],[101.247651109000174,18.825157210000043],[101.247645989000091,18.824772247000055],[101.247591146000104,18.824437574000171],[101.247433663000095,18.824007056000085],[101.247323319000031,18.823288073000185],[101.247306703000106,18.822038416999987],[101.247371722000082,18.819348251000179],[101.247513164000054,18.818729585000142],[101.247653694000121,18.818611021000095],[101.248103035000099,18.81800347300009],[101.248341068000173,18.817693132999977],[101.248550666000085,18.817267839000181],[101.248647501,18.816885381000134],[101.248999701,18.816590694000183],[101.249953631000096,18.816242745000068],[101.251411996000058,18.815888696000172],[101.252515152000171,18.815395527000135],[101.252863981000189,18.815103408000027],[101.253059721000056,18.814620055000091],[101.253305823000176,18.814184665000141],[101.254098452999983,18.813118325],[101.25494263500002,18.812099862000025],[101.255739037000012,18.811321366000129],[101.256687842000133,18.810589576000154],[101.257840034000083,18.809998676000077],[101.258291459000191,18.809801266000079],[101.258488525000132,18.80946243600016],[101.258532502000151,18.80898206400019],[101.258425335000084,18.808503518],[101.258065013000135,18.807979505999981],[101.257246187000021,18.80707601000006],[101.255818436000141,18.805893122000043],[101.255203705000156,18.805179087],[101.254587741000194,18.804418786999975],[101.254277783000077,18.803845613000192],[101.254161678000173,18.80269424200003],[101.253893232000166,18.801497323000035],[101.253583929000058,18.800972678000051],[101.253277244000174,18.800687326000059],[101.252767101000188,18.800261069000044],[101.252459090000173,18.799832379000122],[101.252398498000105,18.799065360000156],[101.252540675000091,18.798390709000046],[101.252680934000068,18.797572730000127],[101.252622251000105,18.796949089000123],[101.252413079000178,18.796374693000018],[101.251746759000127,18.79556640200002],[101.250876449000032,18.794616106000092],[101.250205677000167,18.793471417000148],[101.249429656000132,18.79199158800003],[101.249008219000189,18.790651951000086],[101.248996110000178,18.789739840000038],[101.249235850000105,18.78882358300018],[101.249773947000108,18.787568357000055],[101.250567073000013,18.786502028000029],[101.251464143000192,18.785722317000079],[101.25191104400011,18.785188537000124],[101.252058336000061,18.784898855000165],[101.252054509000175,18.784610996000026],[101.252046214000131,18.783986745],[101.252042210000127,18.783976280000104],[101.251680840000063,18.783030315000076],[101.25131936400004,18.782410318000018],[101.25075385800011,18.781600847000107],[101.250542158000201,18.78083449900015],[101.250533221000069,18.780161715000077],[101.250874324000165,18.779292731000112],[101.251069368000117,18.778761998000164],[101.251013900000146,18.778378792000069],[101.250605896000138,18.778047259000061],[101.24983826100015,18.777192790000186],[101.249323785000172,18.77643012600015],[101.249165660000187,18.775903602000085],[101.249258742000052,18.775325554000062],[101.249854194000136,18.774598026000092],[101.250452223000138,18.77406243900009],[101.251049580000085,18.773479431000169],[101.251748304000159,18.772942627000134],[101.252149953000071,18.772793273000048],[101.252652941000122,18.772691240000029],[101.252903510000181,18.772592254000187],[101.253002282000182,18.772446514000023],[101.252742796000177,18.771873868000114],[101.252384520000021,18.771493167000131],[101.25221678600019,18.771421927000063],[101.252169240000171,18.771267727000122],[101.251994023000123,18.77103753199998],[101.251674644000104,18.770754411000098],[101.251385770000184,18.770607571000028],[101.250982688000022,18.770503105000103],[101.250551643000165,18.770453638000163],[101.249862772000085,18.770434603000126],[101.248300181000047,18.77052173900006],[101.246479039000178,18.770584642000188],[101.245661069000164,18.770567144000154],[101.245100746000105,18.770505553000135],[101.244721143000049,18.77042308700004],[101.243958312000075,18.76986457400011],[101.243710337000095,18.76951101700007],[101.24335848700008,18.768941293000182],[101.242947279000191,18.768221968000091],[101.242594892000056,18.767611255000077],[101.241791709000154,18.76654132800013],[101.240755973000034,18.765241867000157],[101.240436489000103,18.764797595000175],[101.240349968000146,18.764267432999986],[101.240065948000051,18.763180134000038],[101.239750297000171,18.762668759000064],[101.239709877000166,18.762070368000025],[101.23961948200008,18.761743480000177],[101.239340827000035,18.761282196000025],[101.238960144000032,18.760699144000057],[101.238710541000103,18.760264838000012],[101.238602204000131,18.759664857000018],[101.238431806000051,18.758710320000034],[101.238228942000148,18.757469193000077],[101.23808759700006,18.756541635000076],[101.237992169000165,18.755832175000023],[101.237950886000021,18.755054422000057],[101.238347651000083,18.75341545100008],[101.238361683,18.753395303000161],[101.238588102000165,18.753160283000057],[101.238713221000125,18.752858146000051],[101.238766083000087,18.752515875000029],[101.23874615200009,18.752092485],[101.238587229000188,18.750919161000127],[101.238374903000022,18.750047112000175],[101.238044597000055,18.748930503000054],[101.237436389000038,18.747407249000162],[101.236845602000074,18.74611609800013],[101.236621830000047,18.745462829000189],[101.236514776000035,18.744958487000019],[101.236476552000113,18.744234678999987],[101.236434368000175,18.743210272000056],[101.236351323000122,18.742350339000041],[101.23621306900003,18.741655053000102],[101.235975685000142,18.741056610000044],[101.235638812000047,18.74052768100006],[101.235409515000185,18.740189315000123],[101.234392492000154,18.739535190000083],[101.233791114000098,18.739207759000124],[101.232688981000138,18.738689661000024],[101.231493395000143,18.73811930700009],[101.230256855000164,18.73741260800017],[101.228820771000187,18.736422187000187],[101.227595676000135,18.735590946000059],[101.226055516000088,18.734626619000153],[101.224475717000189,18.733625432000167],[101.224210738000068,18.733330052000042],[101.224063080000064,18.733020836000037],[101.224044655000057,18.732610577000116],[101.224021183000104,18.731814781000026],[101.223964166000087,18.731341003000068],[101.223968015000139,18.73131713000015],[101.224507205000123,18.730591500000116],[101.225590116000149,18.729534235000131],[101.226469136000048,18.728609242000061],[101.227276866000068,18.727489756000182],[101.227607315000171,18.72657129300012],[101.22782080800016,18.725989906000052],[101.228157534000104,18.72567063300005],[101.228425122000033,18.725436713000022],[101.228688460000171,18.725383064000141],[101.229368729000043,18.724983204000068],[101.229636161000144,18.7244572460001],[101.229664773000195,18.724263682000071],[101.229795355000192,18.724133613000049],[101.23015757100012,18.72388052600013],[101.230573952000043,18.723776055000144],[101.231225940000172,18.723718531000145],[101.23181266,18.723661788000186],[101.232307849000051,18.723593687000118],[101.232684255000095,18.723427500000128],[101.233032269000148,18.723087504000091],[101.233287277000102,18.722624231000054],[101.233501821000061,18.722061935000056],[101.233560548000071,18.721563690000096],[101.233551561000127,18.720879669000112],[101.233478293000076,18.720271050000122],[101.23336720500015,18.71983089500003],[101.233342134000111,18.719580710000173],[101.233288764000122,18.719520097000043],[101.233271724000133,18.719452561000139],[101.232881602000191,18.718574068],[101.23273149500011,18.718078313000149],[101.232622013000082,18.717694017000156],[101.232614991000048,18.717159238000022],[101.232721031000153,18.71628727000018],[101.232826091000106,18.715340679000121],[101.232960360000106,18.714630074000183],[101.233212745000117,18.713967817000025],[101.233619299,18.713117141000168],[101.234107105000078,18.712489389000098],[101.234506978000184,18.712123899000062],[101.234973737000189,18.711881995999988],[101.235559438000053,18.711750621000078],[101.236211535999985,18.711705521000056],[101.237320450000084,18.711654968000062],[101.237964065000142,18.711624121000057],[101.238379324000164,18.711652163999986],[101.23970523100013,18.71156180800017],[101.239785268000105,18.711556421000182],[101.240556637000054,18.711566535000088],[101.241301407000037,18.711619819000077],[101.242021546000046,18.711785343000088],[101.242545751000193,18.711940771000172],[101.243067984000106,18.711946957000123],[101.243465883999988,18.711953857000026],[101.243613579000055,18.711962146000076],[101.243683149000105,18.71195762300016],[101.243916674000161,18.711961668000015],[101.244594874000143,18.711916229999986],[101.24476367699998,18.711887341000022],[101.24501766700007,18.711870816000157],[101.24540870900006,18.711776939000117],[101.245454484000049,18.711769101000186],[101.245550896000054,18.711742804000039],[101.246651212000131,18.711478641000099],[101.248283033000064,18.71091258600012],[101.248736562000033,18.710668922000025],[101.249436875000129,18.710225835000017],[101.250378694000176,18.709225455000023],[101.251443791000099,18.708144601000129],[101.25197399200016,18.707425782000087],[101.252422804,18.706826516000035],[101.252707409000038,18.706348872000149],[101.253081819999977,18.705949240000109],[101.253221464000035,18.705854613000042],[101.253519491000077,18.705698518000133],[101.254191345000038,18.705539591000047],[101.254772458000105,18.705532600000083],[101.255645903000129,18.705640624000182],[101.256146166000065,18.705792695000071],[101.25643804200007,18.705868200000168],[101.256686835000096,18.705865209000024],[101.256894185000021,18.705823195000107],[101.257223268000189,18.705621635000114],[101.257550355000149,18.705222538000044],[101.258160285000201,18.704264519000105],[101.258770797000068,18.703307644000063],[101.259621638000056,18.701755112],[101.260069358000123,18.701076786000044],[101.260726596000154,18.700514503000136],[101.261302889000149,18.700151902000073],[101.261839344,18.699908317000052],[101.262875474000111,18.699777275000088],[101.264123222000194,18.69992029499997],[101.264994052000077,18.699830709000025],[101.265943563000064,18.699422967000032],[101.267014873000051,18.698817253000016],[101.267918713000086,18.698093882000137],[101.268407846000116,18.697415070000091],[101.268687585000066,18.696580711000081],[101.268967793000172,18.695825371000126],[101.269088473000011,18.695547282000121],[101.269332043000134,18.695109668000157],[101.269782905000113,18.694668391000107],[101.270317179000074,18.694266763000087],[101.270644726000114,18.693906043000084],[101.270970084,18.693427879000183],[101.271088166000197,18.692911607999974],[101.271044648000156,18.6924802690001],[101.271051803000148,18.692131237000183],[101.270929049000074,18.691734693000058],[101.270882696000058,18.691564006000021],[101.270858145000091,18.691252436000184],[101.270934736000129,18.690777330000117],[101.2713834380001,18.690178030000141],[101.272120342000164,18.689377638000167],[101.272487721000118,18.688899004000177],[101.272482961000037,18.688542268000106],[101.272413228000062,18.688464771000042],[101.272567847000175,18.688368903000082],[101.272644656000182,18.688256020999972],[101.272694864000073,18.688106154000081],[101.272679653000182,18.68794463800009],[101.272560380000129,18.68780926200003],[101.272363309000127,18.687712141000077],[101.272088439000072,18.687653279000017],[101.27113399100017,18.687528019000126],[101.270388835000176,18.687437533000093],[101.269499306000171,18.687286603000075],[101.268346131000101,18.686939839000161],[101.267622940000194,18.686538115000133],[101.26716090400015,18.686145669000155],[101.266880907000143,18.685701266000081],[101.266615365000064,18.684942395000064],[101.26656910600002,18.684063783000056],[101.266393796000102,18.683354605000147],[101.266181263000192,18.682960865000098],[101.265880876000097,18.682682279000119],[101.265794433000167,18.682517710000127],[101.265516761000072,18.682247416000109],[101.264897492000102,18.681807111000182],[101.264015590000156,18.68124558400018],[101.263290121000068,18.680669728000169],[101.262892365000198,18.680201863000093],[101.262623952000126,18.679645370000117],[101.262370240000052,18.679213079000135],[101.262079361000076,18.678930505000039],[101.261605801000144,18.678650127000083],[101.260425282000085,18.678204128000061],[101.25945553300005,18.677904847000093],[101.259218507000185,18.677745999000081],[101.258993704000147,18.677524811000069],[101.258869477000076,18.677184025000145],[101.258739426000034,18.675928608000106],[101.258686577000049,18.675030405000086],[101.258686386000079,18.675015942000073],[101.25879978800009,18.674226402000102],[101.258752578000042,18.67379225600007],[101.258563509000169,18.673273064999989],[101.258443169000145,18.672419200000149],[101.258326423000085,18.67148771799998],[101.25825989100008,18.671071705000145],[101.258249886000044,18.670316321000143],[101.258199488000116,18.669644032],[101.25789780700012,18.66877716100015],[101.257305815000166,18.667993915000181],[101.257284081000137,18.667974964000109],[101.256930242000124,18.667561489000093],[101.256323438000152,18.667071243000066],[101.255376730000194,18.666535324000051],[101.254299875000129,18.666025838000166],[101.254108463000136,18.665898964000121],[101.253785015000176,18.665424730000154],[101.2527125000002,18.662786592000032],[101.250655140000106,18.65786484400013],[101.25031227900007,18.657287837000069],[101.250264837000088,18.656931873000076],[101.250131411000041,18.656709580000097],[101.249985425000034,18.656524750000074],[101.249708807000047,18.656329043000142],[101.249158250000107,18.656025066000097],[101.248633890000065,18.655673863000118],[101.247965339000075,18.65536572600007],[101.247643230000165,18.655330764000041],[101.246491385000127,18.654787846999966],[101.244756371000108,18.653838378000046],[101.243309560000057,18.652972522000141],[101.242333608000138,18.652188097000192],[101.241803386000129,18.651560056000164],[101.241658847000167,18.651336809000099],[101.241323172000193,18.649948808999966],[101.241376380000133,18.648408130000121],[101.241646171000184,18.646584874000098],[101.242424420000191,18.644335522000119],[101.242854869000155,18.643560361000027],[101.242834009000035,18.643310022000037],[101.242916263000097,18.642901892],[101.242932880000126,18.64218025100007],[101.242871878000074,18.641509291000148],[101.242747764000114,18.641000785000188],[101.242625774000146,18.640653957000097],[101.242424854000035,18.64025831500004],[101.24207960800004,18.63980220600007],[101.2419546980002,18.639668800000038],[101.241319544000078,18.638799342000027],[101.240423705000069,18.637998235999987],[101.239866123000127,18.637601430000018],[101.239715784000055,18.637464943],[101.239327079000134,18.637103541000158],[101.239019635000091,18.636598009000068],[101.23846376500012,18.636207167000066],[101.237971895999976,18.635980183000072],[101.237800154000183,18.635847941000179],[101.237458675000084,18.635677859000111],[101.237144595000188,18.635606966000012],[101.236778655000137,18.635561569000117],[101.23627997300008,18.635544129999971],[101.235882289000017,18.635426086000166],[101.235158200000058,18.634941304],[101.234662825000044,18.634103767000113],[101.23408333600014,18.632673378000106],[101.2339950060001,18.632526159000122],[101.233904585000175,18.632299472999989],[101.233702559000164,18.631816763000018],[101.233463021000034,18.631458885000086],[101.233119284000111,18.631114682000145],[101.232631556000115,18.630734874000154],[101.232320467000193,18.630547706000129],[101.232292351000183,18.63052341700012],[101.230588220000129,18.629353618999971],[101.229251171999977,18.628179412000065],[101.228506049000089,18.627348214000051],[101.227976610000042,18.626164459000108],[101.226706968000144,18.624569407000081],[101.225372755000194,18.623605167000051],[101.224270591000106,18.623548201000176],[101.223241881000092,18.623490360000062],[101.221776621000174,18.623787671000059],[101.220166929000015,18.624237949000189],[101.220151862000137,18.62424029500005],[101.219252709000045,18.624325538000051],[101.21887375100016,18.624280253000165],[101.21855921100007,18.624172017999967],[101.218282998,18.624001127000156],[101.217767780000202,18.623509648999971],[101.217065577000085,18.622684523000089],[101.216600774000085,18.622055616000011],[101.216165794000176,18.621569131000172],[101.215493070000093,18.620570535000184],[101.214154414,18.619256230000019],[101.213763500000198,18.619112451000149],[101.213337248000073,18.618897249999975],[101.212878585000055,18.61874093800003],[101.21219848000004,18.618612110000015],[101.211532223000063,18.618545305999987],[101.211416884000187,18.618541988000118],[101.211354707999988,18.618519121000077],[101.210542953000072,18.618248657000095],[101.209808815000088,18.618257281000069],[101.208407324000063,18.618531335],[101.207109028000104,18.618522616000064],[101.205777162,18.618438727000182],[101.204222727000115,18.618295237000041],[101.203385769000135,18.618143333000035],[101.202861565000092,18.617962888000136],[101.202388426000141,18.617694767000046],[101.202006120000135,18.617388269000116],[101.201729132000082,18.617155169],[101.201439426000093,18.616947099000015],[101.20087529500006,18.616704915000071],[101.200821621000046,18.616685174000111],[101.200126394,18.616200629000105],[101.199243055000181,18.61607095800008],[101.198956171000077,18.616051526000092],[101.197965745000033,18.615681614000039],[101.197363449000136,18.615514502000053],[101.196683522000058,18.615398047000099],[101.195925327000111,18.615282511000146],[101.195323668000185,18.61516513700019],[101.194590924000124,18.614999538000063],[101.194238239000185,18.61496633600018],[101.193755421,18.614959523000039],[101.193116706000183,18.615004287000033],[101.191774364000139,18.615119442000037],[101.191109076000146,18.61512719000018],[101.190612736000105,18.615083212000059],[101.190037012000118,18.614953085000082],[101.189289955,18.614688117000185],[101.188068357000191,18.614043055000081],[101.187331804999985,18.613578932000166],[101.18674002400013,18.61321263800005],[101.186241622000125,18.613006963000146],[101.185574116000168,18.612840567999967],[101.18536670200001,18.612793026000134],[101.184954038000171,18.612667176],[101.184751409,18.612651991000121],[101.184592749000046,18.612615620000042],[101.183586398000159,18.612478032000183],[101.182984917000056,18.612373058],[101.182578149000165,18.61219119000009],[101.182300722000036,18.611920745000191],[101.18206084100018,18.611525477000157],[101.181590959000175,18.610486036000054],[101.180943577000107,18.608826696000051],[101.1800981680002,18.606983059000186],[101.17970420100005,18.6057561450001],[101.179553425000165,18.605185692000077],[101.179536739000014,18.604899784000054],[101.179611360000081,18.604612819000181],[101.179765357000122,18.604412012000182],[101.180037064000146,18.604234717000168],[101.180495246000191,18.604107227999975],[101.180512381000085,18.604107029999966],[101.181391492000103,18.60395681000017],[101.181828395000082,18.603671739000106],[101.181934458000114,18.603463171000101],[101.181983690000095,18.603428501000053],[101.182292307000125,18.603076628000167],[101.182431666000184,18.602751593],[101.182466359000159,18.60240289900014],[101.182446810000044,18.60189311900001],[101.182361413000137,18.601334346000101],[101.182110452000074,18.600068464000117],[101.181756100000086,18.598878413000023],[101.181523743000128,18.598047683000175],[101.181398269000056,18.597414739000044],[101.181401329000096,18.596631038000112],[101.181400746000179,18.595561279000151],[101.18135020700015,18.594666246000088],[101.181219197000132,18.593597997000074],[101.180950944000074,18.59199645200016],[101.180715432000113,18.590916974000038],[101.180397393000192,18.589502591000155],[101.180334772000094,18.58868233000004],[101.180290423000201,18.588272351000171],[101.180297665000126,18.587928852000061],[101.180560744000104,18.58772314700019],[101.18107275,18.587577179],[101.181439777000094,18.587572930000078],[101.182244488000151,18.587353607000182],[101.182607953000115,18.587069393000093],[101.18318268600018,18.586082641000132],[101.184407907000036,18.584248342000024],[101.184815674999982,18.58358790900013],[101.185270902000127,18.582952898000087],[101.185872158000109,18.58202542700019],[101.18629525700004,18.581448322000142],[101.186614332000033,18.5808973],[101.186752087000173,18.580447891000063],[101.18681142600019,18.579986954],[101.186810183000034,18.579975221000041],[101.186917948000143,18.579597822000153],[101.186910804000092,18.579037857000117],[101.186902767000049,18.578407907000042],[101.186528612000075,18.577852200000109],[101.186008612000194,18.577368219000164],[101.185559282000156,18.576673386000095],[101.185327502000177,18.575766021000106],[101.18526399600006,18.575086730000123],[101.185246857000152,18.574699208000027],[101.185292713000024,18.573036226000113],[101.184982199000103,18.571709723000026],[101.18445237300017,18.570455810000112],[101.184238687000061,18.570279051000114],[101.184089427000117,18.570079637000163],[101.183694384000034,18.569785673000183],[101.182828423000046,18.569385207000096],[101.182301377000158,18.569087031000095],[101.182156055000064,18.568871143000024],[101.181926088000125,18.568103750000034],[101.181910952000123,18.566913866000164],[101.181963323000105,18.565842741000097],[101.182275724000078,18.564901066000061],[101.182678956000075,18.563789312000097],[101.183001878000141,18.562516781000056],[101.183065495000164,18.562057420000144],[101.183166716000073,18.561718971000118],[101.183377081000174,18.560946487000137],[101.183148904,18.560319082000035],[101.182553138000117,18.55969592100007],[101.180854198000077,18.55881529100003],[101.180355061000057,18.558479781000131],[101.17988291100005,18.558273769000152],[101.179516826000054,18.558203365],[101.179034323000053,18.558208938],[101.178539889000149,18.558301720000088],[101.178163448000191,18.558442897000134],[101.177605700000015,18.558685681000156],[101.17713986300015,18.558977159999984],[101.176311887,18.559509161000051],[101.175767171000075,18.559751790000121],[101.175260317000038,18.559894465000127],[101.17468652000008,18.559901080000088],[101.174124506000112,18.559808047000104],[101.173443712000108,18.55960442300011],[101.172970163000116,18.55935193900018],[101.172263729000065,18.55869346500009],[101.17159027200006,18.55772115700006],[101.170920014000046,18.556958811000072],[101.170806849000144,18.556919818000154],[101.170735114000195,18.556849215000057],[101.170485927000072,18.556740128000172],[101.170198247000087,18.556681246000096],[101.169793992000109,18.556685895000044],[101.169390675000045,18.556765167000037],[101.168558123000082,18.55693645000008],[101.168251151999982,18.557005222999976],[101.167398226000103,18.557069297000169],[101.166841746999978,18.557025213000031],[101.166471313999978,18.55693554200019],[101.165895012000078,18.556743132000065],[101.164702355000088,18.556284125000047],[101.163201403000073,18.55568160700011],[101.162424036000118,18.555227204000062],[101.160931672000117,18.554607473000033],[101.160115510000082,18.55461681800017],[101.159950005000155,18.554686668000102],[101.159778432999985,18.554698559000087],[101.159466400000042,18.554776764999986],[101.159116182,18.554930047000084],[101.15877584499998,18.555154358999971],[101.158194397000045,18.555346782000186],[101.157229682000036,18.555357814000047],[101.156686808000075,18.555209279999985],[101.155828403000044,18.554843246000075],[101.155251496000176,18.554601049000041],[101.154741042000012,18.554457605000039],[101.15410112100011,18.554390276000106],[101.153169893000154,18.554328459000033],[101.152910956000142,18.554274587],[101.151344917000131,18.553725618000158],[101.149797392000096,18.553009778999979],[101.148794008000039,18.552398281000023],[101.148308159000067,18.5519860980001],[101.148124471000131,18.551426132000131],[101.148117380000144,18.550859414000172],[101.148331933000065,18.550220144000036],[101.149045756000078,18.547945845000072],[101.149473689000047,18.546525043000088],[101.149463953000122,18.545747171000016],[101.149228419000167,18.544758493000131],[101.148613555000111,18.543066150000129],[101.148454426000171,18.542218865000109],[101.148002287000168,18.541657174000079],[101.147347070000194,18.541320324000139],[101.147112631000084,18.54101046500017],[101.146636370000181,18.54046854600017],[101.146241296000198,18.540162052000028],[101.145611210000084,18.539833346000023],[101.145317107000039,18.539693099000033],[101.144781235000096,18.539286494000066],[101.144108653000046,18.538940678000074],[101.143593291000059,18.538864373000024],[101.142763950000074,18.538447584000096],[101.142483644000151,18.538245411000162],[101.142166175000057,18.537900206000131],[101.142009691999988,18.537265186000127],[101.141998222000154,18.536345059000155],[101.142131763000066,18.535139885000092],[101.141827623000154,18.534576496000113],[101.141379935000032,18.534369309000112],[101.141242781000074,18.534298784000043],[101.141066122000097,18.534063266999965],[101.140523307000024,18.533410123000124],[101.140192066000054,18.532990934000168],[101.140030644000035,18.532594702999972],[101.13997430600017,18.532259474000057],[101.139941411000052,18.531712510000091],[101.139871727000127,18.531352554000136],[101.139775502000077,18.530955579000079],[101.13956068400006,18.530460434000076],[101.139370785000096,18.529959831000099],[101.139234641000201,18.529013283000154],[101.139155408000079,18.528589612000133],[101.139001634000181,18.528410524000094],[101.138970299000164,18.528078737000101],[101.138902166000094,18.527843158000053],[101.138742610000065,18.527596171000141],[101.138479054000072,18.52737524600002],[101.138099228000101,18.527242707000028],[101.137642105000054,18.527185683000084],[101.137042642000097,18.5272173460001],[101.135907969000073,18.527205295000101],[101.135111690000201,18.52713965900017],[101.134392710000043,18.526998511000045],[101.133528919000071,18.526747034000095],[101.132663438000122,18.526358738000113],[101.132417227000076,18.526214015000164],[101.132296583000084,18.526117530000079],[101.131544891000033,18.525348057000087],[101.13047119200013,18.525144906999969],[101.129617683999982,18.524713752000082],[101.128975411000056,18.524447322000071],[101.128504792000115,18.524353104999989],[101.127943676000029,18.524322105000124],[101.127357562000043,18.524378463000176],[101.126811637000117,18.524521443000083],[101.126745567000114,18.524541540000087],[101.126562455000055,18.524553935000085],[101.124934145000168,18.524926826000126],[101.12434499900013,18.525286873000027],[101.124020019000056,18.525513817000103],[101.123695915000042,18.525651173000142],[101.122410771000091,18.526125880000052],[101.121280706000164,18.52648687500016],[101.120135603000165,18.52668632600006],[101.118924686000071,18.526836744999969],[101.117829894000067,18.52688634000009],[101.116772836,18.526823545000127],[101.115767470000151,18.526722852000091],[101.11497042600007,18.526594937000027],[101.113806458000056,18.526321849],[101.112982113000157,18.526094716000159],[101.112315608000188,18.525977772000033],[101.112288230000047,18.525975273000142],[101.112106372000085,18.525919751000117],[101.111065225000175,18.525719078000122],[101.109877570000037,18.525732344000176],[101.109282281000105,18.525597868000091],[101.108460427000125,18.525181314000065],[101.107933651000053,18.524550385000168],[101.107476773000087,18.523635207000098],[101.106874586000117,18.522933924000085],[101.105979634000107,18.522589363000122],[101.105701287000102,18.522511292000104],[101.104854395000189,18.522220380000022],[101.10456254200011,18.522039451000069],[101.103982115000122,18.521405633000029],[101.103980100000058,18.521403428000099],[101.102959822,18.519664595000052],[101.102672014000177,18.51771207400003],[101.101723298000195,18.515726264000079],[101.100845678000098,18.514370893000091],[101.099901209000166,18.512396726000077],[101.09985435800013,18.512278829000024],[101.098971875000188,18.509846796000147],[101.098515783000096,18.507871301000023],[101.098246969000058,18.506450949000111],[101.098288940000089,18.506066582000187],[101.09853528300016,18.505539353000131],[101.098898496000061,18.504897360000086],[101.099040120000097,18.504330088000188],[101.099030622000157,18.50355107200005],[101.098727261000192,18.502987595000036],[101.098586243000113,18.50286816300013],[101.098547665000069,18.50269465000008],[101.09845337600018,18.502446901000098],[101.098240536000162,18.502100948000134],[101.097910519000152,18.501768737000077],[101.097385252000095,18.501463563000073],[101.096507381000038,18.501112541000168],[101.094911722000063,18.500707265000017],[101.093550886000116,18.500311816000078],[101.092883132999987,18.500082848000147],[101.092358483000112,18.49982741600013],[101.091819580000049,18.499485783000011],[101.091538012000171,18.498862177000149],[101.091528510000103,18.498079793000045],[101.091382039000166,18.496882223999989],[101.091373469000132,18.49681231500017],[101.091368119000094,18.49676863000019],[101.091286137000054,18.496099651000179],[101.091197530000102,18.493334163000156],[101.0911817,18.492030141999976],[101.091283560000079,18.491402337000181],[101.091843488000052,18.490196961000095],[101.092247914000097,18.489432624000187],[101.092342506000136,18.489352835000091],[101.092561927000077,18.489098298000044],[101.092738023000095,18.488711540000054],[101.092816298000059,18.488286063000089],[101.092842469,18.487813909000124],[101.09363968100007,18.485010041000123],[101.093896555000185,18.483651053000131],[101.093962514000054,18.482806353],[101.094054540000059,18.482606439],[101.094079128000089,18.482340782000165],[101.09406119300013,18.482009254000047],[101.094010980000178,18.481821166000145],[101.094006571000079,18.481458143000054],[101.093884483000068,18.480416111000125],[101.093599105000123,18.479427877000091],[101.09315430200013,18.478806115000168],[101.092657638000105,18.478446852],[101.092441364000138,18.478355571000179],[101.092360975000133,18.478272873000094],[101.092163259000131,18.478022942000109],[101.091742105000094,18.477695867000136],[101.091239297000072,18.477515650000043],[101.090527767000196,18.477324469000109],[101.089705811000044,18.47720084600013],[101.088940918000048,18.477196019000189],[101.087953392000088,18.477180369000109],[101.087798671000144,18.477173132000132],[101.087024869000061,18.477031355000065],[101.086978005000105,18.477018620000138],[101.086405205000119,18.476799354000093],[101.085915345000103,18.47653936800009],[101.085243448000199,18.476175229000091],[101.084879053000179,18.475940394000077],[101.084473907000188,18.475785622000103],[101.083457620000047,18.475690653000129],[101.082746584000176,18.475539243000014],[101.082422965000148,18.475361022000129],[101.082223623000175,18.474855926000089],[101.081920526000033,18.473923371000126],[101.081910990000154,18.473133424000025],[101.081822762000115,18.472736315000134],[101.081679880000024,18.472419427000034],[101.08139748100001,18.47206425600001],[101.081088549000071,18.471815533000154],[101.080974028000071,18.471747049000157],[101.080315745000064,18.47080731200009],[101.07920989500002,18.469776072000059],[101.079171872000188,18.469700229000068],[101.078932314999975,18.469437475],[101.078441049000048,18.469058055000062],[101.078159456000094,18.46876922000007],[101.077961611000148,18.46850600200014],[101.077607786999977,18.467992380999988],[101.077256365000039,18.467677769999966],[101.076555278000058,18.467194493000079],[101.07556157900018,18.466661338999984],[101.075127695000162,18.466427243000169],[101.074681509000186,18.466325977000167],[101.074335581000128,18.466283771],[101.074186459000089,18.465917418000174],[101.074013161000096,18.465135664000172],[101.073473084000113,18.463419589000182],[101.07308405200007,18.46290212800011],[101.072777126000062,18.462615868000057],[101.072773178000091,18.462578373000042],[101.072616419000042,18.462261623000131],[101.072391419000041,18.462051775000191],[101.072042086000181,18.461909632000015],[101.071122727000045,18.461773719000064],[101.070509710000067,18.461674265],[101.069965419000027,18.46150770800017],[101.069405956000196,18.461235158000022],[101.06891775500003,18.461107796000135],[101.068393604000107,18.461005039000042],[101.068082754000159,18.460816989000136],[101.067473035000091,18.46014610900005],[101.067246643000146,18.459469943000045],[101.06706844200005,18.458323519999965],[101.066606940000099,18.456293739000159],[101.066162893000183,18.455724953000185],[101.06598357900009,18.455684012000063],[101.065861095000116,18.455501651000191],[101.065622368000163,18.455305213000088],[101.065286798000102,18.455149636000101],[101.064659908000124,18.455050312000026],[101.063824797,18.454979789000163],[101.063601921000043,18.454958606000105],[101.063417566000169,18.454815390000135],[101.062917938000055,18.45419409699997],[101.062634029000094,18.453309645000161],[101.062625316000151,18.452580290000128],[101.062397697000051,18.451799119000043],[101.061951864000036,18.451126432000081],[101.061233948000165,18.450507547000143],[101.060657537000168,18.450218999000072],[101.060583129,18.450158439],[101.059951828000123,18.44968760200004],[101.059600537000108,18.449391139000113],[101.059468059000153,18.44916945000017],[101.059184805000143,18.448338037000042],[101.058564591000163,18.446779721999974],[101.057968751000089,18.445532245000038],[101.05795397300011,18.445383451],[101.057840385000134,18.445185644000048],[101.057657293000034,18.444988590000094],[101.057235335000144,18.444581812000024],[101.057223963000069,18.444573927000022],[101.056756017999987,18.444137827000134],[101.055935297000019,18.443548845000066],[101.055817508000132,18.443442744000095],[101.055592549000096,18.443232867000063],[101.055087352000157,18.442840259999969],[101.054707587000053,18.442472829000053],[101.054397016000053,18.4420781070001],[101.054102776000036,18.44169987500004],[101.054096743000173,18.441192354000066],[101.05447139100005,18.440509656000074],[101.055010478000156,18.439877084000159],[101.055924793000088,18.438614898000139],[101.056354437000095,18.437931596999988],[101.056560884000191,18.436937942000156],[101.056716009000183,18.436153716000092],[101.056539161000103,18.435112273000129],[101.05625594300011,18.434279735000189],[101.055587017000164,18.433191660000148],[101.05469796400007,18.432000964000054],[101.054196548000164,18.431171891000076],[101.053578914000013,18.429821283000081],[101.052739375000101,18.428213361000076],[101.052396197000121,18.426911731000018],[101.052495101000147,18.426024215000155],[101.052707163000093,18.425499127000023],[101.053301840000188,18.424919064999983],[101.054276711000114,18.424125963000108],[101.0549083840001,18.423824412000101],[101.05517366800018,18.42369847599997],[101.05610031000009,18.423479537000105],[101.056863814000053,18.423315447],[101.057680413000185,18.423045746000184],[101.058656498000062,18.422356520000164],[101.059359935000089,18.421722198000055],[101.0607643740002,18.420298830999968],[101.062927216000105,18.418291367000165],[101.064657346000047,18.416707484000142],[101.066109835000077,18.414708822000136],[101.067188363000128,18.413444852000168],[101.067835497000033,18.412707218999969],[101.068313213000124,18.411553601000094],[101.068794054000193,18.410608908000029],[101.069384892000073,18.409716028000048],[101.070388645000094,18.409078402000034],[101.071423388000142,18.408754356000031],[101.072236280000084,18.408523235000189],[101.072248755000146,18.408527056000082],[101.072470122000084,18.408512202000054],[101.072651800000187,18.408448020000094],[101.07272719700012,18.408415043000105],[101.073932904000117,18.408309156000144],[101.074875193000196,18.408143491000033],[101.075202434,18.408146494],[101.075775461000092,18.408115355000177],[101.076112904000013,18.407999707000045],[101.076213835000146,18.407934666000074],[101.076333058000159,18.407918227000039],[101.07725706500014,18.407438391000142],[101.077849764000064,18.406753270000024],[101.07957273300002,18.404542662999972],[101.080746712000121,18.402181090000056],[101.082677132000128,18.3990298760001],[101.083796034000159,18.396616947000041],[101.084166728000127,18.395621471000084],[101.084159814000088,18.395046776000072],[101.083819687000073,18.394059092000077],[101.083488353000178,18.393749958000058],[101.082989450000014,18.393181792000121],[101.082654388000037,18.392610686000125],[101.082665297000119,18.391254446000175],[101.082975887000089,18.389789869000026],[101.083235913000067,18.388690562000136],[101.08333215000016,18.387594201000127],[101.083281765000152,18.387212380000051],[101.083289482000168,18.387084142000106],[101.083259386000179,18.386748590000025],[101.083184654000036,18.386476512000058],[101.08309140200015,18.38576983400003],[101.082916954000098,18.384885346000033],[101.083070717000112,18.384048026000073],[101.083335733000183,18.38336763600006],[101.083875165000052,18.382735040000114],[101.084410214000172,18.381789680000054],[101.085112834000029,18.381156439000165],[101.085416474000112,18.381016375000115],[101.085117162000074,18.380001250000078],[101.084917388000065,18.379287353000052],[101.084686530000113,18.378433389000122],[101.084648685000104,18.377731753000148],[101.084761258000071,18.377309297000181],[101.084771132000185,18.377031561000138],[101.084772244000135,18.377000276000103],[101.084502677000103,18.37659604300012],[101.084169263000035,18.376412306000134],[101.084102963000078,18.376375768000116],[101.083615200000111,18.376170492000028],[101.083024665000039,18.375980390999985],[101.082550086000083,18.37564859600019],[101.082207679000078,18.375301325000123],[101.082055249000121,18.3748536760001],[101.082072185000072,18.373814465],[101.082133450000072,18.371567245000051],[101.082149145000074,18.370581453000057],[101.082124257000146,18.370362172000114],[101.082106454000154,18.37020526800012],[101.08208742700009,18.369836153],[101.082010358000048,18.369495540000173],[101.081968283000037,18.369348467000179],[101.081918944000108,18.369175993000113],[101.0818365,18.36899571400005],[101.081710772000122,18.36885771600015],[101.081518957000128,18.368685608000135],[101.081349524000075,18.368555056000162],[101.081309902000157,18.36854012100008],[101.080990292000195,18.368419617000029],[101.080609492000121,18.368312282000147],[101.080453995000141,18.368278978000035],[101.080207059000145,18.368226091000054],[101.07985536100017,18.368111467000119],[101.079584276000048,18.368023846000085],[101.079304806000152,18.367845718000069],[101.079086430000018,18.367641003000131],[101.078580789000057,18.367169135000154],[101.078496316000042,18.367075118000116],[101.077731267000104,18.366223619999971],[101.076967952000075,18.365108673],[101.076727021000124,18.364570218000154],[101.07660533000012,18.364298253000129],[101.076148278000119,18.362969342000042],[101.075800145000187,18.362240928000176],[101.075741052000183,18.362117282000042],[101.075527157000181,18.361729082000068],[101.075342534000072,18.361493338000116],[101.075210184000127,18.361411168000075],[101.074979769000151,18.361366640000085],[101.074793193000176,18.361326859000087],[101.074694058000034,18.36127567900013],[101.074690191000172,18.361272070000098],[101.074633169000094,18.361218851000046],[101.074555552000163,18.361136074000058],[101.074438627000177,18.360970105000092],[101.074299185000143,18.360752112000057],[101.074097981000193,18.360404140000071],[101.073896590000174,18.360040486000173],[101.073766099000125,18.359655158000066],[101.073668322000117,18.359259021000071],[101.073660412000152,18.359055279000074],[101.073658789000092,18.358919406000155],[101.073695294,18.358767442000158],[101.073770412000044,18.358641195000132],[101.073885725000082,18.358430262000184],[101.073888248000173,18.358425630000113],[101.074026486000093,18.358084414000132],[101.074109928000041,18.357738565000034],[101.07414247700018,18.35752901],[101.074159077000104,18.357422155000165],[101.07417029000004,18.357349976000137],[101.074170916000128,18.357345921000046],[101.074170574999982,18.357335832000047],[101.074162382000111,18.357089925000025],[101.074155164000047,18.356943661000173],[101.074098006000099,18.356740456000125],[101.074019947000124,18.356621098000062],[101.073909251000032,18.3565177750001],[101.073782196000082,18.356419860000074],[101.073655320000114,18.356337618000055],[101.073490269000047,18.356266248000168],[101.073485076000054,18.356265530000087],[101.073314841000069,18.356242021000014],[101.073112347000176,18.356244225000012],[101.07294848100014,18.356272146000094],[101.072801531000039,18.356341683000096],[101.072676597,18.356421442000055],[101.072541152000099,18.356537899000159],[101.072362678000047,18.356717539000101],[101.072135241000183,18.35694753700011],[101.072131937000051,18.356950881000046],[101.072131197000033,18.356951481000124],[101.071813946000134,18.357212176000075],[101.07159740700007,18.35736617900011],[101.071575145,18.357382010000094],[101.071226724000041,18.35753911300003],[101.070819014000051,18.357620199],[101.070476559000042,18.357665731000054],[101.070133847000136,18.357690364000064],[101.069834844000184,18.357707553000125],[101.069484260000138,18.357683485999985],[101.069228537000185,18.357658388000061],[101.069008631000088,18.357577162000098],[101.068777285000181,18.357467295000163],[101.068693040000198,18.357427278000102],[101.068377111000075,18.357249534000175],[101.068141786000069,18.3570987760001],[101.06790629000011,18.356934089999982],[101.067634239000085,18.356762837000133],[101.067352220000089,18.356592128000102],[101.066657185000054,18.356262686000036],[101.065905345000033,18.356102354000086],[101.065391087000137,18.356136012000036],[101.064495561000115,18.356258051000111],[101.063159111000175,18.356398906000152],[101.061867949000089,18.356637546000172],[101.061426864000111,18.356642321000095],[101.06088169100002,18.356549937000125],[101.06020320500005,18.356374737000181],[101.059258562000139,18.356076048000034],[101.058664212000167,18.355959795000103],[101.058374240000148,18.355903074000139],[101.057815701000038,18.355923152],[101.057328083000186,18.356012088000114],[101.057087866000131,18.356063467000183],[101.056708762000198,18.356095431000142],[101.056497313000193,18.356111653000085],[101.056270775000087,18.356086229000084],[101.05614691500017,18.356046775000038],[101.056080319000159,18.35602556300006],[101.055955361000088,18.355950260000157],[101.055837626000027,18.355867906000071],[101.055763331000037,18.355757210000149],[101.055666492000114,18.355591018000098],[101.055584083000099,18.355410722999977],[101.055477967000058,18.355077378000033],[101.055332538000187,18.354576099000042],[101.055220293000048,18.354055619000121],[101.055052259000149,18.353523876000111],[101.054826898000101,18.353119107999987],[101.054586842000106,18.352714504000119],[101.054498278000096,18.352592473000016],[101.054358267000111,18.352349388000107],[101.054291270000192,18.352233070000068],[101.053979785000081,18.351811345000044],[101.053720363000082,18.351472682],[101.053453975000082,18.351161963000152],[101.053063292000161,18.350831682000091],[101.05296137400012,18.35075441500004],[101.052709840000091,18.35056372300005],[101.05250315100011,18.350363858000094],[101.05237486700014,18.350174660999983],[101.05232490200018,18.350100972000064],[101.052176412000165,18.349886550000065],[101.052042443000175,18.34966499300009],[101.051893707000147,18.349429665000173],[101.051760395000088,18.349263854000071],[101.051590599000122,18.349098438000055],[101.051399404000165,18.34897506600015],[101.051142538000079,18.348811265000165],[101.051119992000167,18.348796890000131],[101.050798694000036,18.348608517000116],[101.050386488000015,18.348252445000128],[101.049939981000136,18.347940102000109],[101.049649889000079,18.347699738000131],[101.049196597000105,18.347324142000161],[101.048928795000108,18.347058483000126],[101.048679299000071,18.346942697000088],[101.048446812000122,18.346866213000169],[101.048189794000166,18.346813689000101],[101.047816251000086,18.346699235000017],[101.047541140000135,18.346635295000056],[101.047426448000067,18.346608642000092],[101.047160882000128,18.346532512000181],[101.046812060000036,18.346409893999976],[101.046570563000046,18.34627031399998],[101.046378773000185,18.346138113000166],[101.046245150000061,18.346028966000119],[101.046136253000157,18.345911665000074],[101.046001979000096,18.345747245000155],[101.045924665000086,18.345503231],[101.045759732000192,18.344841557000166],[101.045604277000052,18.34428244999998],[101.045573436000041,18.344165917000055],[101.045491748000074,18.343857153999977],[101.045175633000099,18.342999648000102],[101.045149152000135,18.34290807900004],[101.045054933000074,18.342582342000014],[101.044909608000182,18.34218108400006],[101.044697294000059,18.341709472000105],[101.044578545000093,18.341458006000096],[101.04439410100008,18.341246732000172],[101.044176679000032,18.341043708000086],[101.043967339000119,18.340824804000079],[101.043741087000058,18.340574491000098],[101.043572257000108,18.340284065000048],[101.043352703000096,18.339899408000065],[101.043201152000051,18.339671988000077],[101.043009472,18.339547668000137],[101.042785264000088,18.339471087999982],[101.042378657000143,18.339356976000147],[101.041872364000085,18.339204435000056],[101.041466043000128,18.339114012000095],[101.041059168000118,18.338976195000157],[101.040583400000173,18.338870944000064],[101.039981497000042,18.33873877700006],[101.039510454000037,18.338659020000136],[101.039386558000103,18.338638044000163],[101.039022575999979,18.338541138000153],[101.038777027000037,18.338417752000055],[101.038491088000058,18.338225500000135],[101.038224056,18.337957451000079],[101.038197579000041,18.337923584],[101.037815192000096,18.337434541000164],[101.037808805000054,18.337426369000184],[101.037073013000054,18.336564801000122],[101.036282542000151,18.335540005999974],[101.035761389000072,18.334978548000095],[101.035103373000197,18.334358595000026],[101.035007603000054,18.334268371],[101.034427382000104,18.333732742],[101.034228025000061,18.333608857000172],[101.033665795000047,18.333482552000078],[101.033176348000154,18.33337437300014],[101.032845059000181,18.333251893000124],[101.032593738000116,18.333197873000074],[101.032178244000193,18.333208602000184],[101.031268190000048,18.333237204000056],[101.030694530000176,18.333262213000069],[101.030553374000192,18.333252388000062],[101.029988070000172,18.333213036000188],[101.029360171000178,18.333112612000036],[101.028910304000135,18.333003994000137],[101.028526103000047,18.332869478000191],[101.028269762000093,18.332725567000068],[101.028074549,18.332615973000088],[101.027429717000132,18.332194407000031],[101.02707615200012,18.331857954000156],[101.026742299000091,18.33151499100012],[101.026474194,18.331152423000106],[101.026384618000066,18.331006515000126],[101.026070717000152,18.330495181000117],[101.025762450000116,18.330082639000068],[101.025497621000113,18.329810575000124],[101.025094767000041,18.329396698000096],[101.024828111000147,18.329092937000098],[101.024031753000202,18.328185724999969],[101.023937942000146,18.328060714],[101.023834753000017,18.327696392000064],[101.02383834200009,18.327438044000189],[101.023866487000191,18.327021927000146],[101.023876129000087,18.326745412000093],[101.023876379000114,18.326738308000017],[101.023866559000169,18.326461197000128],[101.023718363000171,18.326198160000104],[101.023530598000036,18.32593554400006],[101.023070790000133,18.325537201000031],[101.022252230000106,18.32492214500013],[101.021320232000107,18.324194896999984],[101.020846283000026,18.323714793000079],[101.020079260999978,18.322992080000063],[101.01995276800011,18.322892619000072],[101.019383985000047,18.322766337000132],[101.019182047000186,18.322700659000191],[101.019158848000131,18.322693114000174],[101.01897233800014,18.322537580000073],[101.018785235000053,18.322331649000034],[101.018600448000143,18.322154359000081],[101.018291586000146,18.321858045999988],[101.017945605000193,18.321603396000057],[101.01771988500019,18.321479778000139],[101.017574196000112,18.321430918000033],[101.017303466000101,18.321408577000057],[101.015042397000173,18.321545882000123],[101.014692817000196,18.321549574000073],[101.014500947000101,18.321501200000171],[101.013477167000133,18.320818971000108],[101.013269469000193,18.320694275000108],[101.012002468000048,18.319933581000043],[101.011119473000122,18.319445166000037],[101.010841133000156,18.319334692000098],[101.010331870000073,18.319220352000059],[101.010040997000033,18.319166716000097],[101.009543768000015,18.318951437000123],[101.00903986600008,18.318729936000182],[101.008562932000075,18.318558550000034],[101.008371149000084,18.318516467],[101.008172980000097,18.318493348000118],[101.00792916,18.318514820000132],[101.007593135000036,18.318549853000093],[101.007178178000061,18.318604619000041],[101.006934421000039,18.318632387000036],[101.006683206000162,18.318584629000156],[101.006451485000071,18.318511460000025],[101.006000278000101,18.318283097000062],[101.00564837800016,18.318085185000029],[101.005156518000092,18.317762736000077],[101.004570569000066,18.317290062000041],[101.004230493000136,18.316972315000157],[101.003923743000144,18.316685720000123],[101.003557065000052,18.31634935400001],[101.003128847000141,18.315824617000033],[101.002869925000198,18.315483193000034],[101.002820733000192,18.315418328000078],[101.002505953000082,18.31500580800008],[101.002290615000049,18.314636347000146],[101.002134644000193,18.314266261000057],[101.001912350999987,18.313865368000052],[101.001664832000074,18.313565548999975],[101.001490014000126,18.313277567000171],[101.001381872000081,18.313051883000128],[101.00129831400011,18.312668440000095],[101.001202564000153,18.312373328000035],[101.001140601000088,18.31214716900007],[101.001038701000198,18.311889915000108],[101.000958971000159,18.311747550000121],[101.000870335000116,18.311589266000169],[101.000661671000103,18.311226030000114],[101.000521212000081,18.311021171000164],[101.00040003100014,18.310844453000072],[101.00001120100012,18.310300390000123],[100.999879985000064,18.310111286000108],[100.999716076000084,18.309875058999978],[100.999475160000088,18.309575168000151],[100.999254255000153,18.309293963000073],[100.999048058000085,18.309144910999976],[100.998629945,18.308922480000149],[100.998013459000163,18.308658014000116],[100.997602584000049,18.308492206000096],[100.997179244000165,18.308389525],[100.996851037000113,18.308337309000137],[100.996093213000108,18.308210829000132],[100.99525914600008,18.308196727000052],[100.994883456000082,18.308180159000074],[100.994513485000141,18.308194276000108],[100.994148930000108,18.308213453000178],[100.99380082100015,18.308263203000024],[100.993559757000071,18.308291341000086],[100.99329233300017,18.308360741000115],[100.993105428000092,18.308434427000179],[100.992982891000167,18.308507430000077],[100.992850025000166,18.308616421000124],[100.992690641000138,18.308751293000114],[100.992467598000076,18.308948326000177],[100.992265422,18.309093896000093],[100.992121597000107,18.309182497000052],[100.991993452000088,18.309235075000174],[100.991827763000117,18.309288042],[100.99169385800019,18.309304809000082],[100.991549154000097,18.309316570000078],[100.991414938000162,18.309307719000117],[100.991253738000182,18.30928378100009],[100.991081812000175,18.309259954000026],[100.990839507000089,18.309180506000189],[100.99051074200014,18.309045594000054],[100.990208738000035,18.308905284000161],[100.98999803300012,18.308774266000114],[100.989744421000069,18.308643695000058],[100.989510781000092,18.308537599000033],[100.98950176600016,18.308533502000103],[100.989497827000093,18.308532361000118],[100.989108875000056,18.308419751000031],[100.988909724,18.308355499000015],[100.988785829000165,18.30831552],[100.988344842000174,18.308217644000081],[100.988287485000114,18.308205573000066],[100.987903914000128,18.308124883000119],[100.987526408000122,18.308052008000061],[100.987425435000034,18.308032521000143],[100.987070740000092,18.307974723000143],[100.986930817000143,18.307935192000173],[100.986747745000116,18.307875615000114],[100.98655343300004,18.307770041000083],[100.986374908000073,18.30763868300005],[100.986186070000088,18.307543295000187],[100.986154732000159,18.307528738000087],[100.986045857000136,18.307478146],[100.985900336000043,18.307418178000034],[100.98574980900014,18.307388998000079],[100.985588901000142,18.307390672000054],[100.985449563000145,18.307402373000059],[100.985299670000131,18.307429544000058],[100.985161033999987,18.307502726999985],[100.985012083000186,18.30761186400008],[100.984826048000173,18.307762390000107],[100.984640539,18.30795901800019],[100.984502368000051,18.308073175000118],[100.984374221000166,18.308125739000047],[100.984251155000152,18.308152646000053],[100.984149475000038,18.308174189000113],[100.983994108000104,18.308191180000051],[100.983811628000069,18.308182834000036],[100.983695256000033,18.308158450000178],[100.983671823000179,18.308153542000127],[100.983580058000086,18.308103256000038],[100.983488168000122,18.308042729000078],[100.983357966000199,18.307949199000177],[100.983121672000038,18.307676947],[100.982806666000045,18.30726123200003],[100.982560153000179,18.306967445000112],[100.982481498000141,18.306880048999972],[100.982417362000035,18.306808796000041],[100.982293005000088,18.306722985000135],[100.982147077000093,18.306627146000096],[100.981953002000125,18.306542059000094],[100.981775249000066,18.306477295999969],[100.981603086000121,18.30643297000006],[100.98144193000013,18.306401374000075],[100.981280513000172,18.306369710000126],[100.980995424000128,18.306300936000127],[100.980758550000076,18.306226542],[100.980675334000125,18.306203391000167],[100.980667635000088,18.306201249000139],[100.980580972000098,18.306177145000106],[100.980279671000176,18.306098294000037],[100.980048172000068,18.306023836000122],[100.979740698000057,18.305873314999985],[100.979529996000053,18.305742285000179],[100.979340298000125,18.305570046000071],[100.979188076000185,18.305392294000114],[100.979084184999977,18.305219167000075],[100.978979780000145,18.304999931000054],[100.97883677700014,18.304688867000038],[100.978743269000063,18.304484886000125],[100.978627311000196,18.304194037000173],[100.978551394000078,18.303931865000152],[100.978410929000063,18.303627947000052],[100.978147228000182,18.303017532000069],[100.978013638000164,18.302559055000074],[100.978000586000121,18.302381616000048],[100.978031091000105,18.302211420000162],[100.978154694000125,18.301791159000118],[100.978372501000081,18.301185972000042],[100.978683671000056,18.300324341000078],[100.979006114000185,18.299513683000157],[100.979133283000181,18.299310175000187],[100.979162826000049,18.299173195000037],[100.97916724800001,18.299152699000103],[100.979172542000128,18.298988683000061],[100.979170758000123,18.298831577000044],[100.979111530000068,18.298654564],[100.97901948000009,18.298525733000133],[100.979009785000073,18.298512158000165],[100.978851449000103,18.298424986000043],[100.978787066,18.298383553000065],[100.978642518000129,18.29829052000008],[100.978469103000066,18.298135191000142],[100.97834613800012,18.298013501000185],[100.978208248999977,18.297837302000062],[100.978098427000134,18.297612995000065],[100.978060111000161,18.297387956000023],[100.97803045500001,18.297228633000088],[100.978030239000191,18.29722748800009],[100.977999179000108,18.297060664000128],[100.977924494000035,18.29678133800013],[100.977835341000059,18.29648850600006],[100.97774588700014,18.296168347000105],[100.977621064000175,18.295882712000036],[100.9774891630002,18.295603980000067],[100.977379498000062,18.295393336000188],[100.977276826000093,18.295168954000133],[100.977168324000047,18.29506077800005],[100.977010140000061,18.294987267000067],[100.976651047000132,18.29485434500009],[100.976452758000164,18.294813265000073],[100.976106461000199,18.294741522000095],[100.975991527000076,18.294717708000064],[100.975468257000159,18.294613814000172],[100.975196059000154,18.294575640000062],[100.974923775000036,18.294530631000157],[100.974686785000131,18.294444275000103],[100.974499855000147,18.294357393000041],[100.974291079000068,18.294236586000068],[100.974031716000184,18.294068476000177],[100.973793565000108,18.293879651999987],[100.973562100000095,18.293649763000076],[100.973192994000101,18.293264176999969],[100.972851841000193,18.292810318000022],[100.97156324000008,18.291443293000157],[100.971302717000071,18.291172718000041],[100.971099557000173,18.290915209000161],[100.970968606000042,18.290718447000188],[100.970909081,18.290514110000061],[100.97087093000016,18.290302724000185],[100.970839010000191,18.290009288000078],[100.970840830000157,18.289738980000095],[100.970841107000069,18.289698165000175],[100.970841679000159,18.289613033000023],[100.97080267500013,18.289205986000013],[100.970801135000158,18.289189892000138],[100.970780779000052,18.288938992000112],[100.97076790300008,18.288780333000091],[100.970729521000067,18.288548453999965],[100.970641321000073,18.28833757700005],[100.97063370900014,18.288324165000176],[100.970502676000081,18.288093075000063],[100.970357493000051,18.287903287000177],[100.970197558000052,18.287672654000175],[100.969864144000155,18.287279863000094],[100.9695603400001,18.286975565000148],[100.969322128000101,18.286779905000117],[100.96915596700012,18.286631321000073],[100.968917833000091,18.286442489000081],[100.968608273000086,18.286261221000188],[100.968316425000069,18.286083732000122],[100.967498540000179,18.285652723999988],[100.966559637000046,18.284963510000182],[100.966367685000137,18.284801823000066],[100.965912339000113,18.284376118000068],[100.965601016000051,18.284037738000166],[100.965463151000108,18.283861535000028],[100.965310606000173,18.283651316000146],[100.965172049000159,18.283413637000137],[100.965061629000104,18.283134672000017],[100.96501545600006,18.282978480000054],[100.964964983000073,18.282807749000085],[100.964963457000124,18.282780555000159],[100.964947062000135,18.282486844000061],[100.964915454000163,18.282220734000077],[100.964905228000191,18.281947575000117],[100.964874528000166,18.281581815999971],[100.96488821100013,18.280896983000048],[100.964879349000114,18.28078163400005],[100.96485989700011,18.280528077000099],[100.964836634000051,18.280301847000032],[100.964784038000118,18.280076942000164],[100.964681699000096,18.279879878000031],[100.964630344,18.279764268000065],[100.964513934000138,18.279587836000189],[100.964376381000079,18.279438953000067],[100.964267359000075,18.279282946000023],[100.964079057000163,18.279073101000165],[100.963897921000068,18.278863182000123],[100.963709698000059,18.278660163000097],[100.96354347200014,18.278504746000124],[100.963370014000191,18.278342563000081],[100.963082080000163,18.27817473000016],[100.962851650000118,18.278033635000099],[100.962542265000195,18.277866019000101],[100.962118549000138,18.277706406000163],[100.961731271000019,18.277607908000164],[100.961509073000116,18.277562363000015],[100.961215445000164,18.277524387000085],[100.960907598000176,18.277493385000184],[100.960657255000172,18.277489124000112],[100.960619131000044,18.27749148200013],[100.960392847000151,18.277505502000054],[100.960007113000188,18.277543617000106],[100.959728708000171,18.277587452000091],[100.959478672000103,18.277610518000188],[100.959263544000066,18.277558069],[100.95910539200014,18.277484540000103],[100.959004366000102,18.277403598000149],[100.958939170000065,18.277329117000079],[100.958837531000086,18.277193518000161],[100.958779253000046,18.277098481],[100.958735126000192,18.27698962400018],[100.958726214000194,18.276832579000029],[100.958737136000195,18.276531881000039],[100.958781593000083,18.276032705000148],[100.958791755,18.275663693000126],[100.958801380000182,18.275246861000142],[100.958807224000111,18.275130690000026],[100.958804387000157,18.274877923000133],[100.958786939000163,18.274598],[100.958732589000078,18.27421598300009],[100.958621811000171,18.27390285700011],[100.958523559000184,18.27369016800003],[100.958381406000058,18.273509089000015],[100.958128624000096,18.273286230000167],[100.957790263000106,18.273084743000084],[100.957516484000109,18.272903086999975],[100.957377361000056,18.272816597000144],[100.957188261000056,18.272684106000099],[100.956990858000154,18.272572062000052],[100.956818997000198,18.272455689000083],[100.956672166000033,18.27229017500008],[100.956547020000187,18.272157030000187],[100.956395741000165,18.271975265000151],[100.956287100000168,18.271793065000168],[100.956216393000091,18.271673858000156],[100.956104563000054,18.271485339000094],[100.956039524000118,18.271388242000171],[100.955931882000073,18.271295650000127],[100.955837265000184,18.271223293999981],[100.955730087000177,18.271171439000057],[100.95559750700005,18.271136129000183],[100.955447925000101,18.271105069999976],[100.955212746000086,18.27104637900004],[100.955071331,18.270982644000185],[100.954830706999985,18.270818088000055],[100.954577751000045,18.270694390000131],[100.954440450000163,18.270618394000053],[100.954425997000101,18.270607823000148],[100.954246450000085,18.270428922000178],[100.954073451000056,18.270210721000183],[100.953969264000079,18.270044761000122],[100.953882169000053,18.269882718000133],[100.953812082000184,18.26971641],[100.953733436000107,18.269546128000172],[100.95365531900012,18.269424718000039],[100.953555937000033,18.26930760200014],[100.953474256000106,18.269247332000134],[100.953388803000053,18.269231910000087],[100.953217949000134,18.2692051410001],[100.953115487000048,18.269193969000071],[100.952931663000072,18.269151037000029],[100.952791323000042,18.269104520000042],[100.952716515000077,18.269062664000103],[100.952675960000136,18.269034889000011],[100.952608976000135,18.268980795000175],[100.952467887000068,18.268858404000071],[100.952335099000095,18.268706744000156],[100.952233240000112,18.268550657000105],[100.9521237780001,18.268353650000051],[100.952059415000065,18.268197841000074],[100.951879955000095,18.267249235000065],[100.951783783000167,18.266783114000134],[100.951688888000035,18.266431036000142],[100.951536535000116,18.26602523300005],[100.951426955000102,18.26588514000008],[100.951317920000065,18.26579391700011],[100.951180890000103,18.265740995000158],[100.951004428000033,18.265721074000055],[100.950799871000072,18.265707324000118],[100.950793920000024,18.265706919000024],[100.950532500000065,18.265715020000073],[100.950151825000148,18.265735195000047],[100.94986760300003,18.265738093000095],[100.949565661000122,18.265681426000128],[100.949354486000118,18.26560753800004],[100.949148754000191,18.265511873000037],[100.949022178000178,18.265458878000175],[100.948857461000159,18.265389915000071],[100.948600508000084,18.265289337000127],[100.948446486000137,18.265242022],[100.948414108000122,18.265234446000079],[100.948059334999982,18.265191654000091],[100.947587105000196,18.265158438000185],[100.947416263000093,18.265133022000043],[100.947307715000193,18.265085251000073],[100.947221545000161,18.265004653000176],[100.947140630000092,18.264885986000024],[100.947059050000121,18.26470758],[100.946988653000062,18.264512765000177],[100.94691209500013,18.264274554000053],[100.946783708000055,18.26397713200015],[100.94657737600005,18.2638271510001],[100.94636553700019,18.263693522000153],[100.94623356,18.263614844000188],[100.946159508000108,18.263570692000087],[100.945931230000042,18.263491547000058],[100.945725262000053,18.263374151000107],[100.945502179000187,18.263251494000144],[100.945330440000077,18.263144619000116],[100.945141042000046,18.262983595000094],[100.945117554000035,18.262960720000081],[100.945003100000179,18.262849211000173],[100.944986519000111,18.262831356000049],[100.9447384180001,18.262564035000025],[100.944422627,18.262284811000029],[100.944186763000062,18.262111290000121],[100.944124080999984,18.262021708000191],[100.944071287000099,18.261875589999988],[100.944063916000118,18.261723584000038],[100.944009489000109,18.261430842000152],[100.943949567000118,18.261154445000102],[100.943885279000142,18.260997589999988],[100.943747045000066,18.260836053000048],[100.943609598000137,18.260745113000155],[100.943415242000071,18.260649326000134],[100.943158481000069,18.260565024000073],[100.943009909000182,18.260495928000068],[100.942895013000111,18.26038846300014],[100.94283021200016,18.260318339000037],[100.942802797000127,18.260275335000188],[100.942704472000059,18.260124252000026],[100.942554081000139,18.259892230000048],[100.94233463900008,18.259584870000026],[100.942121661000044,18.259348048000106],[100.941891096000063,18.25906251300006],[100.941631378000068,18.258712108999987],[100.941446053000107,18.258454795000034],[100.941198422000127,18.258119045000115],[100.940888580000092,18.25775396500012],[100.94070233900004,18.257472300000188],[100.940592410000079,18.257299612000111],[100.94055099600007,18.257153376000076],[100.940532124000072,18.256990626000118],[100.940536061000159,18.256833069000152],[100.940550882000196,18.256631961000039],[100.940547382000091,18.256316965000053],[100.940499739000131,18.25612192300008],[100.940430853000123,18.25587916600017],[100.940330068000037,18.255689129000189],[100.940231688000097,18.255532610000103],[100.940069456000174,18.255257248000021],[100.939978459000201,18.255128753000179],[100.939832669000054,18.254922902000089],[100.939699749000056,18.25474261300019],[100.93953754000006,18.254453354000134],[100.939359462000027,18.254286781000133],[100.939170683000157,18.254180072000111],[100.93899357000015,18.254100391000179],[100.938645696000151,18.25400071100006],[100.938109526000176,18.253837772],[100.937670709000201,18.253739020000182],[100.937431193000123,18.253670830000033],[100.937173963000134,18.253543081000032],[100.936796588000107,18.253345933999981],[100.936578980000036,18.253244718000133],[100.936476594000055,18.253197090000128],[100.936475090000158,18.253196391000131],[100.936156599000185,18.253048254000078],[100.935887583000124,18.252882598000042],[100.93570999300016,18.252759467000033],[100.935515108000118,18.252614791000155],[100.935251780000158,18.252449077000108],[100.935091784000065,18.252374653],[100.934943455000166,18.252327268999977],[100.934745212000166,18.252282019000177],[100.934379868000121,18.252261926000187],[100.9337160890002,18.252268634000018],[100.933358861000158,18.252232603000152],[100.933042343000068,18.252124796000032],[100.932609037000077,18.251962673000037],[100.932200545000057,18.251792368000054],[100.931515793000074,18.251402849000101],[100.93138095400019,18.251329377000047],[100.931130597000163,18.251192958000047],[100.930779044000133,18.251006026000027],[100.930372494000039,18.250819738000075],[100.930105841999989,18.250719362000098],[100.929931252000131,18.250689405],[100.929536746000167,18.250678922000134],[100.929062938000072,18.250663909000025],[100.928850403000126,18.2506755],[100.928766943000142,18.250680055000146],[100.927720267000041,18.250730354000098],[100.927131572000121,18.250802548000081],[100.926681261000056,18.250846845000069],[100.926431626000124,18.250849358000039],[100.926223147000201,18.250811693],[100.926114270000141,18.250725136000028],[100.926083222000045,18.250700454000139],[100.925879641000165,18.250477202000127],[100.925745544,18.250266503000034],[100.925520279000125,18.249963958000137],[100.925139907000073,18.249431038000068],[100.924837279000087,18.249029869000026],[100.924584208,18.248720978000108],[100.924422161000052,18.248490672000059],[100.924203980000186,18.248201306000112],[100.923908507000135,18.24781994],[100.923771705000036,18.247660029000031],[100.923655586000109,18.247524296000051],[100.923389746000112,18.247314918000143],[100.923269330000096,18.247202256000037],[100.922941282000181,18.246895333000168],[100.922756795000055,18.246696428000121],[100.922616208000079,18.246521195000128],[100.922414204000063,18.246261582000045],[100.922109240000054,18.245831730000191],[100.921950625000193,18.245608154000138],[100.92169077200009,18.24525912200005],[100.921399126000097,18.244770475000053],[100.921172937000108,18.244381781000186],[100.921158664000075,18.244349996000153],[100.921030754000185,18.244065145000093],[100.920897041000046,18.243887574000098],[100.92074967200017,18.243730017000075],[100.920574569000166,18.243572738000125],[100.920406836000041,18.243455139000105],[100.920114583000156,18.243365301000097],[100.919815471000049,18.24327891900009],[100.919355766000137,18.243101227000125],[100.919333394000091,18.243087795000065],[100.919062568000015,18.242925253000124],[100.918880742999988,18.242787917000101],[100.918761483000083,18.242663213000128],[100.918683605000012,18.242518210000128],[100.918603131000111,18.242272046000153],[100.918550480000135,18.242010932000028],[100.918539308999982,18.241749401000163],[100.918535394000116,18.241392647000168],[100.918564669000148,18.241035561000103],[100.918674565000174,18.240463595],[100.918754395,18.240177367000115],[100.918808038000122,18.23977246600009],[100.918821504000164,18.239486902000124],[100.918792952000103,18.239154189000033],[100.918747354000061,18.238847612000143],[100.918670769000016,18.238609825000083],[100.91854757200008,18.238337171000126],[100.918341484000052,18.238088340000047],[100.918072423000069,18.237765949999982],[100.917635521000193,18.237270825000166],[100.917358172000036,18.236948525000116],[100.917148062000081,18.236704840000129],[100.916954802000078,18.23648477200004],[100.916853074000187,18.236287572000094],[100.916783663000047,18.236010760999989],[100.916659773999982,18.235306354000045],[100.916550139000094,18.234387723000168],[100.916475084000183,18.233595606000108],[100.916327613000135,18.233010361000083],[100.916190005000146,18.232567733000053],[100.91602016600018,18.232212637000146],[100.915850422000176,18.231865472000095],[100.915640494000058,18.231637637000176],[100.915352353000117,18.231383427000139],[100.915287191000061,18.231318633000058],[100.91504094700008,18.23112762400018],[100.914812811000047,18.230959188000099],[100.914662526000143,18.23082981400006],[100.91450001200019,18.230672102000142],[100.91436703,18.230491341],[100.914239372000111,18.230253614000162],[100.914104703000078,18.229919224000014],[100.913945227,18.229494040000191],[100.913805040000057,18.229199539000092],[100.913635026,18.22889963800003],[100.913369558000113,18.228583625999988],[100.913038086000199,18.228222747000075],[100.912748926000063,18.227918351000142],[100.912278416000049,18.227457107000134],[100.912340727000128,18.227074554000012],[100.912397223000198,18.226795154000172],[100.912435240000036,18.226598046000049],[100.912529567000149,18.226281167000025],[100.912703326000042,18.225907153000151],[100.912809873000072,18.225582363000115],[100.912883080000142,18.225306472000113],[100.912954577000107,18.224914706],[100.912962983000114,18.224868648000097],[100.913034775000199,18.224463274000129],[100.913190286000201,18.223820644000114],[100.913302795000163,18.223486520000165],[100.913449261000039,18.223223407000148],[100.913628133000088,18.222888619000173],[100.913872415000014,18.222465960000079],[100.914027177000037,18.222202762000165],[100.914198974000158,18.222026535000055],[100.914355160000127,18.221936617000097],[100.914659461000156,18.22186289900003],[100.914963947000103,18.221806843000024],[100.915351642000132,18.221749954000188],[100.915673576000131,18.221701644000063],[100.915730078000195,18.221693165000033],[100.916034377000017,18.221619437000129],[100.916225992000193,18.221569623000107],[100.916246420000107,18.221564311000179],[100.916402518000041,18.221465561000173],[100.916539439000076,18.221305156000142],[100.916638614000192,18.221074441000155],[100.916665752000142,18.220967769000026],[100.916771577000134,18.220551837000073],[100.916858215000161,18.220020847],[100.916955550000125,18.219622283999968],[100.917027286000064,18.219418356000176],[100.917381042000159,18.218796344000054],[100.917680887000188,18.218317348000028],[100.917918473000157,18.217851115000087],[100.918035322000151,18.217682511000191],[100.918061822000197,18.217644256000085],[100.918275006000044,18.21748309600008],[100.918467618000193,18.217342010000152],[100.918757285000083,18.217199952000101],[100.919006010000146,18.217117944000108],[100.919199629000104,18.217069617999982],[100.919449007000139,18.2170472520001],[100.919587636000131,18.217049022000083],[100.919927750000056,18.217045616000121],[100.920334766000167,18.217089103000092],[100.920783422000113,18.217148040999973],[100.92111456900011,18.217176344000109],[100.921301547000098,18.217154592000099],[100.921438523000063,18.217117691000169],[100.921661459000063,18.217020314000024],[100.921908506000136,18.216851338000026],[100.922245313000019,18.216546670000071],[100.922507991000089,18.216290317000073],[100.923006889000192,18.215635160000147],[100.923342046000073,18.215179871000032],[100.923743387000172,18.214708045000066],[100.924053393000065,18.214229221000096],[100.924437533000059,18.21370207300015],[100.924813372000131,18.213175008000178],[100.925099881000165,18.212823269000125],[100.925303781000139,18.212504078000052],[100.925415991000193,18.212146157],[100.925429624000174,18.211876447000122],[100.925442028000134,18.211495752000133],[100.925379338000084,18.211076163000143],[100.925198778000095,18.21049917900018],[100.925044061000165,18.210009157000115],[100.924897548,18.209511120000059],[100.924851370999988,18.209083434000036],[100.924850420000041,18.208996919000072],[100.924848009000073,18.208777509000186],[100.924836460000108,18.208667441000159],[100.924794012000177,18.208442114000093],[100.924784170000066,18.20839330900003],[100.92477863400012,18.208365865000076],[100.924741798000071,18.208321080000189],[100.924664926000105,18.208269754000185],[100.924591866000128,18.208235762000072],[100.924522477000153,18.208221179000191],[100.924497161000033,18.208215865000113],[100.924423472000058,18.208212210000056],[100.924380809000183,18.208210089000147],[100.924197876000051,18.208209031000081],[100.923935951000146,18.208183876000192],[100.923766022000166,18.208153166000159],[100.923590941000157,18.208094718000098],[100.923473852000143,18.208021800000097],[100.923361558000124,18.207944202000078],[100.923219628000084,18.207815960000119],[100.923136248000105,18.20772417600017],[100.923096422000185,18.207627334000165],[100.923081020000154,18.207548764000023],[100.9230895930001,18.207446794000134],[100.923141161999979,18.207288831000142],[100.923231582000199,18.207139740000116],[100.923253453000143,18.207106250000038],[100.923341182,18.20697192900019],[100.923389044000089,18.206868436000093],[100.923412183000153,18.206818401000078],[100.92343921000014,18.206728890000079],[100.923440233000122,18.206725501000051],[100.923482515999979,18.206604675],[100.923487596000086,18.206525026000065],[100.923490784000137,18.206474927000102],[100.923489564000022,18.206363800000076],[100.923439284000153,18.206197594000173],[100.923404202000086,18.206091438999977],[100.923359276000099,18.205971488000102],[100.92328477500007,18.205805523000151],[100.923179942,18.205660675000047],[100.922825523000085,18.205273785000031],[100.922452779000139,18.204989332000025],[100.922437226,18.204980145000036],[100.922408318000123,18.204963045000056],[100.922138973000131,18.204803770000126],[100.921865345000015,18.204641962000039],[100.921316208000178,18.204238421000127],[100.920972536000136,18.203944384000067],[100.92046205600019,18.203637924000134],[100.919598263000069,18.203228926],[100.919375477000074,18.203126960000134],[100.919261957000117,18.203048216000184],[100.919188564000137,18.202982957000188],[100.919133337000119,18.202917526000022],[100.919074398000134,18.202845170000046],[100.919026291000137,18.202765770999974],[100.918985213000099,18.202665463000017],[100.918951294000067,18.202554664],[100.918932758000153,18.202430910000089],[100.918881080000119,18.202152536000142],[100.918862777000129,18.201906603000111],[100.918858265000097,18.201845983999988],[100.918834759000106,18.20153806400009],[100.918817809000132,18.201316089000102],[100.918806733999986,18.201259110000137],[100.918766640000058,18.201104549000036],[100.918694302000119,18.200987959000145],[100.91857062400004,18.200902751],[100.918427832000077,18.200842431000183],[100.918278858,18.200806875000069],[100.918012633000103,18.20079848],[100.917981578000138,18.200797503000047],[100.917697212000064,18.200787994000052],[100.917329013000028,18.200791674000186],[100.91703826100013,18.200788404000093],[100.916689108000128,18.200761022000108],[100.916249238000148,18.200709842000151],[100.915854529000057,18.200652043000048],[100.915670031000104,18.200599203000138],[100.915602913000043,18.200579977000132],[100.9155629,18.200568511000085],[100.915284049000149,18.200472508000018],[100.915082925000036,18.200394240000151],[100.914868474000116,18.200279065000132],[100.914530751000143,18.200115724],[100.914238045000104,18.199933414000043],[100.913964512000121,18.199732391000168],[100.913775433000183,18.199573741],[100.913481987000068,18.199323511000102],[100.913279853000063,18.199152640000079],[100.912986274000161,18.198890067000093],[100.912699258000032,18.198612255000057],[100.912405563000164,18.198305965000088],[100.91196066200007,18.197826743000064],[100.911627861000113,18.197545220000109],[100.911332760000164,18.197301778000053],[100.911072684000089,18.197034793000114],[100.910779081000044,18.196736424],[100.910267489000034,18.196226151000133],[100.909781293000094,18.195763196000144],[100.909605293000141,18.195598439000094],[100.909028122000052,18.195160172000158],[100.908451644000138,18.194785331000105],[100.908096910000097,18.194504442999971],[100.90800173700012,18.1944014500001],[100.907708105000154,18.194132684000067],[100.907564515,18.193998278000095],[100.907504900000163,18.193863028000123],[100.907489972000178,18.193677944000058],[100.907472430000098,18.193328116000089],[100.907465217000151,18.193184227000188],[100.907374728000036,18.192586201000097],[100.907245756000179,18.192013251999981],[100.907210103000182,18.19170488300017],[100.907246374000067,18.191476069000032],[100.907391653000104,18.191172069000118],[100.907665842000142,18.190842103000023],[100.907907868999985,18.19052479100003],[100.908060607000039,18.190313347000142],[100.908314344000132,18.189884778000135],[100.908468653000057,18.189488765000135],[100.908597828000154,18.189162402000022],[100.908677408000187,18.188852386000121],[100.908715166000093,18.188511076000111],[100.908711801000095,18.188201893000041],[100.908658672000058,18.187893196000175],[100.90840960100013,18.187110728999983],[100.908154384000056,18.186526534000052],[100.907833249000021,18.185982648],[100.907553422000092,18.185422491000111],[100.907340806000093,18.184940944000175],[100.907212344000072,18.184569569000075],[100.90714314100012,18.18430861100012],[100.907121902000085,18.183880667000096],[100.907041223000078,18.183326453000063],[100.906935489000034,18.182756633000167],[100.906763720000129,18.182138844000121],[100.906574210000031,18.181570907000093],[100.906488253000134,18.181294260000072],[100.906377336000105,18.181009920000122],[100.906290603000116,18.180661916000133],[100.906270393000057,18.180329113000028],[100.906281387000092,18.179813637],[100.906275703000119,18.179290394000134],[100.906280039000137,18.178925629999981],[100.906159650000063,18.178402997000035],[100.90590459200007,18.177827934000106],[100.905721539000126,18.177337101000091],[100.905686505000062,18.17708406100013],[100.905679912000153,18.176776912000037],[100.905764155999975,18.17635137200017],[100.905886876000011,18.175991812000063],[100.906011841000179,18.175762426000119],[100.906166318000032,18.175488555000072],[100.906268700000169,18.17525103700018],[100.906393193000099,18.174977464000165],[100.906517598000164,18.174696727000139],[100.906620300000156,18.174487863000081],[100.906722992000084,18.174279007000052],[100.906825140000194,18.174019992000183],[100.9068814580001,18.173682592000148],[100.906915987000161,18.173409911000078],[100.906911939,18.173037273000148],[100.906915930000082,18.172714721000091],[100.906927647000089,18.17241360200012],[100.906902753000168,18.172191684000097],[100.906915095000102,18.171947888000147],[100.906942666000191,18.171725442000024],[100.907008657,18.171588617000168],[100.907148990000167,18.171393718000104],[100.907342186000164,18.17123412899997],[100.907639872000118,18.171030502000121],[100.907945360000156,18.170855463000066],[100.90825116100018,18.170709091000049],[100.908675659000096,18.17044687300006],[100.908928594000145,18.17026519000018],[100.909054404000074,18.170113434000086],[100.909142952000138,18.169983550000154],[100.909193487000152,18.169803877000106],[100.909199499000124,18.169667656000115],[100.909197863000145,18.169517167000038],[100.909151014000088,18.169345627000041],[100.909081673000117,18.169174309000084],[100.908982273000106,18.168996125999968],[100.908889752000164,18.168760543000133],[100.908873111000105,18.168610203000128],[100.908871008,18.1684167250001],[100.908889143000181,18.168015201000117],[100.90889281900013,18.167663986999969],[100.90891898600006,18.167312558000162],[100.908998115000145,18.166315587000156],[100.909044511000104,18.165756112000167],[100.909064196000202,18.165497916000106],[100.909160469000085,18.165185634000181],[100.909299746000158,18.164903592000144],[100.909448936000047,18.164715008000144],[100.909695696000028,18.164499947000024],[100.909880931000032,18.16435352100018],[100.910163652000051,18.164172113000063],[100.910446363000062,18.163990705000174],[100.910862052000084,18.163765459],[100.911339731999988,18.163514072000112],[100.911595939000165,18.163349937000078],[100.911860958000148,18.163177209000025],[100.912028204000137,18.163013958000079],[100.912186564000081,18.1628507960001],[100.912335386000166,18.162628193000046],[100.912492818000032,18.162379990000034],[100.912640429000078,18.162046841000119],[100.912831036000114,18.161577194000074],[100.912968360000093,18.161116581000044],[100.913071675000026,18.160800884000139],[100.913167305000115,18.16059581900015],[100.91328109900013,18.160424595000165],[100.913439260000189,18.160244423],[100.91352344,18.160105617000056],[100.913457592999976,18.160016113000097],[100.913403266000046,18.15990384800017],[100.913348143000178,18.159718264999981],[100.913275020000071,18.159504663000064],[100.913213691000067,18.159290937000151],[100.913135217000161,18.159128146000114],[100.912997749000169,18.158965949999981],[100.91283145500006,18.158866074000116],[100.912576612,18.158761442000127],[100.912262775000102,18.158657401000141],[100.911966515000074,18.158541896000088],[100.911672809000095,18.158389707000026],[100.911411184000031,18.158204304000037],[100.911156612000127,18.157943612000167],[100.91086959900008,18.157593002000112],[100.91074243200012,18.157473941000092],[100.910584543000141,18.157422865000115],[100.910403547999977,18.157417140000121],[100.91010513100008,18.157465232],[100.909422107000069,18.157592342000044],[100.908947813000054,18.15765251800002],[100.908746921000159,18.157626308000033],[100.908595702000184,18.157555427000091],[100.908421099000179,18.157414270000061],[100.908115092000173,18.157034710000062],[100.907654795000042,18.156391570000153],[100.907231453000179,18.15580165],[100.907064070000104,18.155600256000071],[100.906929452000156,18.155518870000094],[100.906756078000171,18.155490504000056],[100.90658294800005,18.155484703000184],[100.906323541000177,18.155502318000117],[100.905962119000151,18.155543497000053],[100.905348990000107,18.155587182000033],[100.904994866000095,18.15557564900007],[100.904687452000076,18.155518532000031],[100.904465900000048,18.155400396000061],[100.904243785000062,18.155229626000107],[100.904044942000041,18.155028541000092],[100.903750973000115,18.154760710000062],[100.903400886000043,18.154395677000139],[100.902875723000193,18.153844356999969],[100.902318604000186,18.153248231000077],[100.901841779000108,18.152801711000052],[100.901619914000094,18.152653496000141],[100.901383131000159,18.152580631000035],[100.901138640000113,18.152522886000156],[100.900870960000134,18.152502972000093],[100.900603612000054,18.152513132000081],[100.90023425000004,18.152546868],[100.900006142000166,18.152549122000039],[100.899785416000043,18.152506176000031],[100.8995878,18.152417888000173],[100.899405583000146,18.152299356000128],[100.899270491000152,18.152172839000059],[100.899008319000131,18.151934771000072],[100.898699361000126,18.15173476700005],[100.898462255000084,18.151631818000169],[100.898131247000038,18.151574930000095],[100.897808514000076,18.151555548999966],[100.897501912999985,18.151573616000121],[100.897132551000198,18.151607345000173],[100.896848977000161,18.151572540000075],[100.896611961000076,18.151477106000129],[100.896468995000191,18.151350665000052],[100.896294407000084,18.151209501000096],[100.896096712000201,18.151113686000087],[100.895875745000126,18.151048176000188],[100.895513118000054,18.150976547000027],[100.89529198200006,18.150896004],[100.895078069000192,18.150755219000189],[100.894926924,18.150598781000042],[100.894751285000154,18.150359844999969],[100.894527882000034,18.150068750000173],[100.894249446000117,18.149780070000077],[100.89390012400014,18.149482689000081],[100.893670784,18.149370260000069],[100.893426218,18.149304980000181],[100.893071699000075,18.149255826000058],[100.892709718000049,18.149244353000086],[100.892347985000072,18.149255429999982],[100.892002303000083,18.149296434],[100.891609671000083,18.14936045800016],[100.890684197000098,18.149617742000146],[100.89043306200017,18.149672849000183],[100.890158010000164,18.14969811200001],[100.889905743000156,18.14964794600013],[100.889660457000105,18.149514988000135],[100.889311135000185,18.149217598000064],[100.888674457000036,18.148531961000117],[100.888292954,18.14816719800001],[100.887968120000153,18.147952289000102],[100.887762724000197,18.147871581000175],[100.887534143000039,18.147828704000062],[100.887298412000177,18.147853577000092],[100.887086533000115,18.147900784000171],[100.886962474000086,18.147970176000058],[100.886867585000118,18.148023257000091],[100.886828028000139,18.148058347000187],[100.886610444000098,18.148251397000138],[100.886120725000126,18.148797680000143],[100.885718641000096,18.149228037000114],[100.885158962000048,18.149853218999965],[100.884817645000169,18.15030178700016],[100.884664064000162,18.150525795000021],[100.884612436000168,18.150601092000159],[100.884427279000192,18.150871162000101],[100.884160508000036,18.151228743000104],[100.883998635000069,18.151392774000101],[100.883861233000061,18.151490385999978],[100.883698141000082,18.151540112000021],[100.883509367999977,18.151541961000078],[100.883330464000096,18.151505166000163],[100.883087266000075,18.151383463000116],[100.882873381000024,18.151244544000065],[100.88270301100016,18.151105903000087],[100.882528415000081,18.150917251000124],[100.882396002000064,18.150741580000044],[100.88223978100001,18.150478010000086],[100.882094873000142,18.150169202000086],[100.881926072999988,18.149832428000138],[100.881835597000133,18.149647179000169],[100.881631818000074,18.149350229000106],[100.881398668000145,18.149064845000112],[100.881106353000064,18.148763122000105],[100.880956938,18.148584087000131],[100.880872178000118,18.148381860000029],[100.880810231000055,18.148106090000113],[100.88077674900012,18.147734148000097],[100.88074808500005,18.147260626000161],[100.880703413000106,18.146945197999969],[100.880630088000146,18.146709022000152],[100.880509450000147,18.146462016000157],[100.880311400000096,18.146148088000132],[100.879809183000191,18.145526911000161],[100.879379743000186,18.145091150000042],[100.878658176000044,18.1443705800001],[100.878235008000047,18.143968598000072],[100.877877384000101,18.143628025000055],[100.877560828000071,18.143264483000166],[100.877225664000036,18.142816518000132],[100.877106413000035,18.142699229000129],[100.87696470100019,18.142632365000111],[100.876794374000042,18.142593415000078],[100.876558221000153,18.142577669],[100.876275216000067,18.142593963000138],[100.875888668000073,18.142638344000147],[100.875704621000011,18.142640138000104],[100.875586254000098,18.142605196999966],[100.875481709000042,18.142538528000046],[100.875400378000165,18.142435538000086],[100.875346781000076,18.142278131000126],[100.875317992000078,18.14206801500012],[100.875303064000093,18.141774862000091],[100.875288504000139,18.141515543000082],[100.87525714800006,18.141340989000184],[100.875202492000142,18.1411948760001],[100.875112741000066,18.141077297000038],[100.87495396300011,18.140917386000069],[100.874604393000141,18.140638770000066],[100.874091399000122,18.140248936000148],[100.873420326000144,18.139695654000036],[100.873114553000107,18.139374303000181],[100.872964374000048,18.139121947999968],[100.872887562000074,18.138833618000092],[100.872847395000065,18.138523787000167],[100.872835286000054,18.138079710999989],[100.872772921000092,18.137763049000114],[100.872696485000176,18.137509967000085],[100.872582578000106,18.137200855000117],[100.872356493000098,18.136744762000149],[100.872063673000071,18.136254069000131],[100.871569984000132,18.135382004000178],[100.871527373000106,18.135258332000035],[100.871502400000054,18.135128844000178],[100.871488439000075,18.134925922000093],[100.871497480000187,18.134666371000037],[100.871523731000138,18.134361534000107],[100.871556845000043,18.134146869],[100.871625106000067,18.133909312000185],[100.87170978100005,18.133642444000145],[100.871832418000167,18.133340428000167],[100.871915737000052,18.133038785000167],[100.871967826,18.132760016000134],[100.872002669000153,18.132338525000137],[100.872038074000159,18.131969669000171],[100.872120112000175,18.131547713000089],[100.872170272000062,18.131347228000095],[100.872273049000114,18.131081621000078],[100.872388461000071,18.130839838000043],[100.872472651000123,18.130620919000137],[100.872493930000189,18.130402619],[100.872468170000047,18.130199811000125],[100.872441140000092,18.130093918000171],[100.872410722000097,18.129974745000141],[100.872216844000036,18.129495315999975],[100.872167178000154,18.129262656000094],[100.872172561000184,18.129029467000066],[100.872198380999976,18.128923819000079],[100.872255470000198,18.128690233999976],[100.872354438000059,18.128380923000066],[100.872422656000197,18.128139598000075],[100.872420656000202,18.127951602000167],[100.872379172000137,18.127748946999986],[100.872283115000073,18.127591945000177],[100.872060665000163,18.127383532000067],[100.871774901000151,18.127138132000027],[100.871655252000096,18.126981366],[100.871590809000168,18.126839090000146],[100.871573535000152,18.126712350000105],[100.871593018000112,18.126584316],[100.871668140000111,18.126436932000104],[100.871890057000087,18.12618773700018],[100.872080574000108,18.1259906680001],[100.872279050000031,18.125785363000091],[100.872613707000085,18.12545120700014],[100.873049888000196,18.125048366000101],[100.87350182900019,18.124594401000138],[100.873780515000192,18.124229034],[100.874074963,18.123812527000098],[100.874260353000068,18.123494856000036],[100.874367809000091,18.123245632000192],[100.874489241,18.122830817000022],[100.874517639000032,18.122700325000096],[100.874541733000115,18.122589645000176],[100.874562282999989,18.122303664000015],[100.874543349000021,18.122003017000111],[100.874508106000064,18.121854492000182],[100.874477472000194,18.12172539400018],[100.874390410999979,18.121285468000167],[100.87438868400011,18.121123295000189],[100.874419106000175,18.120917145000135],[100.87448175500009,18.120673255000042],[100.874603100000115,18.120428791000052],[100.874711400000194,18.120184457000107],[100.87476159900018,18.119996826000147],[100.874792155000193,18.119803156999978],[100.874756685000136,18.119535263000046],[100.874661912000192,18.119211813000106],[100.87456819300013,18.118988156000171],[100.874435079000136,18.11873993200004],[100.874196464000192,18.118386686000122],[100.873943356000041,18.118098126000064],[100.873784390000026,18.117941740999981],[100.873602075000122,18.11780814500014],[100.873348743000122,18.117652673000066],[100.872961313000076,18.117460906000076],[100.872440432000019,18.117292992000046],[100.871880468000086,18.117148022000151],[100.871525459999987,18.117046181000148],[100.871044700000198,18.116953083999988],[100.870910373000186,18.116894226999989],[100.870822904000136,18.116804826000191],[100.870750454000188,18.1166475980001],[100.870716597000126,18.116422309000029],[100.870689652000124,18.116106702000138],[100.870648892000133,18.11597172900008],[100.87058486300009,18.115867059000095],[100.870450211000104,18.115778119000026],[100.870237159000112,18.115712499000097],[100.869803667000099,18.115626464],[100.869362158000058,18.115525457999979],[100.869046315000162,18.11540818800006],[100.868753823000077,18.115268137000101],[100.868302295000035,18.114964168000085],[100.867906135000112,18.114689746000124],[100.867557481000063,18.114444946000106],[100.8671222440002,18.114193461000184],[100.866474117000109,18.113891396000156],[100.866142304000107,18.113751717000071],[100.86587253800019,18.113528709999969],[100.865720411000098,18.113274478999983],[100.865631360000123,18.113034680000169],[100.865573443000017,18.112764493999975],[100.865507904000197,18.11251694800012],[100.865427433000036,18.112344754999981],[100.865260454000179,18.112173396000117],[100.864872008000191,18.111883849000037],[100.8641747220002,18.11139423100002],[100.863437719000046,18.110867394000081],[100.86266140400005,18.110340932000042],[100.862130624000201,18.109977547000085],[100.861749817000032,18.109665356999983],[100.861344461000044,18.109263162000047],[100.861033955000153,18.108905165000181],[100.860674759000062,18.108404748000055],[100.860410647000094,18.10797109400005],[100.860176320000164,18.107379226000091],[100.860006811000062,18.106967220000115],[100.859837228000174,18.106547702000057],[100.859668673000158,18.106225940000058],[100.859484476000091,18.105911843000115],[100.859245387000101,18.105613323000114],[100.85891932800007,18.105270518000054],[100.858442578000052,18.10480883200006],[100.858022155000185,18.104466932000037],[100.857561933999989,18.104080292],[100.857284485000037,18.103872387000138],[100.857078130000104,18.103693878000172],[100.856894962000069,18.103477545000146],[100.856719749000035,18.103268649000086],[100.856497106000177,18.103037655000151],[100.856250721000151,18.102791846000173],[100.856028085,18.102560845000141],[100.855853024000169,18.102366990000178],[100.855748655000184,18.102164935000076],[100.855659784000181,18.101940175000095],[100.855609906000154,18.101684950000049],[100.855575289000058,18.101384456000062],[100.855547980000154,18.101031245000058],[100.855513989000087,18.100790910000171],[100.855448470000113,18.100543352000102],[100.85536785700009,18.100356111000167],[100.855120442000157,18.100012542000059],[100.854856515000051,18.099593919000142],[100.854680196000118,18.099279747000082],[100.854599266000037,18.099062423000021],[100.854572988000143,18.098806975000059],[100.85458547200011,18.098498503000087],[100.854637190000119,18.098182134000126],[100.854665800000191,18.097911117000024],[100.854656276000128,18.097753271000101],[100.854607750000184,18.097551427999974],[100.854453926000076,18.09728216600007],[100.854230461000157,18.096971452000162],[100.853887092000036,18.096625796000126],[100.853569774000107,18.096364114000153],[100.853067938000152,18.095905662000064],[100.852902166000092,18.095696671000098],[100.852754890000199,18.095451406000166],[100.852683417000037,18.09523550300014],[100.852605277000123,18.094983556000159],[100.852464223000197,18.094732214000146],[100.852266751,18.094499463000147],[100.85188558100009,18.094148143000041],[100.851581294000084,18.09392845300016],[100.851307890000157,18.093654317000016],[100.851014166000198,18.093241990000138],[100.850847389000194,18.092936744000099],[100.850775354000177,18.092666693000012],[100.850689661000104,18.092294484000035],[100.850590883999985,18.091874274000133],[100.850455440000189,18.09155669300003],[100.850250036000034,18.091167586999973],[100.849872960000084,18.09060564300006],[100.849400966000132,18.089990460000024],[100.849240992000034,18.089733279000143],[100.849169844000187,18.089547450000168],[100.849129952999988,18.089343265000025],[100.849095982000108,18.089102927000056],[100.849116978000097,18.088705635000053],[100.849133392,18.088470825000172],[100.849111556000196,18.088188257000013],[100.849045002000196,18.087839934999977],[100.848945846000163,18.087383619999969],[100.848912254000197,18.087179380000123],[100.848922567000102,18.086962684000127],[100.848964580000086,18.086769748000165],[100.849075792000065,18.08657615400017],[100.849243490000049,18.086369980000143],[100.849524283000108,18.086150690000125],[100.849880438000184,18.085918647000028],[100.850012669000193,18.085798074000081],[100.850260554000045,18.085572059000128],[100.850653066000177,18.085207295000146],[100.850839373000042,18.084976876000155],[100.850932089000082,18.084819555000024],[100.850980895000191,18.084674690000043],[100.850991962000137,18.084530186000165],[100.850952518999975,18.084368116000064],[100.850862808000102,18.084212545000071],[100.850811283000041,18.084138503000133],[100.85068397200007,18.083955546000027],[100.850441849,18.083663057000081],[100.850314023000124,18.083471750000172],[100.850192051000136,18.08323827300012],[100.850021964000177,18.082837732000087],[100.849841593000065,18.082446109000102],[100.849830508000139,18.082427580000058],[100.849699564000161,18.082208650000098],[100.849543289999986,18.082013473000188],[100.849402433000193,18.08188839100012],[100.849151279000182,18.081750317000115],[100.848841457000105,18.081619823000153],[100.848428671000079,18.081476274000067],[100.847751229000153,18.081307158000129],[100.847154340000031,18.08111620000011],[100.846850723000045,18.081023889000051],[100.846594399000196,18.080945955000175],[100.846174045000055,18.08078139700001],[100.845466429000112,18.080535298000029],[100.844935195,18.080301558000031],[100.844682205000083,18.080174373999967],[100.844359319000148,18.080012049000175],[100.8438784760001,18.079750434000061],[100.843583097000078,18.079595908999977],[100.843382470000051,18.07951354000005],[100.843252876000179,18.079481062000184],[100.843064880000099,18.079482858000176],[100.842871365000178,18.079518422000092],[100.842666747000123,18.079615901000068],[100.842456657000128,18.079752775000031],[100.842431508000061,18.079770448000147],[100.842350020000083,18.07982771200011],[100.841978384000072,18.080088881000108],[100.841768532000117,18.080248226000037],[100.841639993000058,18.080316881000158],[100.841504929000052,18.080323790000079],[100.841375270000071,18.080285691000029],[100.841227639000067,18.080214048000073],[100.840914218000137,18.080020365000109],[100.840719357000069,18.07992669500004],[100.8405896390002,18.07988297300011],[100.840419038,18.079862127000183],[100.840272399000071,18.079872681000154],[100.840175958000145,18.07987961800012],[100.84014897600008,18.079881556000089],[100.83990270400011,18.079928864000124],[100.839598087000013,18.080016056000034],[100.839334717000099,18.08011409900007],[100.839118637000183,18.080239780000056],[100.839013864000094,18.080318201000068],[100.838943737000079,18.080370688000073],[100.838881455000092,18.080418192000081],[100.838757203000114,18.080512953000039],[100.838553459000138,18.08069470900017],[100.838291374,18.080916362000096],[100.838128048000158,18.081030303000034],[100.837975946000199,18.081093567000096],[100.837758927000095,18.081129348000161],[100.837388695000186,18.081121633000123],[100.837207127000113,18.081106493000107],[100.836965297000177,18.081086332000154],[100.836753855000097,18.081093964000047],[100.836640066000143,18.081103216000088],[100.836519039000166,18.081113053000138],[100.836296145000063,18.081148893999966],[100.836262638,18.081158275000121],[100.836084833000143,18.081208070000059],[100.836067666000076,18.081212881000056],[100.83581568600016,18.081277086999989],[100.835534223000082,18.081330344000094],[100.835287242000163,18.081310213999984],[100.83507516200018,18.081256038000163],[100.834886288000178,18.081173546000059],[100.834726498000123,18.081062677000034],[100.83457223400012,18.080918043000167],[100.834292903,18.080611636000128],[100.834073141000147,18.080383330000075],[100.833853851000129,18.080199978000167],[100.833652876000087,18.080083882000167],[100.833475871000076,18.080012515000192],[100.833334702000059,18.079996997000137],[100.83318800100011,18.080015250000145],[100.833041657000081,18.080067209000106],[100.832919223000033,18.080158284999982],[100.832814813000141,18.080288518000032],[100.832670759999985,18.080493944000125],[100.832611794000115,18.080578026000182],[100.832600599000159,18.080593996000061],[100.832299594,18.081029545000149],[100.832125796000014,18.081267210000192],[100.831794542000182,18.081618752000111],[100.831665808000196,18.081749806000118],[100.83166082300005,18.081754883000087],[100.831508951000046,18.081840618],[100.831315600000153,18.081893026999978],[100.831098462000114,18.081917562000172],[100.830851486000142,18.081897431000186],[100.830509982000081,18.081827617999977],[100.830439230000138,18.081809541000041],[100.83008582399998,18.081719255],[100.829649682000138,18.081588528000111],[100.82923738900007,18.081491291000134],[100.828889783000079,18.081399057000169],[100.82854793100006,18.081295528000055],[100.828330413000174,18.081210181000188],[100.828170365000062,18.081147385000122],[100.827874932000043,18.08098722200009],[100.827443680000044,18.080760912000017],[100.826959905000081,18.080568816000095],[100.826447452000082,18.080444421000038],[100.82600448400018,18.080364923000047],[100.825882356000193,18.080343],[100.825276610000174,18.080286922000084],[100.824583080000139,18.080265381000174],[100.824054632000127,18.080298477000042],[100.823643915000162,18.080352927000092],[100.823280481000097,18.080435035000164],[100.82293531900018,18.080578785000171],[100.822590670000181,18.080773096000144],[100.82213573100006,18.081097692000185],[100.821512396000116,18.081614943999966],[100.82120711400006,18.081873510999969],[100.820982357000048,18.082063873000095],[100.820808000999989,18.082198218000087],[100.820539337000184,18.08240521800019],[100.820259600000043,18.082627015000128],[100.819997776000037,18.082876734000138],[100.819828075000089,18.083050351],[100.819758677000038,18.083121346000098],[100.819645709000099,18.083196101000169],[100.819513802000131,18.083235319000039],[100.819314169000052,18.08324844100008],[100.819096506000051,18.083222394000131],[100.818489470000088,18.083042681000109],[100.818217831000084,18.082910371000139],[100.818058049,18.082799495000017],[100.817921071000058,18.082620963000181],[100.817836965000197,18.082441938000045],[100.817793758999983,18.08224004900012],[100.817761550000114,18.081965001000071],[100.817757267,18.081549207000137],[100.817725990000156,18.081418640000095],[100.817714293000165,18.08136979000011],[100.817664358000059,18.081269536000036],[100.817636297000149,18.08121318200017],[100.81747006300003,18.081046173000118],[100.817032311000048,18.080758084000138],[100.816180080000152,18.080159217000073],[100.81564740500005,18.079782108000018],[100.815263284000139,18.079566567000086],[100.814826694000089,18.079390849999982],[100.814408135000178,18.079254304000074],[100.813129936000053,18.078940396],[100.812558346000174,18.078777183000113],[100.812086795000141,18.078629889000183],[100.811744732000193,18.078503853000086],[100.811425697000175,18.078332649000117],[100.811006047000092,18.078089332000161],[100.810767265000038,18.077937289999966],[100.810724837000066,18.077910274999965],[100.810562496000045,18.077806907000138],[100.81006543500007,18.077463169000112],[100.809361495000076,18.076997740000081],[100.808999850000077,18.076680824000107],[100.808833341000081,18.076485702000127],[100.808731277000163,18.07627312600016],[100.808681926000077,18.0760431920001],[100.80867363200008,18.075807257000065],[100.808712048000075,18.075542784000106],[100.808843137000167,18.075148196000157],[100.808928326,18.074860805000071],[100.8089558530001,18.074680730000182],[100.808956136000177,18.074675996000167],[100.808960009000089,18.074610820000089],[100.808965877000048,18.074512052999978],[100.808922857000198,18.074327017000144],[100.808832661,18.074125566000077],[100.808520846000079,18.073510348000184],[100.808299512000019,18.073124687000131],[100.808271304000186,18.073066173000086],[100.808113424999988,18.072738694000066],[100.808064070000114,18.072508759000186],[100.808085033000168,18.072261310000044],[100.808138549000148,18.072090489],[100.808238648000156,18.071770981000043],[100.808277584000166,18.071557080000048],[100.808287379000035,18.071365930000184],[100.808273556000188,18.071163761999969],[100.808224373000144,18.070950684000138],[100.808098130000076,18.070670895000148],[100.807781659000113,18.070173733000047],[100.807632316000081,18.069933494000168],[100.807566032000125,18.069771157000162],[100.807546623000178,18.069597134000048],[100.807538276000116,18.069355576000135],[100.807558269000083,18.069012606000172],[100.807609765000109,18.068304082000168],[100.807639381000058,18.067753101000164],[100.80764146100006,18.067382205000172],[100.807640432000028,18.067281660000106],[100.80763824100012,18.067067548000182],[100.807611578000149,18.066758725000113],[100.8075186330002,18.066287565000039],[100.807432076000055,18.065866926000126],[100.807369079000068,18.065451680000081],[100.807342425000172,18.065273764999972],[100.807318640000062,18.06511498499998],[100.80724520800004,18.064829085000156],[100.807130439000048,18.064521086000127],[100.806921612000053,18.06420835300014],[100.80670156400015,18.063946305000115],[100.806648979000158,18.063903955000171],[100.806362676,18.063673383000094],[100.80619804700018,18.063540794000062],[100.80604330400007,18.063345562000052],[100.805947243,18.063144164000107],[100.805892363000112,18.062947997000094],[100.805835566000098,18.062524683000106],[100.805835130000048,18.06252145600007],[100.805755263000094,18.062179422000042],[100.805592236000052,18.061748249000118],[100.805459381000162,18.061395463999986],[100.805249936000166,18.06102092499998],[100.804951237000012,18.060552145000145],[100.804879757000151,18.060439963000078],[100.804670772000179,18.060110376000068],[100.804418110000086,18.059681733000048],[100.804347941,18.059562685000117],[100.804120072999979,18.059109642000067],[100.803947928000071,18.05872058],[100.803867508000167,18.058538820000081],[100.803699474000098,18.058191988000146],[100.803556195000056,18.057968546000154],[100.803407163000145,18.057756400000187],[100.80326480500014,18.057622865000042],[100.803081561000056,18.057512181000106],[100.802899423000099,18.057428250000044],[100.802873497000064,18.057416306000107],[100.802603462000036,18.057291870000086],[100.802337858000044,18.057170717000133],[100.802118564000068,18.056981707000091],[100.801963603000104,18.056763994000107],[100.801760161000118,18.056400627000187],[100.801651448000143,18.05610943400012],[100.801589557000057,18.055800943000122],[100.801550815000041,18.055458517000034],[100.801495721000094,18.055239877000076],[100.801399384000035,18.055010375000052],[100.801309327000126,18.054820157000165],[100.801136171000053,18.05454641700004],[100.800880210000059,18.054217254999969],[100.80069017600016,18.054016728000022],[100.800364641000158,18.053778127999976],[100.800265028000183,18.05372221000016],[100.800039680000168,18.053595712000174],[100.799732737000056,18.053452467000113],[100.799544141000126,18.053392410000072],[100.799238400000149,18.053367160999983],[100.798950747000049,18.053386695000029],[100.798937238000065,18.053388708000114],[100.798669190000112,18.05342865],[100.798323304000064,18.053499310000177],[100.798088231000065,18.053490259000057],[100.797870434000117,18.053447325000036],[100.797663922000083,18.053359336000142],[100.797503666000125,18.053197863000037],[100.797392979000108,18.053020344000174],[100.797378252000044,18.052996731000064],[100.79736570100016,18.052974216000109],[100.79722866100019,18.052728388000162],[100.797042794000163,18.052359239000111],[100.796832065000046,18.051855445000172],[100.796655614000144,18.051255809000111],[100.796565160000114,18.051026252000042],[100.796500223000123,18.050885575],[100.796451625000032,18.050780292000127],[100.796306872000059,18.05046671000008],[100.796127512000112,18.050159306000069],[100.795848295000042,18.049852832000113],[100.795563893000121,18.049613836000049],[100.795232840000153,18.049408993000043],[100.794860500000084,18.04918767700002],[100.79445349100007,18.049022872000023],[100.793970405000096,18.048886867000022],[100.793884871000103,18.048874549000061],[100.793493870000191,18.048818239000013],[100.793163269000104,18.048817401000122],[100.793040331000043,18.048817092000036],[100.793018026000084,18.048817035000127],[100.792701063000038,18.048842455000056],[100.792390081000065,18.048879057000079],[100.792043915000193,18.048921601000075],[100.791855839000107,18.048912104000067],[100.791736953,18.048860135000098],[100.79166702100008,18.048829565000062],[100.791524736000156,18.048701639000171],[100.791387758000155,18.048517465000032],[100.791190900000061,18.048221459000047],[100.791011670000159,18.04792529100007],[100.790903716000116,18.047707133000131],[100.790812821000145,18.047432619000119],[100.790756942000201,18.047135308000122],[100.790717716000131,18.04674231100006],[100.790679511000121,18.046450449000076],[100.790636860000063,18.046299120000072],[100.790529595000123,18.046148389000109],[100.790339809000045,18.045970322000016],[100.790002497000046,18.045726190000096],[100.789435314000116,18.045405512],[100.788697503000094,18.045058318000088],[100.787995451000086,18.044761363000077],[100.787104478000174,18.044370615000105],[100.78653814900008,18.044134215000099],[100.786379368000041,18.044060095000134],[100.786101391000045,18.043930332000173],[100.785893649000059,18.043811285000174],[100.785811871000078,18.043764421000049],[100.785539408000147,18.043542163000097],[100.78526620800011,18.04324685600011],[100.784873663000042,18.042767205000132],[100.784504503000051,18.04227609600008],[100.78417109600008,18.041835232000039],[100.783885702000134,18.041495081000051],[100.783244318000129,18.040804180000123],[100.782905779000146,18.040436422000084],[100.782756839000058,18.040229875000136],[100.782709117000195,18.040138414000126],[100.782643031000077,18.040011763000052],[100.782552380000084,18.039759722000042],[100.78244303300005,18.039401085000122],[100.782345773000145,18.039076050000176],[100.782340138000109,18.039065779000111],[100.782220103000043,18.038846808000187],[100.782089190000136,18.038679433000141],[100.781851753000126,18.0384343610001],[100.781632674000036,18.038262178000139],[100.781574149000051,18.038230160000182],[100.781096057000127,18.037968594000176],[100.780935680000084,18.037880853000104],[100.780793642000049,18.037775390000036],[100.780733775000158,18.03766355199997],[100.780691191000187,18.037517839000088],[100.780689957000106,18.037395259000107],[100.780689155000061,18.037315556000181],[100.780716543000153,18.037118622000037],[100.780771141000059,18.036772849000101],[100.780793856000059,18.03662901500013],[100.780792386000144,18.036482921000072],[100.780755783000018,18.036348388000079],[100.780677904000072,18.0361973790001],[100.780511748000038,18.036030328000038],[100.780387707000159,18.035924712],[100.780191807999984,18.035757917000126],[100.779921375000129,18.035558637000179],[100.779777550000176,18.035452658000054],[100.779310321000196,18.035136646000183],[100.778996989000177,18.034937228],[100.77874900400019,18.034810258000164],[100.778324193000117,18.034623105000037],[100.777852056000199,18.03440267000019],[100.777668847000086,18.034291962000111],[100.77755013400008,18.034169424000083],[100.777472423000177,18.03403526600016],[100.777417927000101,18.033872801000143],[100.777392572000053,18.033687594000185],[100.777394860000072,18.03358170100006],[100.777396584000201,18.033502115000033],[100.777429655000162,18.033269555000118],[100.777434988000152,18.033232025000075],[100.777427424000052,18.033063508000055],[100.777372642000159,18.032872952000105],[100.777282676000198,18.032688332000077],[100.77702701700008,18.032381609000026],[100.776980336,18.032331630000101],[100.776563874000033,18.031885729000066],[100.7761898400002,18.031490182000084],[100.775931502000105,18.031260961000044],[100.775863872,18.031200959000046],[100.775650062000125,18.030966905000071],[100.775376731000108,18.030654722000065],[100.775085159000184,18.03028088800005],[100.774745254000038,18.029772634999972],[100.774548669000183,18.02947696200016],[100.774399007000056,18.029251857000077],[100.774258192000048,18.029200949000142],[100.773950756000033,18.029089806000059],[100.773477584000091,18.028916106999986],[100.773203246000151,18.028776196000081],[100.77295932800007,18.028576660000056],[100.772653867000088,18.028227073000039],[100.772332420000055,18.027917742999989],[100.77183194100013,18.027495047],[100.771119992000081,18.027014934000022],[100.770421161000115,18.02660591900019],[100.769941023000172,18.026355130000127],[100.769392836000179,18.02612276300016],[100.768994098000064,18.025948373000119],[100.768446392000044,18.025763475000076],[100.767762285000174,18.025585759000137],[100.767246476000025,18.025489585000173],[100.76679328300014,18.025452182000038],[100.766421252000157,18.02546745],[100.766074509000134,18.025529959000153],[100.765666336000038,18.025652375000163],[100.765301922000106,18.025809997000067],[100.764716178000128,18.026165478000053],[100.764242433000106,18.026555540000174],[100.763879151000083,18.02682590600017],[100.763576528000158,18.026959225000098],[100.763304322000181,18.027032919000135],[100.762938615000053,18.027059989000065],[100.762479862000191,18.027087909999977],[100.761754169000085,18.02709452],[100.761500044000115,18.027114634999975],[100.761333049000086,18.027163632000054],[100.761172789000113,18.02726597700007],[100.761031427000148,18.027397823000172],[100.76081108600016,18.027696558000059],[100.760511410000049,18.028126568000118],[100.760266728000033,18.028472996],[100.760052356000074,18.028747934000023],[100.759842936000155,18.02889820200005],[100.759540749000109,18.029013115000055],[100.759268258000191,18.029058317000022],[100.758955604000107,18.029056413000092],[100.758553157999984,18.029007852000063],[100.758224906,18.028934870000057],[100.757896229000096,18.028819170000077],[100.757632059000116,18.02870287900015],[100.757367518000137,18.028548614000044],[100.757107511000015,18.02835157100003],[100.756918010000049,18.028258342000015],[100.756758708000064,18.028207569000188],[100.756559943000184,18.028180885000097],[100.756411176000086,18.02819173],[100.756282585000179,18.028235627000186],[100.75617899700012,18.028298287000041],[100.75608575200016,18.028403579000042],[100.755900257000178,18.028713859000163],[100.755816838999976,18.028809568000156],[100.755713297000113,18.028876975000117],[100.75551060500004,18.028954774000113],[100.754852105000111,18.029107929000077],[100.754391999000063,18.029249784000172],[100.754105322000044,18.029366327000105],[100.753887984000187,18.029467996000108],[100.753700551000065,18.02958363900018],[100.753434336000112,18.029761712000095],[100.753296149000164,18.029838926000082],[100.753132685000139,18.029868897000142],[100.752899319,18.029856769000048],[100.752655517000107,18.029792512000142],[100.752366447000156,18.029666944000041],[100.751902343000097,18.029405280000049],[100.751423118000162,18.029120010999975],[100.751094021000199,18.028961574000107],[100.75071039400018,18.028808377000132],[100.75006812200013,18.028595793000136],[100.749555482000176,18.028443761000176],[100.749336824000011,18.028412501000105],[100.749098780000054,18.028428900000108],[100.748821280000186,18.028469388000076],[100.748563912,18.028538180999988],[100.74831173400014,18.028630669],[100.747984703000157,18.028681097000117],[100.747642461000112,18.028698436000013],[100.747116575000121,18.028712681000059],[100.746789356000136,18.028744120000056],[100.74654672700018,18.028798535000021],[100.746314354000049,18.028886089000025],[100.746141612000145,18.028982599000187],[100.745944632000032,18.029136306],[100.745738095000092,18.029328077000173],[100.745565917000022,18.029481553000096],[100.7453682740001,18.02956879300018],[100.7451353350001,18.029599381000025],[100.744867148000026,18.029578065000067],[100.744429266000054,18.029458576000025],[100.743960721000121,18.029249152000091],[100.743127793000099,18.028824625000084],[100.742753909000101,18.028652330000114],[100.742265988000099,18.028490559000147],[100.741868178000061,18.028408687000137],[100.741197220000174,18.028305528000033],[100.740685565000035,18.028253161000066],[100.740601094000056,18.028261446000101],[100.740472382000064,18.02827406900019],[100.74029425700013,18.028327896000121],[100.740216152000187,18.028373131000023],[100.740161027000113,18.028405056999986],[100.739969323000082,18.028591941000172],[100.7398806610002,18.028659205000054],[100.739732264000111,18.028708017000042],[100.739533685000083,18.028700303000107],[100.739251701000057,18.028636725000183],[100.739250194000192,18.028636386000017],[100.738802486000054,18.028526470000031],[100.738544269000101,18.028509796000037],[100.73820717000001,18.028546062000032],[100.737830933000055,18.028639646000158],[100.737544436000064,18.02877515400013],[100.737420457000042,18.028846208000175],[100.737279245000082,18.028927135],[100.736944174000143,18.029133562000141],[100.736727449000057,18.02924466200011],[100.736510284000133,18.029311111000027],[100.736220189000051,18.029343479000033],[100.735680786000046,18.029338400000029],[100.734954556000048,18.029320111000061],[100.734327051000037,18.029320771000073],[100.734036900000149,18.029348184000128],[100.733788523000101,18.02940498300012],[100.733602521000137,18.029476110000076],[100.733494450000194,18.029561423000132],[100.733370843000159,18.029715721000059],[100.73326696800018,18.029832003000138],[100.733131753000123,18.029926241000112],[100.73297694900009,18.030005769000127],[100.732841151000059,18.030040479000149],[100.732677845000012,18.03004566300001],[100.73247913,18.030010228000037],[100.732342456000083,18.029955641000015],[100.732150761000128,18.029842002000123],[100.731943536000131,18.029732222000121],[100.731795126000065,18.029670295000074],[100.731619786000124,18.02963837100009],[100.731436953000014,18.029636292000191],[100.731184593000137,18.029683200000136],[100.730913189000034,18.029771216000142],[100.730692299000054,18.029855056000144],[100.730572459000086,18.029930554000032],[100.730487878000133,18.030031776000044],[100.730392247999987,18.030196359000058],[100.730258855000102,18.030476638999971],[100.730148540000073,18.030730657000049],[100.730020372000126,18.030899722000072],[100.729945239000074,18.030972953],[100.729852364000124,18.031021227999986],[100.729703872000073,18.031050464000145],[100.729488072000152,18.031057977000103],[100.729243076000159,18.031062958000064],[100.729036278000081,18.031095510000114],[100.728885139000113,18.031152673000122],[100.728780753000194,18.031217795000032],[100.72871721100006,18.031282554000143],[100.728680107000173,18.031366611000067],[100.728638126000192,18.031548389000022],[100.728607404000115,18.031688206000126],[100.728581639000197,18.031738671000141],[100.728517845000113,18.031778310000107],[100.728439195000135,18.03179017500014],[100.728313662000176,18.03178013500019],[100.728053749000082,18.031751760000077],[100.727910767000139,18.03174745300015],[100.727776749000043,18.031765397000015],[100.727654783999981,18.031822303000126],[100.7274925480001,18.031938177000143],[100.727293104000069,18.03212694500013],[100.727085289000058,18.032354858000019],[100.726992598000095,18.03242266500007],[100.726914057000101,18.032445691000191],[100.72681782900014,18.032449345000146],[100.726625115000161,18.032431530000167],[100.726411874000178,18.032402730000115],[100.726131440000074,18.032363373000123],[100.725988587000074,18.032373020000136],[100.725866211000096,18.032388066000124],[100.72568879500011,18.03244267700012],[100.725468108000086,18.032547906000048],[100.725238730000115,18.03265879800017],[100.725081948000081,18.032735543],[100.725000409000188,18.032750227000179],[100.72492154300005,18.032739768000113],[100.724821850000069,18.032687631000158],[100.724727796000138,18.032615910000175],[100.724550628000031,18.032397010000182],[100.724411958000076,18.032236379000096],[100.724404267000068,18.032230466000044],[100.724200329000098,18.032073608000019],[100.724085618000117,18.031976949000125],[100.724002586000154,18.031838150999988],[100.723951775000103,18.031713011000136],[100.723901726000179,18.031666013000176],[100.723828418000153,18.031627597000181],[100.723723161,18.031603416000053],[100.723583072000054,18.031596290000152],[100.723405187000196,18.03160345900011],[100.723262444,18.031621821000044],[100.723242029000176,18.03162444700007],[100.723090561999982,18.031648122000036],[100.72284591600004,18.03168937300012],[100.722566597000082,18.031764424000016],[100.7224124560002,18.031813241000066],[100.722275472000092,18.031825624000135],[100.722158740000168,18.031821085000047],[100.722082652000097,18.031796643000121],[100.722015180000199,18.031758171000149],[100.721935743000131,18.03168911],[100.721832513000095,18.031572811000103],[100.721726658000136,18.031487237000135],[100.721621081000194,18.03142957100016],[100.721468990000119,18.031389065000155],[100.721328758000084,18.031367981000187],[100.721127571000011,18.031378146000065],[100.72087995000004,18.031413841000074],[100.720446463000144,18.031534911000165],[100.720350316000122,18.031546928000182],[100.720285950000118,18.031527966],[100.720227150000028,18.031481045000135],[100.720147523000151,18.031392441999969],[100.720100367000157,18.031342627000072],[100.720047642000111,18.031320771000026],[100.71998630600018,18.031312945000082],[100.719922211000153,18.031321887000104],[100.719866954999986,18.031339125000102],[100.719791357000133,18.031364912000015],[100.719704145000037,18.031396384000118],[100.719631250000134,18.031399826999973],[100.719569724,18.031372465],[100.719470006000108,18.031317535000085],[100.719402697000135,18.031295807999982],[100.719321052000055,18.031299324000088],[100.719230756000059,18.031314082999984],[100.719137525000065,18.031326074],[100.71903527,18.031310236000138],[100.71894143600008,18.0312608320001],[100.718856196000104,18.031194610000171],[100.718764547000092,18.031069836000142],[100.71871384800005,18.030955864000134],[100.718708258000163,18.030924546],[100.718683005000116,18.030783107000104],[100.718658908000123,18.030705173000058],[100.718608453000172,18.030616317000181],[100.718575961000113,18.030574740000191],[100.718543741000133,18.030561074000104],[100.718508627000062,18.030550223000034],[100.718456177000178,18.030556268999987],[100.71842133500013,18.030573326000081],[100.718386768000187,18.030618287000152],[100.718363941000177,18.030671512000026],[100.718329374000064,18.030716476],[100.718256854000117,18.030758984000158],[100.718211520000068,18.030774927000152],[100.718094049000058,18.030816242000128],[100.717998005000084,18.030839425000181],[100.717954200000122,18.030834231000085],[100.717901421000079,18.030806791000145],[100.717871870000067,18.030767988000036],[100.717855909000036,18.030733246000182],[100.717845052000143,18.030709613000056],[100.717823876000182,18.030631660000097],[100.717791304000116,18.030581710000035],[100.717729637000105,18.030540398000028],[100.717627249000145,18.030510608000043],[100.717533578000143,18.030477948000168],[100.717471754000144,18.030419890000189],[100.717436185000167,18.030361599000059],[100.717412008000167,18.030275293000045],[100.717405170000177,18.030172097],[100.717404222000084,18.030074421999984],[100.717386292000185,18.030029931000172],[100.717345266000166,18.030010760999971],[100.717292784000108,18.030014014000187],[100.717240442000048,18.030031226000176],[100.717159258000038,18.030082181000012],[100.717092816000047,18.030149751000124],[100.717034937000165,18.030197709000163],[100.716950755000141,18.030240322000054],[100.716869538000083,18.030288487000064],[100.716825866000192,18.030297243000064],[100.716785315000095,18.030289581000147],[100.716737608000187,18.030258609000043],[100.716697269000122,18.030234546000088],[100.716657087000158,18.030227922999984],[100.716624478000199,18.030249142000059],[100.716592069000114,18.03029129600003],[100.71646198600007,18.030414550000103],[100.716411244000142,18.030446396000059],[100.716367560000094,18.030453761000047],[100.716334505000134,18.030429638000101],[100.716300811000167,18.030339233000177],[100.716274580000061,18.030266204000043],[100.716245067000159,18.030231579000144],[100.716208506999976,18.030221444000119],[100.716172180000115,18.03023571600005],[100.716154083000106,18.030249830000116],[100.716150710000079,18.030277769000065],[100.716147471999989,18.030319657000121],[100.71617508800017,18.030535708000173],[100.716178984000123,18.030595905999974],[100.716179375000081,18.03060195300003],[100.716168779999975,18.030636929000082],[100.716136130000109,18.030654662000074],[100.716085152000176,18.030662095000025],[100.715993626000056,18.030624531000115],[100.715916716000095,18.030590326000038],[100.715697574000103,18.030553897000175],[100.71560273800003,18.030551251000134],[100.715558747000046,18.030527219000078],[100.71555108300015,18.030488913000113],[100.715557902000057,18.030440014000078],[100.715569549000065,18.030424277000066],[100.715604697000117,18.030376803000081],[100.715640681000082,18.030327645999989],[100.715632948000064,18.03028236200015],[100.71561083500012,18.030258134000121],[100.715570593000166,18.030244542000048],[100.715442774000167,18.030224743000076],[100.715391559000068,18.030207754],[100.715369345,18.030173064000167],[100.715372583000089,18.030131175000179],[100.715401481000185,18.030103010000062],[100.715463162000049,18.030071067000165],[100.715564684000128,18.030010862999973],[100.715600674000086,18.029961700000115],[100.715603743000031,18.029902367999966],[100.715581361000147,18.029850235000026],[100.715540807000195,18.029805250000095],[100.715463870000121,18.02976755200001],[100.715427069000157,18.029732995000074],[100.715404585000101,18.029670401000089],[100.715389254000172,18.029593788000057],[100.715352559000053,18.029569697000056],[100.715297966000037,18.029580640000177],[100.71526177800007,18.029608875000122],[100.715240337000182,18.029654419000167],[100.715238448000093,18.02983583300005],[100.715220690000081,18.029884834000143],[100.715199051000127,18.029909450000048],[100.71514814000011,18.029923851000092],[100.715089599000123,18.029903436000097],[100.715056307000054,18.02985489100007],[100.715037269000049,18.029771334000145],[100.715006100000096,18.029565789000117],[100.71496927000004,18.029527742000084],[100.71490715200008,18.029514336000034],[100.71483436200009,18.029528938000169],[100.714714410000113,18.029568375000167],[100.714652391000186,18.029565434000176],[100.714611980000143,18.029534396000088],[100.714578384000049,18.029454454000074],[100.714525785000035,18.029294452000158],[100.714488950000089,18.029256405000069],[100.714430380000067,18.029232502000184],[100.714357487000143,18.029236633000039],[100.714252186000067,18.029282918999968],[100.714078186000052,18.029389117000051],[100.713922717000059,18.029526548000149],[100.713879473000191,18.029579261000151],[100.713876261000109,18.029624642000101],[100.713891317000105,18.029673348000017],[100.714060903000131,18.029863714000157],[100.714079671000093,18.029919372000165],[100.714091046000192,18.029964617000076],[100.714084333000073,18.030023987],[100.714037539000117,18.030087190000188],[100.713892535000014,18.030175690000021],[100.713714885000059,18.030281921000039],[100.713646250000181,18.030348816000128],[100.713603039000077,18.030405011000084],[100.713574543,18.030475037000031],[100.713578761000178,18.03053430600005],[100.713597600000071,18.03059692800008],[100.713627345000134,18.030655975000059],[100.713693755000122,18.030735626000023],[100.713749189000055,18.03081187700019],[100.713764275000074,18.030864073999965],[100.713763082000071,18.030867614999977],[100.71375010100013,18.030906066000057],[100.713717522000195,18.030930771000101],[100.713637470000151,18.030948923000153],[100.713561004000042,18.030960067000024],[100.713484636000146,18.030981673000042],[100.713379266000118,18.031020981000097],[100.713295405,18.031021723000151],[100.713229569000077,18.03100137600012],[100.713170723000189,18.030949571],[100.713130076000084,18.030894115000081],[100.713082472000053,18.030873599000131],[100.713027815000089,18.030877577000126],[100.712973323000199,18.030898989000093],[100.712933618000193,18.030941201000076],[100.712897660000067,18.030993850000073],[100.712850838000065,18.03105357000004],[100.71279270000008,18.03107501400001],[100.712679666000156,18.031076015],[100.712625144000071,18.031093941000051],[100.712592594000057,18.031122140000036],[100.712578653000037,18.031188545000077],[100.712579496000046,18.031275755000024],[100.712602655000069,18.031408116000023],[100.712611671000104,18.031585948000043],[100.712601373000155,18.031652323000117],[100.712558123000122,18.031705035000186],[100.712500024000178,18.031729973000097],[100.712441745000092,18.031737462000137],[100.712372130000119,18.031703195000034],[100.712291413000059,18.03165158000013],[100.712229220000154,18.031631200000049],[100.712138100000118,18.031635494000056],[100.712032561000171,18.031657358000075],[100.711897850000128,18.031679480000093],[100.7117957600002,18.031680383000094],[100.711704268000062,18.031646310000042],[100.711652817000186,18.031604906000155],[100.711582459000056,18.031493893000118],[100.711486305000051,18.031355201],[100.711368784000058,18.031269028000111],[100.71126267600016,18.031231593000086],[100.711167804000127,18.031225452000058],[100.711087825000163,18.031250583000087],[100.710986233000085,18.031303808000132],[100.71087003100007,18.031353676000151],[100.710786455000061,18.031373269000085],[100.710622629,18.031411681000066],[100.710447946000045,18.031448112000135],[100.710247971000115,18.031509186000051],[100.710098781,18.031541899],[100.71001853000007,18.031539122000027],[100.709963570000127,18.03151170100017],[100.709937709000201,18.031477040000084],[100.709926297000152,18.031428303000041],[100.709951353000065,18.031379242000128],[100.710023769000031,18.031326277000119],[100.71011789400012,18.031255668000028],[100.710143117000143,18.031224050999981],[100.710153616000014,18.03117860500015],[100.710156754000138,18.031126251999979],[100.710152673000039,18.031080935000091],[100.710123029000101,18.031032353000114],[100.710042969000199,18.030980425000109],[100.709856396000134,18.030936672000109],[100.70967742300013,18.030924292000179],[100.709469496000111,18.030936603000043],[100.70924371600006,18.030990977999977],[100.709018274000073,18.031080267],[100.708905572000162,18.031126654000047],[100.708825685000193,18.031169269000088],[100.708738531999984,18.031215430000088],[100.70866543600016,18.031205600000192],[100.708606805000045,18.031181678000166],[100.708544123000195,18.031115886],[100.708477212000048,18.030990768000152],[100.708454238000115,18.030879223000056],[100.708445891000054,18.03077104900018],[100.708462996000151,18.030652175000114],[100.708458739000037,18.030589361000068],[100.708432820000098,18.030551180000032],[100.708377907999989,18.030534204000048],[100.708326843000123,18.030538143000115],[100.708210357000098,18.030570600000033],[100.708148316,18.030571148000092],[100.708100731000059,18.030557602000044],[100.708063863000064,18.030519515000151],[100.708052342000087,18.030460254000161],[100.708073772000091,18.03041118100009],[100.708109996000076,18.030382925000026],[100.708171738000033,18.030350952000163],[100.70820070100018,18.030326253000169],[100.708218514000123,18.030280700000048],[100.708236049000107,18.030207213000097],[100.708250418000148,18.030157365000036],[100.708257244000151,18.030133699000032],[100.708300500000178,18.030077446000064],[100.708459807000111,18.029943344000174],[100.708499345,18.029880143000184],[100.708513337000113,18.029817162000029],[100.708509046000188,18.029750854000042],[100.708486539000035,18.029688201000113],[100.708401829000138,18.029608638000184],[100.708306428000128,18.029557103000116],[100.708207721000065,18.029540513000143],[100.708083633000115,18.029541609000091],[100.707941461000075,18.029560325000034],[100.707927535000124,18.029560448000097],[100.707861170000058,18.029561034000153],[100.707813453000142,18.029533515000082],[100.707787502000201,18.029491847000031],[100.707783345000109,18.029439501000127],[100.707815623000101,18.029379858000084],[100.707864102000144,18.029341869000064],[100.70788943000008,18.029322023000191],[100.708079447000102,18.029202927000085],[100.708191514000021,18.029090198000119],[100.708234636000043,18.029019978000179],[100.708245012000191,18.028960523000137],[100.70824454000018,18.028911643000185],[100.708225582000182,18.028838479000171],[100.708158678000189,18.02871336000004],[100.707981339000128,18.028491448000125],[100.70781595700015,18.028374181000117],[100.707709515000033,18.028312268000036],[100.707588874000123,18.028292379000106],[100.707446639000125,18.028304114000093],[100.707423439000195,18.028309199000034],[100.707297304000122,18.02833685500002],[100.707202551000194,18.028351659],[100.707125738000173,18.028334876000145],[100.707045073000131,18.028297178000059],[100.70695533900016,18.028212899999971],[100.706919842000161,18.028179560000069],[100.706767915000114,18.027943450000066],[100.706600522000201,18.027616688000023],[100.706463062000012,18.027366482000104],[100.706374932000188,18.027227193000044],[100.70627176500011,18.02712684200003],[100.706121192000182,18.027030391000096],[100.705981797999982,18.02695829400011],[100.705802128000073,18.026872579000042],[100.70567709400018,18.026775908000104],[100.705566197000167,18.026630226000123],[100.705477927000118,18.026561166000135],[100.705415293000101,18.026533181],[100.705393623000077,18.0265235],[100.705280345000119,18.02651053],[100.705159907000109,18.026511592000077],[100.705006727000068,18.026523417000078],[100.704853680000099,18.026549206000027],[100.704787088999979,18.026575560000083],[100.704610064000178,18.026645635000079],[100.704486551000173,18.026706087000093],[100.704377596000143,18.026762917000042],[100.704301186,18.026788034000049],[100.704231780000157,18.026781663000122],[100.704183589000138,18.026757614000189],[100.704176765000113,18.026754212000071],[100.70408887300016,18.026723558000072],[100.70400111400005,18.026706870000112],[100.703913555000042,18.026711134000095],[100.703798756000197,18.026740452000013],[100.703786122000054,18.02674368400011],[100.703709513000035,18.026747848000127],[100.703659836999975,18.026733320000119],[100.70363997000004,18.026727512000036],[100.703610670000103,18.026703929000121],[100.703588468000021,18.026686061000078],[100.70355515500006,18.026637470000026],[100.703465952000045,18.026470642999982],[100.703410637000161,18.02641176700007],[100.70335920500014,18.026377296000192],[100.70328969500008,18.026360454000041],[100.703191223000147,18.026368301000048],[100.703085584000178,18.026390185000082],[100.702899992000084,18.026447689000065],[100.702663469000129,18.026523098000155],[100.702484943000115,18.026556099000118],[100.702343073000122,18.02660623700001],[100.702261606000036,18.026655193000181],[100.702248723000139,18.026662937000083],[100.702183602000161,18.026722870000185],[100.702101760000119,18.026868569000044],[100.702043651000054,18.026972027000113],[100.701972134000073,18.027126299000088],[100.701896564000037,18.027238708000027],[100.701809645000196,18.027309311000124],[100.701718636000066,18.02733455300006],[100.701525376000063,18.027353714000128],[100.701189407000072,18.02733571400006],[100.701050449000093,18.027309007000099],[100.700966112000117,18.027267838000114],[100.700892837000197,18.027202296000041],[100.700888797000061,18.027198679000037],[100.700778297000113,18.027094896000051],[100.700730483000086,18.027056907000031],[100.700664556000049,18.027033044000063],[100.700612611000111,18.02703350000013],[100.700562368000135,18.027033942000173],[100.700485930000184,18.02705556300009],[100.700380559000109,18.027105379000091],[100.700297087000138,18.027154996000036],[100.700200697000128,18.027237470000102],[100.700046034000195,18.027380253000103],[100.699975464000033,18.027443725000012],[100.699923636000051,18.027462514999968],[100.699871624000195,18.027462972000137],[100.699805781000123,18.027447836000135],[100.699665707000122,18.027399303000095],[100.699558577000118,18.027360962000046],[100.699355544000127,18.02731298600014],[100.699243218000049,18.02730349400008],[100.699163992000081,18.027319910000188],[100.699090388000172,18.027351980000162],[100.699024649000194,18.027398288000086],[100.698992496000074,18.027420937000102],[100.698900236999975,18.027505548000079],[100.698856542000044,18.027516406000075],[100.698818122000034,18.027506269000071],[100.698784972000169,18.027475137000124],[100.698768171000097,18.027435996],[100.698762147000139,18.027378437000152],[100.698763899000085,18.027276280000137],[100.698782435,18.027170508999973],[100.698808021,18.027024474000086],[100.698833785000033,18.026856635000115],[100.698832856000195,18.026759740000045],[100.698818493000147,18.026689155000156],[100.698793433000048,18.026644852000118],[100.698751922000099,18.026598080000156],[100.698649943000078,18.026525643000127],[100.698602830000198,18.02646581800002],[100.698583091000046,18.026405760000046],[100.69857153900017,18.026343008000026],[100.698578996000151,18.026264372000071],[100.698621334000109,18.02611210200007],[100.698677333000035,18.025957091000123],[100.698752570000124,18.025809771000013],[100.698825118000116,18.025667710000107],[100.698835464000069,18.025604767000118],[100.698821375000023,18.025562988000104],[100.6987964650001,18.025534398000048],[100.698749756000097,18.025516473000096],[100.698667517000104,18.02550410200007],[100.698442988000068,18.025498217000177],[100.698237828000174,18.025513113000159],[100.698024546000113,18.025538554000036],[100.697838643000068,18.025563760000182],[100.697770594000076,18.025575864000132],[100.69774572700004,18.025580285000046],[100.697677580000175,18.025609692000103],[100.697625971000093,18.025652047000108],[100.697585390000199,18.025702160000094],[100.697544484000161,18.025718240000174],[100.697492448000162,18.025716075000105],[100.697437555000135,18.025700843000095],[100.697399285000131,18.025706413000023],[100.697363850000158,18.025722438000173],[100.69732043200014,18.025762102999977],[100.697263452000186,18.02581498100011],[100.697218715000133,18.025835604000122],[100.697217120000118,18.025836342],[100.697146026000098,18.02584482400016],[100.697058362000121,18.025837734000106],[100.696973484000182,18.02583585900004],[100.696872408000161,18.025857699000085],[100.696735924000052,18.025898178000148],[100.696629675000054,18.025951490000125],[100.69658063300011,18.025975488000142],[100.696531712000024,18.026012585000103],[100.696488293000073,18.026052251000181],[100.696450124000023,18.026068299000087],[100.696346209000069,18.026079685000127],[100.696228732,18.026104284000155],[100.696013122000124,18.026171652000016],[100.695655348000173,18.026258588000132],[100.69542870700019,18.026318193000179],[100.695245943000145,18.026385272000141],[100.694905319000043,18.026548010000113],[100.69471745200002,18.02665441],[100.694545885000139,18.026747580000062],[100.694461332000174,18.026779744000066],[100.69438195000015,18.026780439000049],[100.694296921000159,18.026762856000119],[100.694214354000167,18.026716435000083],[100.694153508000113,18.02665149500001],[100.694061651000027,18.0264925460001],[100.694041836999986,18.026424621999979],[100.694041336000055,18.02637224900019],[100.694057333000046,18.026327585000047],[100.694095357000151,18.026295829000105],[100.694136215000185,18.026274517000104],[100.694267352000111,18.026247179000165],[100.694406648000097,18.026214537000101],[100.694446620000178,18.026191563000168],[100.694452931000114,18.026187936000156],[100.694474226000182,18.026163720999989],[100.694485422000184,18.026150990000076],[100.694498662000058,18.026103734000117],[100.694503532000113,18.026040835000117],[100.694497384000101,18.025970177000147],[100.694463784,18.025891902000183],[100.69443857400006,18.025831887000095],[100.694440813000142,18.025779490000104],[100.69445954400004,18.025734802000102],[100.694497467000019,18.025692567000078],[100.694521774000179,18.025658304],[100.694532371000093,18.025621548000174],[100.694526518000032,18.025582317000044],[100.694501434000131,18.025535398000159],[100.694468267000104,18.025501640000186],[100.694396642000129,18.025455124000075],[100.694214786000032,18.025331006000101],[100.694104469000195,18.025245552000172],[100.694035162000091,18.02515449200007],[100.693993355000089,18.025076291000062],[100.693979067000157,18.025013564000119],[100.69397816500009,18.024919285000067],[100.694003282000097,18.024683365999977],[100.694005244000095,18.024602161000132],[100.693991082000139,18.024552522000022],[100.693946686000061,18.024490053000079],[100.69391620000016,18.024451042000123],[100.693904929000041,18.024417091000089],[100.693910024000047,18.024377764000121],[100.693939558000181,18.024317266000082],[100.694004101000075,18.024196232000179],[100.694014472000163,18.024135905000094],[100.694003049000173,18.024086245000035],[100.693967063000059,18.024044658000093],[100.693912017000116,18.02401371000019],[100.693791329000078,18.023988577000125],[100.693542050000133,18.023969812000132],[100.693358679000141,18.02397403000009],[100.693282161000013,18.023987795000096],[100.69323582700008,18.024009154000169],[100.693206075000148,18.024046078000026],[100.693179280000152,18.024106551000159],[100.693150246000016,18.024219419000076],[100.693126383000106,18.024300816000164],[100.693094142000177,18.024363951000112],[100.693016539000098,18.024442875000091],[100.692937410000184,18.024487474000125],[100.692928045000201,18.024492747000124],[100.692842696000184,18.024513141000057],[100.692750189000094,18.024500857000078],[100.692695712999978,18.024474264000105],[100.692671122000036,18.024462260000178],[100.692584929000077,18.02439426900014],[100.692484856000078,18.024306753000189],[100.692412632000128,18.0242681040001],[100.692326908000155,18.02424921100004],[100.692213965000121,18.02424692000011],[100.692067031000192,18.024267852000094],[100.691940746000171,18.024301693000098],[100.691855554000199,18.02433844900014],[100.691791078000051,18.024394662000077],[100.691743892000034,18.024470369000028],[100.691720912000108,18.024572057000114],[100.691718521000155,18.024680113000159],[100.691726465000102,18.024794620000137],[100.691747926000176,18.024892641000179],[100.691790395000055,18.025039586000162],[100.691799956000068,18.025066207000123],[100.691802608999978,18.025073595000038],[100.691846639000119,18.025196229000073],[100.691920367000137,18.025392007000107],[100.692025736000062,18.02567589500012],[100.692080025000053,18.025825897000118],[100.692110471000092,18.025978193000128],[100.692089452,18.026149043000032],[100.692057829000134,18.026277649000178],[100.692009689000088,18.02639592200012],[100.691961118000052,18.026469675999977],[100.691890524000087,18.026530533000141],[100.691797325000095,18.026584256999968],[100.691680560000123,18.026616169000135],[100.691573034000101,18.02662782800013],[100.691437073000145,18.026631399000166],[100.691304728000091,18.026616304000072],[100.690846446000194,18.026541426000051],[100.689612384000043,18.026352830000121],[100.689367600000082,18.026337635000175],[100.689150497000128,18.026374202000113],[100.688970038000036,18.026453794000133],[100.688835212000072,18.026567660000126],[100.688692070000116,18.026759615000117],[100.688446223000142,18.027315734000183],[100.687922504000198,18.02861900500011],[100.687796240000068,18.028933204000111],[100.687424269000132,18.029792204000103],[100.687325251000118,18.030020869000111],[100.687157693000074,18.030266135000147],[100.686791943,18.030513123000162],[100.686452962000146,18.030597347000025],[100.686099309000099,18.030627518000131],[100.685702406000189,18.030576801000109],[100.685669073000042,18.030567737000069],[100.684978489000059,18.030379940000046],[100.683828070000175,18.029997165999987],[100.682990004000146,18.029706482000108],[100.682507137000073,18.029548143000056],[100.682251930000177,18.029509729000097],[100.681954774000076,18.029525857000181],[100.681743458000199,18.029636056000129],[100.681575120000105,18.029800052000041],[100.681506652000166,18.030044448000183],[100.681509353000081,18.03032886200009],[100.681540240000061,18.030599481000024],[100.681657865000147,18.031058976000111],[100.681732641999986,18.031478201000084],[100.681780387000117,18.032033113000182],[100.681770605000054,18.032493713000065],[100.681730580000192,18.032751411000106],[100.681634694000081,18.033090854000022],[100.681441601000188,18.03344300100008],[100.681003858000111,18.033937791000028],[100.680582371000128,18.034280071000069],[100.679842827000073,18.03467590200006],[100.679049870000085,18.035038331000123],[100.67813319600009,18.03541876100013],[100.677411344000063,18.03581443000013],[100.676831374000187,18.036242731000129],[100.676199116000134,18.036756131000118],[100.675181056000099,18.037645352000084],[100.673935495000137,18.038807422000161],[100.67174436200014,18.041044306000117],[100.67093750500004,18.041813162000153],[100.670409794000193,18.042156341],[100.669915876000175,18.042329916000085],[100.669402978,18.04236820400007],[100.668835874000138,18.042288446000043],[100.667804221000154,18.041977781000185],[100.665383642000165,18.041003965000073],[100.662763993000056,18.0400318290001],[100.660788860000139,18.039371575000189],[100.65903772900009,18.03900566100009],[100.657620396000141,18.038848508000171],[100.656690923000099,18.038814151000054],[100.655651626000179,18.038865375000057],[100.654281714000149,18.039046410000026],[100.653310363000173,18.039266357000031],[100.652383449000183,18.039507078000099],[100.650950709000142,18.040069574000142],[100.649209642000073,18.040782829000079],[100.648504120000098,18.041042810000022],[100.647819741000092,18.041196787000047],[100.646648686000049,18.041354909000177],[100.645300260000056,18.041472211000098],[100.643907985000055,18.041632197000183],[100.641655714000137,18.042095772999971],[100.638411291000182,18.042927517000066],[100.634703445000184,18.043890104000013],[100.632385136000096,18.044396461000076],[100.630904327000053,18.044557111000074],[100.629797834999977,18.044524115000172],[100.62822522800019,18.044325729000093],[100.625167528000134,18.043822363],[100.624282262000065,18.043787480000049],[100.623486646000174,18.043878813999982],[100.622692002000122,18.044075959000054],[100.622030669000196,18.044335477],[100.621347793000041,18.044658662000018],[100.62024672400014,18.045218158000125],[100.617979560000151,18.046485811000139],[100.615600779000033,18.047648561000074],[100.610157501000117,18.050000848000082],[100.609628094000129,18.050174571000184],[100.60905347500011,18.050242850000018],[100.608499823000102,18.050183965000031],[100.607856139000148,18.049956519999967],[100.607210534000103,18.049517446000038],[100.60589568000006,18.048470177000183],[100.604848230000073,18.04763232300013],[100.604033402000141,18.046937056000104],[100.603398936000019,18.046395676000031],[100.601549347000059,18.04492953100015],[100.600636205000171,18.044259840000052],[100.599546282000119,18.043612781000093],[100.598413651000101,18.043135376000123],[100.596993821000069,18.042702665000093],[100.594930928000167,18.042105942000035],[100.592555667,18.041215463000185],[100.591223021000076,18.040633840999988],[100.59024528000009,18.040155110000114],[100.58962396700008,18.039948576000029],[100.589158836000081,18.039888910000116],[100.588605986000175,18.039914614000111],[100.587943462000055,18.040047042000026],[100.587148972000023,18.040265208000164],[100.586509528000079,18.040503261000026],[100.585738099000082,18.040827051000178],[100.585187514000097,18.041106698000135],[100.584549010000046,18.041450561999966],[100.582722901000182,18.042587220000087],[100.580369242000074,18.044109135000156],[100.579729956000108,18.044368325000107],[100.579133213000034,18.044436690000168],[100.578623456,18.044335035000188],[100.578178545000071,18.044063535000078],[100.577865241000097,18.043663972000161],[100.576331688000096,18.040396030000124],[100.575090675000183,18.037675958000136],[100.57489942400008,18.037302679000049],[100.57463390800018,18.036947662000102],[100.574267655000142,18.036612771000023],[100.573818441000071,18.036416464000183],[100.573220592000098,18.036357832000135],[100.572601941000187,18.036447521000184],[100.571838033000176,18.03668389000012],[100.569136327000137,18.037631774000033],[100.568445726000107,18.037716742000157],[100.567698415000166,18.037643437000042],[100.567032880000056,18.037437186000091],[100.566309477000175,18.036940393000123],[100.564302855000051,18.035184123000079],[100.562937169,18.033978216000094],[100.562168351000196,18.033425553000086],[100.5612936550001,18.033015950000049],[100.560337568000136,18.032785564000164],[100.559133498000165,18.032656382000141],[100.558013962000075,18.032705086000078],[100.556813209000154,18.032952855000076],[100.55550980300012,18.033320489000118],[100.553876833000174,18.033948703000192],[100.550849277000168,18.035311790000094],[100.549841450000145,18.036511056000052],[100.549331157000097,18.036995064000109],[100.548820214000045,18.037405236000097],[100.548321489000045,18.03774148500014],[100.547796715000175,18.038041022000129],[100.547130345000085,18.03832938700009],[100.546322270000132,18.038594267000178],[100.544770094000114,18.03908659200016],[100.543577310000046,18.039489903],[100.542850306000105,18.03980049200004],[100.542667390000076,18.039878634000104],[100.541745365000054,18.0403536070001],[100.540120162000164,18.041326406],[100.539594721000128,18.04155208800006],[100.539145373000053,18.041654116000132],[100.538708150000048,18.041669897000077],[100.538344930000164,18.041601373000105],[100.538270071000113,18.041587243000038],[100.537895231000164,18.041381030000082],[100.537363157000186,18.040843810000069],[100.536762332000137,18.04022304],[100.535909394999976,18.039341761],[100.535455681000144,18.038939276],[100.535158023000179,18.038732443000072],[100.534732383000119,18.038600460000055],[100.534243291000166,18.038567428000022],[100.533703170000138,18.038584015000026],[100.532996793000052,18.038712677000035],[100.53232975200001,18.038927159000025],[100.531496881000123,18.03930292900003],[100.530460223000148,18.039914119000116],[100.530340547000037,18.039992780000148],[100.529765346000147,18.040370861999975],[100.529436948000125,18.040586724000093],[100.528324906000137,18.041407695999965],[100.52804337800012,18.041595255000118],[100.52783888100015,18.041731484000138],[100.527288224000131,18.042018872000085],[100.526803082000185,18.042213765000156],[100.526788273000079,18.042219707000129],[100.526210820000188,18.042384241000036],[100.525427352000179,18.042525788000148],[100.524026675000016,18.042696809000176],[100.522468931000105,18.042868896000073],[100.522227454000131,18.042895575999978],[100.521276974000159,18.043063031000088],[100.520121420000123,18.043318229000079],[100.519629135000173,18.043450837000023],[100.519133187000136,18.043584423000084],[100.517734392000136,18.043976890000124],[100.516619789,18.044273670000166],[100.51570271900016,18.044495442000027],[100.515500659000168,18.04455932500008],[100.515371129000073,18.044643403000123],[100.515270722000025,18.044748025000047],[100.515163734000055,18.044928834000189],[100.515070922000064,18.045181345],[100.515013619000172,18.045349348000173],[100.514779745,18.046035034000056],[100.514710489000151,18.046186135000028],[100.514619350000146,18.046316636000086],[100.514489908000087,18.046411099000181],[100.514349128000163,18.046448539999972],[100.514170001000195,18.046444747000123],[100.513914549,18.046400031000132],[100.513676497000063,18.046339403000104],[100.513479435000079,18.046289219000016],[100.513316498000165,18.04627492000003],[100.513170110000146,18.046291641000039],[100.513029463000123,18.046344662000081],[100.512905230000058,18.04641312300015],[100.512640697000109,18.046576130000062],[100.512100781000072,18.046902227000146],[100.511409352000101,18.04728142200014],[100.510944294000183,18.047477144000027],[100.510619580000139,18.047583517000191],[100.510272983000164,18.047669288000066],[100.50987727200004,18.047724293000101],[100.509611450000023,18.047736755000074],[100.509014290000039,18.047715457000095],[100.508797354000194,18.047732726],[100.508645664000085,18.047765059000085],[100.508504926000171,18.047807686000169],[100.508407995000198,18.047896703000163],[100.508354616000133,18.048000946000172],[100.508322983000085,18.048110216000168],[100.508276584999976,18.048396112000034],[100.508234743000116,18.048589762000063],[100.508187823000128,18.048806931000172],[100.508142656000189,18.048984114000177],[100.508056537000073,18.049321916000054],[100.507982551000168,18.049556115000144],[100.507886291000034,18.049722993000103],[100.5077733870001,18.049848472000122],[100.507552396000051,18.050026707000029],[100.507322257000112,18.050190349000047],[100.507271881000179,18.05022617100019],[100.507039942000063,18.050394106000113],[100.50673856200018,18.050692377000189],[100.506534158000136,18.050906821000183],[100.506519815000104,18.050925429000131],[100.506421430000046,18.05105306300004],[100.506276450000144,18.051235893000069],[100.506163591000131,18.051366568000105],[100.506028937,18.051487018000159],[100.505893975000049,18.051571133000095],[100.50574188000013,18.051653175000126],[100.505720309000083,18.051664814000105],[100.505640061000179,18.051708089000044],[100.505408520000117,18.051842927],[100.505010496000011,18.052105602000154],[100.504673084,18.052315891000035],[100.504450718999976,18.052492837000159],[100.504234997000083,18.05268391200002],[100.503790593000076,18.053076733000125],[100.503473472000053,18.053280375000099],[100.503250325000124,18.05336647200005],[100.502897905000111,18.053408154000124],[100.502531420000082,18.053391531000045],[100.502171284000156,18.053322949000062],[100.501538636000191,18.053120204999971],[100.501177784000163,18.052967261000106],[100.500639341000124,18.052672934000043],[100.500441410000178,18.05253170300017],[100.50033876700013,18.05242866500015],[100.500290186000086,18.052299255000094],[100.500288228000102,18.052286881000157],[100.500268674000097,18.052163147000044],[100.500246232,18.051916727000048],[100.500209946000041,18.051637959000118],[100.500151881000136,18.051190639000026],[100.500068387000113,18.050944691000097],[100.499965037000095,18.050757300000157],[100.499821099000087,18.050583209000024],[100.499616547000073,18.050461494],[100.499460191000082,18.050423766000108],[100.499263308000025,18.050405827000134],[100.499032610000143,18.050401131000058],[100.498768325000015,18.05043562700007],[100.49853134100016,18.050489378000179],[100.498226962000103,18.050595574000113],[100.497917190000067,18.050724120000098],[100.497780783000053,18.050780733000067],[100.497482273,18.050881969000102],[100.497408732000054,18.050906911000027],[100.49716534300012,18.050946264000174],[100.497029350000105,18.050968257000136],[100.49657506300008,18.050997737000046],[100.496278712,18.051026213000114],[100.496134462000157,18.0510400820001],[100.495775538000146,18.05111424],[100.495484771000122,18.051226812000095],[100.495248451000123,18.051358428000128],[100.495005994000053,18.051567966999983],[100.494793126,18.051802538000118],[100.49450188600008,18.052123472000062],[100.494065009000053,18.052607062000106],[100.494055269000171,18.052614813000105],[100.493768500000158,18.052842977000125],[100.493403386000125,18.052988567000114],[100.492915565000033,18.0530637170001],[100.492656785000065,18.053072413000109],[100.492312585000036,18.053083967000191],[100.49191179800016,18.053097429000047],[100.491484922000041,18.053159125000036],[100.491092012000195,18.053227059000108],[100.490726300000119,18.053301260000126],[100.490272989,18.053447526000184],[100.489928227000121,18.05359295300002],[100.489562453000019,18.053660667000145],[100.489202810000052,18.053650460000085],[100.488761379000039,18.053595453000071],[100.488388159000067,18.053585348000013],[100.488076441000032,18.053626689000168],[100.48777194000013,18.05371988800016],[100.487481544000104,18.053877867000153],[100.487069707000046,18.054114659000049],[100.486745067000186,18.054233965000151],[100.486379132000195,18.054282208000132],[100.485945080000135,18.054298527000128],[100.485524816000179,18.054340691999982],[100.485165817000052,18.054408345000184],[100.484807317000048,18.054534403000105],[100.484442354000123,18.054699443000118],[100.484131449000074,18.054838106000091],[100.483800023000185,18.054957466000019],[100.483549840000194,18.055056729000171],[100.483479101000114,18.055101748000084],[100.483346679000192,18.055186031000062],[100.48319893300004,18.055280058999983],[100.482922055000017,18.055431447000103],[100.482692165,18.055524060000039],[100.48229230000004,18.05557255400015],[100.481769894000195,18.055570074000116],[100.481240163000166,18.055502748000038],[100.48073669300004,18.055331392000085],[100.480409760999976,18.055178155000078],[100.480277378000153,18.05507966600004],[100.480116214000134,18.054959760000031],[100.479836230000046,18.054741261000174],[100.479672120000146,18.054586769000025],[100.478597891,18.053498282000078],[100.478049931000157,18.05287298900015],[100.477829978000159,18.05253073200015],[100.47765019000019,18.052123267000127],[100.477631366000082,18.052059575000158],[100.477510552000183,18.051650607000056],[100.47744803900008,18.051475868000125],[100.477358877000142,18.051359742000102],[100.477188086000183,18.051218277000032],[100.4769767680001,18.051096590000157],[100.47665090400011,18.050961686],[100.476622771,18.050950039000043],[100.476572697000108,18.050926569000012],[100.476445696000042,18.050867031000109],[100.476254503000121,18.050719229000094],[100.47607650700013,18.050525905000086],[100.475856831000044,18.050216091000038],[100.475671452000086,18.049951442000065],[100.47539751100004,18.049642034000044],[100.475116782000043,18.049332684000035],[100.474761382999986,18.049017410999966],[100.474644386000193,18.048817134000046],[100.47456830800013,18.048642498000163],[100.474519253000039,18.04845467500013],[100.47447639000012,18.048195424000085],[100.474443195000163,18.047468857000126],[100.474397838000016,18.046911105000163],[100.474354381000069,18.046580471000141],[100.47429800600014,18.046327816000144],[100.474235229000158,18.046120631000122],[100.474138365000158,18.045894240000109],[100.474059382000121,18.045774654000184],[100.47401469000016,18.045706986000084],[100.473850539000125,18.045546000000115],[100.47344126500019,18.045276562000026],[100.473052446999986,18.045019947000185],[100.472548312000129,18.044764210000039],[100.472187436000127,18.044604715000105],[100.471738710000125,18.044484836000038],[100.471616169000185,18.044466831000079],[100.471276838999984,18.044416963],[100.470680011000184,18.044434485000068],[100.470070154000098,18.044516999000109],[100.469325374999983,18.044691391000185],[100.468391422000082,18.044958066000106],[100.467960810000193,18.04508426100017],[100.467855618000158,18.045115091000071],[100.4675048900001,18.045217883000021],[100.467159361000199,18.0452724270001],[100.466854268000077,18.045294210000066],[100.466535284000145,18.045277163000151],[100.466402333000076,18.04525548600003],[100.466154870000139,18.045215146999965],[100.465856019000171,18.045171992000064],[100.465645414000107,18.045134648000158],[100.465499975000057,18.045132274000139],[100.465374023000095,18.045130219000043],[100.465163892000191,18.045151279000038],[100.464917544000059,18.045201009000039],[100.464604550000104,18.045292606000089],[100.464376010000194,18.045343011000057],[100.464172372000064,18.045328334000033],[100.463934348000066,18.045257124000159],[100.46355123100011,18.045073458000047],[100.462519874000122,18.044432308000125],[100.462247054000102,18.044255915],[100.462076196000169,18.04410308000007],[100.461947204000182,18.043885035000073],[100.461856126999976,18.043377833000022],[100.46178891400001,18.043003489000114],[100.461787201000163,18.04299393600013],[100.461726035000083,18.042775376000179],[100.461665673000027,18.042654153000171],[100.461529202,18.042557843000054],[100.461333578,18.042486317000169],[100.460883581000189,18.042416705000051],[100.459475223000197,18.042329999000174],[100.458418732000041,18.042290981000178],[100.458381010000153,18.042289589000063],[100.457882705000031,18.042246788000114],[100.457252404000201,18.042192639000177],[100.456827775000136,18.042114724000044],[100.45658962400006,18.042027286000121],[100.45636810000002,18.041899164000142],[100.456069251000088,18.041649946000121],[100.455130003000193,18.040862050000158],[100.454574795000099,18.040371404000041],[100.453891802000157,18.039808705000098],[100.453285988000118,18.039350877000061],[100.453165745000035,18.03916521300016],[100.453121687000078,18.038962741000091],[100.453115639000146,18.038742953000053],[100.453232526000136,18.038172843000098],[100.453239568000185,18.038138499000127],[100.453245550000133,18.038041111000041],[100.453224295000041,18.037930947000177],[100.453148831000021,18.037827684999968],[100.453021266000064,18.037713996000093],[100.452828455000201,18.037579946],[100.452107046000094,18.037078399000166],[100.451847583000188,18.036872681000034],[100.451738091000038,18.036756687000036],[100.451675875000035,18.036614390000068],[100.451674385000103,18.036432689000037],[100.451720052000042,18.036211707000064],[100.451774005000175,18.036032969000189],[100.451865343000065,18.035730390000083],[100.451920964000124,18.0355492650001],[100.451951240000142,18.035450697000158],[100.451990552000041,18.035281670000074],[100.452002895000078,18.035132313000076],[100.451988104000179,18.034983174999979],[100.451952804000086,18.03481470800017],[100.451883643000144,18.034652989000051],[100.451807701000121,18.034491321000132],[100.451704831000086,18.034355809000147],[100.451499903000013,18.034182129000158],[100.450709508000102,18.033753261000186],[100.450067378000085,18.033467220999967],[100.449959422,18.033419133999985],[100.449061895000114,18.033019315000047],[100.448884469000177,18.032890854000186],[100.448781768000117,18.032774807000067],[100.448712877000162,18.032645539000043],[100.448663808000106,18.032451222000191],[100.448627398000099,18.032146478000016],[100.448589706,18.031686007000019],[100.448575035000147,18.031600863999984],[100.448555685000144,18.031488603000071],[100.448532737,18.031355463000068],[100.448463473000174,18.031180763000179],[100.44836734800009,18.031038719000151],[100.448107999000058,18.03084597600008],[100.448071089,18.030823961000124],[100.447602250000045,18.030544337000094],[100.447194574000036,18.030301194000117],[100.447050809000132,18.030140032000133],[100.446954678999987,18.029997978999972],[100.446912659000077,18.029836056000022],[100.446908137000094,18.02979045800015],[100.446897873000125,18.029686908000087],[100.446930460000033,18.029524425999966],[100.447002694000162,18.029358596000122],[100.447083602000134,18.029172844000186],[100.447350780000193,18.028664657000149],[100.447677360000057,18.027954851000061],[100.447723620000147,18.027805248],[100.447742906000144,18.027675313000032],[100.447722248,18.02753350800009],[100.447661703000051,18.027387951000037],[100.44749020900008,18.027153983000062],[100.447259035000172,18.026879904],[100.447087477000139,18.026637833000166],[100.446940495000092,18.026290118000077],[100.446810797000182,18.025982832000068],[100.446639440000126,18.02576508900006],[100.446408601000144,18.025531571000101],[100.446212667000054,18.025419465000084],[100.445948841000074,18.025299764000181],[100.445608711000034,18.025180625000189],[100.44482750700007,18.025040442000034],[100.444207651999989,18.024931498000115],[100.443774194000184,18.024804949000043],[100.44336604199998,18.024661976000175],[100.442872572000056,18.024454742000103],[100.442378709000138,18.024198843000136],[100.441892869000071,18.023886105000031],[100.441346887000179,18.023476454000161],[100.440996828000095,18.023178921000124],[100.440528276000066,18.022906608000085],[100.440385680000134,18.022841971000162],[100.440017664000095,18.022675156000105],[100.439209522000169,18.022348573000158],[100.438665198000081,18.02214171300011],[100.438290734000191,18.021969535000096],[100.43823114900016,18.021942143000103],[100.437805264000133,18.021701946000064],[100.437260221000088,18.021405854000079],[100.436409494000145,18.021055237000098],[100.435771847000069,18.020840945000145],[100.435092078000196,18.020659410000121],[100.43504796100018,18.020646507000038],[100.434894660000055,18.020601659000022],[100.434199692000107,18.020398333000117],[100.433715378000159,18.020272129000148],[100.433349565000185,18.020120710000128],[100.433085500000061,18.019968535999965],[100.432761618000086,18.019760026000142],[100.432454042000074,18.019470272000149],[100.432235669000193,18.019214768000154],[100.432171568000115,18.01913976700007],[100.431846649000192,18.018801465000138],[100.431563858000118,18.018430410000065],[100.431387835000066,18.018238093000036],[100.431349998000201,18.018196747],[100.431102561000046,18.01800388200013],[100.43077014500011,18.017787322000174],[100.430054907000056,18.017411343000049],[100.428267500000061,18.016556549000029],[100.427671419000035,18.016236467000169],[100.427355968000143,18.016019768000092],[100.427167881000116,18.015826467000181],[100.427047101000085,18.015567775000079],[100.426984945000072,18.015219417000026],[100.426962303000153,18.014513839000131],[100.42695095300013,18.014156996000168],[100.426889451000193,18.013889748000054],[100.426743108000039,18.01361502300017],[100.42650363600012,18.013357197000175],[100.426273295000158,18.013180433000116],[100.425966981000045,18.013044788000173],[100.425585021000074,18.012990815000023],[100.4251526380001,18.012993999000116],[100.424636140000132,18.013078916000154],[100.42406948900009,18.013253441000074],[100.423849497000163,18.013328118000175],[100.42362980900009,18.013402695000025],[100.423460991000184,18.013443295000172],[100.42331670700014,18.013478003000046],[100.422911176000071,18.013524586000074],[100.422364493000032,18.013546853000037],[100.421862807000082,18.013629632000061],[100.42150115600009,18.01372963200015],[100.421197169000095,18.013883964000115],[100.42084255400016,18.014069086000177],[100.420621364000169,18.014216677000036],[100.420327865000104,18.014412503000074],[100.420298598999977,18.014432033999981],[100.419666403000122,18.014892972000155],[100.419053667000185,18.015402441000106],[100.418523056000083,18.015844382000182],[100.418169512000134,18.016163335000158],[100.417894172000103,18.016441543000099],[100.417854115000068,18.016482023000094],[100.41755871100014,18.016806249000069],[100.417513719000169,18.016855633999967],[100.417205209000201,18.017241188000071],[100.416877924000062,18.017663380000045],[100.416821553000091,18.017738579000138],[100.416607372000044,18.018024325000113],[100.416360129999987,18.018406458000072],[100.41628701500008,18.018519470000172],[100.41598005700007,18.019099700000027],[100.415722559000073,18.0195031290001],[100.415546073000087,18.019699108000054],[100.415508299000123,18.019737902000088],[100.41532531900009,18.019925829000101],[100.415053393000164,18.02011642400015],[100.414936234000152,18.020187011000189],[100.414787594000074,18.02027654900013],[100.414699494999979,18.020392794000088],[100.414655956000047,18.020514794000064],[100.414647415000161,18.020587616000057],[100.414638097000079,18.020667025000137],[100.414626835000035,18.020849627000132],[100.41460227400006,18.020959319000156],[100.41455237100007,18.021081367000136],[100.41447068400015,18.021203645000128],[100.41437011,18.021350392999977],[100.414326716000176,18.021490642000174],[100.414297487000113,18.021697394],[100.414299951000146,18.021699829000113],[100.414512563000187,18.02190969500009],[100.414677177000101,18.022137251000117],[100.414771820000055,18.022270845000151],[100.414872700000046,18.022413250000113],[100.415084228000126,18.022781612000017],[100.415331863000119,18.023212982000189],[100.415508131000138,18.023625407000111],[100.415555743000141,18.02385381900018],[100.415577606000113,18.024043484000174],[100.415584954000167,18.024325729000168],[100.415602591000095,18.024622494000084],[100.415655442000116,18.024870343000089],[100.415749189000167,18.025142222000113],[100.415867985000034,18.025365241000031],[100.416068946000053,18.025685002999978],[100.416438843000037,18.026134952],[100.417044421000071,18.026792458000045],[100.417275643000153,18.027077934000033],[100.417435292000164,18.027320120000013],[100.417538828000033,18.027543258000037],[100.417612154000039,18.027805544000046],[100.417670762000114,18.028136088000053],[100.417698149000159,18.028379252000093],[100.417742818000193,18.02887537700019],[100.417794682000022,18.029634281000085],[100.417771740000092,18.03002565100013],[100.4177291270002,18.030263247000107],[100.417635255000107,18.030452534],[100.417477983000197,18.030666632000134],[100.417352407000124,18.030868320000138],[100.417264988000113,18.031069737000053],[100.417234898000061,18.031282894000185],[100.417212040000152,18.031605520000028],[100.417150936000041,18.031916249000062],[100.417044725000096,18.032154302000151],[100.41685629,18.032447714000114],[100.416724454000132,18.032661625000117],[100.416637268000045,18.032893458000046],[100.416600871000128,18.033112742000071],[100.416565488000117,18.033459789000062],[100.416506612000035,18.034050372000024],[100.416476716000034,18.034287866000113],[100.416409051000073,18.034574313000121],[100.416322749000187,18.034915653000098],[100.41614999900014,18.035580074999984],[100.416052290000096,18.03608576],[100.415923078000105,18.036628190000101],[100.415830313000129,18.036957399000073],[100.415730802000155,18.03723799900007],[100.415605171000152,18.03743360600015],[100.415460465000081,18.037629353000113],[100.415246144000037,18.037868197000137],[100.414848079000024,18.038193568000167],[100.414513126000145,18.038457623000056],[100.414298560000134,18.038666049000085],[100.414128265000159,18.038843734000125],[100.413977336000187,18.039057774000071],[100.413682095000183,18.039516243000094],[100.413406259000112,18.040017148000061],[100.41326154800015,18.04021289300016],[100.413084846000061,18.040384534000054],[100.41280027200014,18.040587390000155],[100.41250919600003,18.040772036000135],[100.41240839500017,18.040839893000168],[100.412262488000067,18.040938107000102],[100.41214267200013,18.041066744000034],[100.412042086000156,18.041213498000104],[100.411992622000128,18.041390291000084],[100.411993690000202,18.041524134000042],[100.41201546800005,18.041585093000037],[100.41208476200012,18.041779002000169],[100.412150247000113,18.042015799000126],[100.412177290000102,18.042216378000091],[100.412159282000061,18.042350352000028],[100.412109372000032,18.042472399000076],[100.412002333000146,18.042607032000092],[100.411806349000074,18.042754475000152],[100.411515171000133,18.042926950000094],[100.411382544000105,18.043043519999969],[100.411294532000113,18.043171925000024],[100.411219909000067,18.043385416000035],[100.411113344,18.043580881000139],[100.411031355000091,18.043666655000095],[100.410924014000159,18.043764782000153],[100.410589351999988,18.044014285000117],[100.410462481000081,18.044108857000083],[100.410298979000061,18.044341245000169],[100.410211545000095,18.044542651000143],[100.410181599000111,18.044667155000127],[100.410149981000188,18.044798634000074],[100.410089299000106,18.045164115000034],[100.410003989000188,18.045633208000027],[100.40992393800019,18.045962330000066],[100.409824027000184,18.046194246000084],[100.40974311400015,18.046312291000163],[100.40966056100018,18.046432721000031],[100.409483705000127,18.046586111000067],[100.409274849000042,18.046715396000025],[100.408876278000037,18.046979915000179],[100.40864257000004,18.047182388000124],[100.40847254300013,18.047396572000082],[100.40837228900017,18.047585902000094],[100.408349877000092,18.047658347000151],[100.408285492000175,18.047866406000082],[100.40825538100006,18.048079563000044],[100.408257028000151,18.048286407999967],[100.408277946000055,18.048517450000077],[100.408326677000105,18.049046402000158],[100.408329196000068,18.049362755000118],[100.408292933000155,18.049600294000186],[100.408243552000101,18.049789262000161],[100.408137232000172,18.05001514300011],[100.407975214000089,18.050436126000022],[100.407920251000064,18.050722478000125],[100.407878009000115,18.051008729000102],[100.407836251000049,18.051355822000119],[100.407857275000197,18.051599033000059],[100.407909748000179,18.051799419000133],[100.408026115000098,18.052035846000081],[100.408200643000157,18.052387452],[100.408477900000094,18.052859991000162],[100.40890255000005,18.053471376000175],[100.409089996000148,18.053847216],[100.409181847000184,18.054199424000046],[100.409197041000198,18.054509594000137],[100.409187856000074,18.054624486000023],[100.409167798000169,18.054875524000181],[100.409096952000141,18.055302189000031],[100.409077418000152,18.055348015000106],[100.40904613400005,18.055534169000055],[100.409045509000066,18.055545038000162],[100.40910302900005,18.05573112400009],[100.4091144100002,18.055767937000041],[100.409214735000035,18.055987740000035],[100.409306915000059,18.056316234],[100.409299197000109,18.056354809000084],[100.409303931000125,18.05636891100005],[100.409305820000043,18.056605776000026],[100.409152006000113,18.057080671000108],[100.408730201000083,18.057826706000128],[100.408417297000142,18.058300184000018],[100.408329787000184,18.058432599000071],[100.407941388000097,18.059135325000113],[100.407710672000064,18.059847658000024],[100.407445067000197,18.060420270000122],[100.407250288000114,18.060654561000092],[100.406744888000048,18.061092949000113],[100.405510592000098,18.06262965500008],[100.405357704000039,18.062781756000106],[100.404483929000151,18.063471778],[100.403726223000149,18.064162126000099],[100.40350468600019,18.064615970000034],[100.403396205000035,18.064873492000174],[100.403350006000039,18.064983183000095],[100.403374654000118,18.065252197000177],[100.40423948300014,18.066419572000029],[100.404625891000137,18.066879761000166],[100.405193946000168,18.067532450000101],[100.405707783000139,18.068443943000091],[100.405849075000106,18.068793355000082],[100.40598444900013,18.069128110000122],[100.406033805000106,18.069229717000098],[100.406408198000122,18.069678809000152],[100.406794477000176,18.069990008000048],[100.406900547000077,18.070110106000016],[100.407139802000074,18.070495787000027],[100.407242914000051,18.070689318000177],[100.407278874000042,18.070979357000112],[100.407383448000132,18.071430413000087],[100.407724523000013,18.071846978000053],[100.408507309000129,18.072712157000126],[100.408917425000141,18.073419638000132],[100.409224862000087,18.073836464000124],[100.409531970000103,18.074286039000128],[100.409772535,18.074833241000135],[100.409842156000195,18.075123016000191],[100.409810042000174,18.075316411000131],[100.409677414000043,18.075640429000089],[100.409476933000064,18.07589942900006],[100.409210446000145,18.076321565000171],[100.409009796000078,18.076484545000142],[100.408774638000125,18.076615030000028],[100.408485426000198,18.076747373000046],[100.408202760000052,18.07687673800018],[100.407767481,18.077235729000108],[100.407559050000089,18.077467005000074],[100.40729922200012,18.077755336000052],[100.40713187900019,18.077949717000024],[100.406797024000127,18.078242442000032],[100.406763022000121,18.078272058000152],[100.406742192000195,18.07825187800006],[100.406474566999975,18.078486179000038],[100.405368699000178,18.079590775000099],[100.404656794000118,18.080672705000097],[100.4042431700002,18.081041812000024],[100.403895213999988,18.081173552000052],[100.403412416000037,18.08133857200005],[100.403088946000082,18.081486468000037],[100.403053459000091,18.081502698000122],[100.402605718000075,18.081828976000111],[100.402203695000139,18.082241066000108],[100.40159076600014,18.083031541000025],[100.401243736000197,18.083281715000169],[100.400974234999978,18.083369817000175],[100.400512666000111,18.083373167000047],[100.400279942,18.083350677000169],[100.39895781000007,18.083222929999977],[100.398314495000193,18.083023013000059],[100.397851903000117,18.082897154000023],[100.397480395000116,18.082899845000156],[100.39738996300008,18.08294080200011],[100.39735430900015,18.082956945000092],[100.397220160000131,18.083017693000158],[100.39712244500015,18.083106038000096],[100.396966429000202,18.083333570999969],[100.396876909000071,18.083464127000127],[100.396625647000064,18.084435016999976],[100.39648202300009,18.084780621000164],[100.396180869000034,18.085138124000025],[100.395837241000038,18.085818964],[100.395818919000135,18.085929254000064],[100.39577275900001,18.086207067999965],[100.395780111000136,18.086266264000074],[100.395836219000159,18.086445773000094],[100.396114927000099,18.086764495000182],[100.396252749000155,18.087108063000187],[100.396288997000113,18.087420059000067],[100.396226220000187,18.088023497000108],[100.396186858000078,18.088248614000122],[100.396177872000067,18.08854496500004],[100.396165913000061,18.088939166000102],[100.39629298300008,18.089347417],[100.396463733000189,18.089583059000176],[100.39688208300015,18.089806152000051],[100.397356460000083,18.089996529000075],[100.397543195000139,18.090161080000087],[100.397707935000085,18.090306242000054],[100.397957836000103,18.090584389000071],[100.397946100000183,18.090746343000148],[100.397937532000185,18.090864488000022],[100.39780474600019,18.091156175000094],[100.397470230000067,18.091567761000078],[100.396744324000053,18.092315977000169],[100.396399323000196,18.092824547000134],[100.39627940000014,18.093320722000044],[100.396284173000083,18.093923671000141],[100.396405396000091,18.09436562000019],[100.396458083000084,18.094557693000183],[100.39647676300018,18.095055750000085],[100.396500890000141,18.095698738000181],[100.396526047000179,18.096032353000169],[100.396571936000157,18.096139690000086],[100.396808883000119,18.096202579000021],[100.397201301000109,18.096238202000052],[100.397248304000186,18.096242468000071],[100.397361574000115,18.096327792000181],[100.397489803000155,18.09659587100009],[100.39749066800016,18.096622524000054],[100.397496795000052,18.096810946000176],[100.397489942000107,18.096897538000064],[100.397471182000118,18.097371439000085],[100.397472770000093,18.097571870000081],[100.397487855000179,18.097630902000162],[100.397595419000197,18.097691207000082],[100.397732769000186,18.097703342000102],[100.398037097000156,18.097744200000136],[100.398398832000169,18.097924624000143],[100.398987873000124,18.098372585000163],[100.399155974000109,18.098638961000177],[100.399333755000157,18.099185518000183],[100.399369605000118,18.099337693000109],[100.399398647,18.099503173000073],[100.399525021000159,18.099707726000076],[100.399734454000168,18.099898406000023],[100.399814640000045,18.099980501000175],[100.39989517000015,18.100062938000121],[100.399920280000117,18.100097753999989],[100.400028317000078,18.100247552000155],[100.400057773000185,18.100466054000094],[100.399959688000138,18.100761074000161],[100.399847933000046,18.101097220000099],[100.399740099000041,18.10148241800016],[100.399779062000164,18.102025614000183],[100.399753606000161,18.102310796000154],[100.399737268000081,18.102507809000031],[100.399728307000089,18.102615860000185],[100.399688141000183,18.102795105000155],[100.399619948000122,18.102934781000158],[100.39952686100014,18.102999391000026],[100.399378692000028,18.103102224000054],[100.399158289000184,18.103276148000077],[100.399000050000154,18.103423114000179],[100.398766724000041,18.103716432000112],[100.398624764000033,18.104168151000067],[100.398497819000113,18.104765577000137],[100.398352450000061,18.10566139000008],[100.398197197000059,18.106186112000159],[100.398154646000194,18.106258253000192],[100.397946003000072,18.106819545000064],[100.397458410000127,18.107972170000153],[100.397336671000119,18.10816550900006],[100.397134215000051,18.108487043000025],[100.396812616000034,18.109037220000175],[100.396510776000071,18.10940620100007],[100.396092312000121,18.109952712000052],[100.395722153000122,18.110472363000156],[100.395422005000171,18.110990289000028],[100.395421295000062,18.110991511000123],[100.395230854000033,18.111450214000172],[100.39496276400007,18.111730527000134],[100.394680542000174,18.11197779500003],[100.393985146000034,18.112566070000128],[100.393840389000047,18.112666543000159],[100.393661707000149,18.112860043000182],[100.39360714999998,18.112961903000098],[100.393571026000188,18.113170255999989],[100.393567610000105,18.113231878000136],[100.393554334000044,18.113717899000108],[100.393515823000143,18.11391257300005],[100.393449566000129,18.114081098000042],[100.393326752000064,18.114327213000081],[100.393190391000076,18.114613188000192],[100.393123175000198,18.114878791000081],[100.39313050700008,18.115081341000121],[100.393144480999979,18.115467729000102],[100.393115599999987,18.115622395000116],[100.393091929000093,18.115764889],[100.393044390000171,18.116027287000065],[100.393014108000159,18.116081724000026],[100.392958205000014,18.116182649000109],[100.392847600000039,18.11631447600007],[100.392711233000057,18.116397928000083],[100.392563230000121,18.116577466000024],[100.392502351000132,18.116721349000102],[100.392478652000079,18.116936134000184],[100.392474115000141,18.116968227000086],[100.3923737020001,18.117396158000076],[100.392292138000073,18.118477079000058],[100.392329463000067,18.118814834000034],[100.392456428000173,18.119092280000075],[100.393148101000122,18.119783201000132],[100.39342201300002,18.120225175000087],[100.393520224999975,18.120383642000149],[100.393607235000104,18.120556239000166],[100.393703312000127,18.12074684300012],[100.39425978800017,18.121869545000095],[100.394332838000196,18.122075185000028],[100.39455549500002,18.122701952000114],[100.394635541000071,18.122927281000045],[100.394846733000179,18.123336676000065],[100.394940147000057,18.123753551],[100.395228890000055,18.124328082000034],[100.395239601000128,18.124805202000061],[100.39529715700013,18.125069901000018],[100.39541068300008,18.12540046700002],[100.395576193000124,18.126168090000021],[100.395629050000139,18.126309295999988],[100.395699097000147,18.126496425000141],[100.395781563000071,18.126716715000043],[100.396033828000043,18.127059529000178],[100.396278736000056,18.127349378000076],[100.396433746000127,18.127666389000126],[100.396464113000036,18.127940214000091],[100.396478546000083,18.128070361000141],[100.396483646000149,18.128713219000019],[100.396593476000191,18.129020487000048],[100.39661833800011,18.12909002900011],[100.396740655000201,18.129516938],[100.396768049000116,18.129612540000096],[100.396877701000165,18.130327546000103],[100.396897823000018,18.131116113000076],[100.397001719000116,18.131490632000066],[100.397079403000134,18.131638249000105],[100.397180136000031,18.131750331000148],[100.397341716000085,18.132020901000146],[100.397578256000145,18.132330038000077],[100.397607013000083,18.132398264000017],[100.397693824999976,18.132714267000154],[100.397711485000059,18.132846180000115],[100.397805785,18.133550505000073],[100.39780654100008,18.133645629000114],[100.397790838000105,18.133833599000013],[100.397773662000134,18.134039240000106],[100.397789842000066,18.134330755000121],[100.397905599000126,18.134939664000171],[100.397893940000131,18.135218119],[100.397826893000172,18.135503603000188],[100.397766030000184,18.135696252000059],[100.397555965000151,18.136084654000058],[100.397604546000139,18.136404722000066],[100.397628122000185,18.136560054000142],[100.397720900000195,18.13670177400013],[100.397962689000053,18.13685337000004],[100.398234990000105,18.136955221000051],[100.398307409000154,18.136982307000153],[100.398632697000039,18.137225576000105],[100.399148738,18.137611499000172],[100.399367973000153,18.137807071000168],[100.399423579000143,18.137853612000015],[100.399499116000072,18.137903771000026],[100.399770499000056,18.13800130900006],[100.400091523000128,18.138031831000148],[100.400195142000086,18.138038153000139],[100.400412467000081,18.138051406000045],[100.400710839000055,18.138114958000187],[100.401297798000201,18.138450246],[100.402515790999985,18.13890142200006],[100.403549190000149,18.139189633000171],[100.404386525000064,18.139314967000075],[100.40466225800003,18.139411534000146],[100.404893389000108,18.139661778000061],[100.405146727999977,18.139824232000024],[100.405411184,18.139942791000124],[100.405801127000075,18.139994706999971],[100.407728981000048,18.140385898000147],[100.409062263000067,18.140923815000122],[100.409638050000183,18.141292019000048],[100.409884932000182,18.141490236000038],[100.409890871000016,18.141495008000049],[100.409931354000094,18.141527512999971],[100.4100301040001,18.141606800999966],[100.410138568000036,18.141779070000098],[100.410199301000148,18.141875530999982],[100.410454333000132,18.142280608000021],[100.410967009000103,18.143094883000174],[100.411080519000052,18.143438654000136],[100.411251784000115,18.143728818000113],[100.411490650000133,18.144048975000089],[100.411626879000153,18.144242255000052],[100.411798927000177,18.144627294000031],[100.411837001000151,18.14517596800016],[100.41187300100006,18.145466003000081],[100.411909273000049,18.145788784000047],[100.411946047000072,18.146175936000134],[100.412051275000067,18.146626977000039],[100.4120536060002,18.146917259000077],[100.412054366000064,18.147011898000187],[100.412055673999987,18.147174777999965],[100.412226935000035,18.147463802000061],[100.412396598000157,18.147624089000089],[100.412822107000125,18.147900905000085],[100.412837805000152,18.147911130000125],[100.413176921000172,18.148134546000165],[100.413448424000137,18.14832683100019],[100.4137214980002,18.148711124999977],[100.413961930000198,18.149225564],[100.413999227000147,18.149677103000158],[100.413970242000175,18.150259017000167],[100.413907298000083,18.150807312000154],[100.413880116000144,18.151613999],[100.413892315000169,18.151882394000097],[100.413906667000106,18.152197763000174],[100.413936168000191,18.152267577000089],[100.413983806000033,18.152314667000098],[100.414006544000131,18.152497485000083],[100.414028010000152,18.152522176000105],[100.414055902000143,18.152610074999984],[100.41408957200008,18.152683256000103],[100.414178413000059,18.152931099999989],[100.414239614000053,18.153122671000119],[100.414323550000063,18.153423630000077],[100.414379059000112,18.153567800000133],[100.414400707000141,18.153615083000034],[100.41442830900013,18.153666838000163],[100.414472437000029,18.153718472000151],[100.414549022000074,18.153764229000103],[100.414641476999975,18.153800814000022],[100.414728457000081,18.153820506000045],[100.414859150000154,18.153835358000038],[100.41494069800018,18.153839276000042],[100.415097883000101,18.153843776000031],[100.415211887000112,18.153842938000139],[100.415353157000084,18.153852055000073],[100.415500450000081,18.153876959],[100.415685009000185,18.153907227000047],[100.415848293000181,18.153936514000065],[100.415984493999986,18.153977313000155],[100.416136654000184,18.154017976000034],[100.416200735000075,18.154041014000029],[100.416278239000064,18.154068892],[100.416387224000118,18.154104234000101],[100.416425800000127,18.154124281000065],[100.416777269000136,18.154487661000132],[100.416872124000065,18.154602174000104],[100.416971755000077,18.154722308999965],[100.417575009000075,18.155099645000121],[100.417832363000059,18.155293147000123],[100.418242329000066,18.155436963000113],[100.418497915000046,18.155483657000104],[100.41885491,18.155432445000145],[100.419015086000115,18.155341458000123],[100.419465327000182,18.155085701000019],[100.419617738000056,18.154938857000161],[100.419718549000152,18.154839853000112],[100.420026657000051,18.154508045],[100.420130868000058,18.154395808000061],[100.420174772000166,18.154348527000138],[100.420631981000042,18.154051473000095],[100.421294372000034,18.153851161000034],[100.42206111500019,18.153845493000063],[100.422520704000078,18.153842094000083],[100.423593451000102,18.15383415600013],[100.423750727000197,18.153832992000048],[100.424002227000187,18.153831130000071],[100.424616156000127,18.15365850600017],[100.4247160110001,18.153630444000157],[100.425021600000093,18.153579601000104],[100.425429186000031,18.153429742000071],[100.425786778000145,18.153378530000111],[100.426296760000071,18.153326170000184],[100.427164496000103,18.153172894000136],[100.427571899000156,18.153072731000123],[100.428133067000033,18.152921726000102],[100.428592257,18.152869754999983],[100.429255026000078,18.152717993000067],[100.429612991999988,18.152715332000128],[100.430481347000182,18.15270887500003],[100.430806977000145,18.152740138000013],[100.431140896000102,18.152742373000137],[100.431164933000048,18.152720724],[100.431621998000139,18.152700388000085],[100.431646049000108,18.152677619000087],[100.43193475400011,18.152657397000041],[100.432511363000117,18.152662139000029],[100.432547839999984,18.152644916000156],[100.433148315000039,18.152578956000184],[100.433364121000125,18.152555249000102],[100.434269758000198,18.152484123000079],[100.434976316000018,18.152415599999983],[100.435439339000084,18.152328560000058],[100.435880840000095,18.152282342000149],[100.436345323000069,18.152300326000045],[100.436721190000185,18.152318988000161],[100.437030975000141,18.152421711000045],[100.437341200000105,18.152504116000046],[100.4378283960001,18.152626980999969],[100.438337277000016,18.152729351000119],[100.438669008000034,18.15276865300018],[100.439155507000066,18.152806815000133],[100.439531373000079,18.152825454000151],[100.4397378660002,18.152865709000025],[100.440283039000064,18.152926001000026],[100.440681791000031,18.153069852000101],[100.440992711000035,18.153236951],[100.441348107000124,18.153424048000147],[100.441570237000178,18.153570359000071],[100.441903376000141,18.153779073000123],[100.442215434,18.154157391000126],[100.442350262000161,18.154389062],[100.44250633300004,18.154619434000097],[100.44268528300006,18.154829321000136],[100.442907592000097,18.154997081000147],[100.443113223000125,18.155145756000138],[100.443297139000094,18.155384972000036],[100.443632520000051,18.155868149000128],[100.444032842000126,18.156202861000111],[100.444855963000066,18.15687326900013],[100.445522759000198,18.157353951000118],[100.446345538000173,18.157981416000098],[100.446789484000135,18.15823108800015],[100.446991171000036,18.15854697400016],[100.447060979000128,18.158989219999967],[100.447310041000094,18.159748641000022],[100.447383054,18.160508248999975],[100.447454261000132,18.161119912000061],[100.447570471000176,18.161815959000023],[100.44777616600004,18.16261748900007],[100.447959941000079,18.163482454000132],[100.447985457000016,18.16392615400008],[100.447966030000089,18.164221113000053],[100.447946709,18.164601897000125],[100.447996248000152,18.165235193000115],[100.448249218000115,18.166395552000097],[100.448587592000194,18.167237881000062],[100.449125700000138,18.168225541000083],[100.449379373000056,18.168716027000187],[100.449485310000057,18.168920869999965],[100.449932778000118,18.169592945999966],[100.450401778000014,18.170223074000091],[100.450580499000182,18.170474737],[100.450847510000131,18.170683932000031],[100.450953808000065,18.170809090000091],[100.451115378000111,18.170999312],[100.451316912000095,18.171293723000133],[100.451539961000151,18.17154505000002],[100.451898305000157,18.172155661000033],[100.452188389000128,18.17251153400008],[100.452345966000109,18.172849198000108],[100.452436862000184,18.173122974000023],[100.452462031000039,18.173523771000077],[100.452399543000013,18.173968134000177],[100.452203589000192,18.174349132000032],[100.452095733000135,18.174667350000107],[100.452034628000149,18.175280009000062],[100.451971786000058,18.175682591000168],[100.451841659000081,18.176021291000097],[100.451733445000173,18.176296590000049],[100.4517583330001,18.176592335000123],[100.451806312000087,18.177034742000046],[100.451818118000176,18.177223203000096],[100.451831490000188,18.177436658999966],[100.451923796000187,18.17787985200016],[100.452059967000196,18.178343063],[100.452217194000127,18.178637807000086],[100.452352150000138,18.178953051000065],[100.452456418000054,18.179220199000099],[100.452533239000104,18.179417041000079],[100.452648091000185,18.17994364700013],[100.452672917000086,18.180302645000154],[100.452699167000162,18.180831058000081],[100.452569621000066,18.181169771000157],[100.452373825000052,18.181572219000032],[100.45198216600005,18.182293552000147],[100.451589449000153,18.182888386000116],[100.451502042000129,18.183037022000178],[100.451437263000173,18.183205801000042],[100.451418556000135,18.183586597999977],[100.451531313000146,18.183860208000056],[100.451711289000116,18.184259835000034],[100.451912774000164,18.184617497000147],[100.452159865000112,18.185059519000106],[100.452318323000043,18.185502228000075],[100.4524538080002,18.185880720000114],[100.452628173000107,18.186207521000028],[100.452678283000182,18.186301461000028],[100.452856850000103,18.186532789000125],[100.452880611000069,18.186550356999987],[100.453168367000046,18.18676311300004],[100.453612576000126,18.187034212000128],[100.454056791000198,18.187305330000015],[100.45432540500002,18.187704263000057],[100.454483516000096,18.188104052000028],[100.45450852800019,18.188484498999969],[100.454578386000094,18.188927877000083],[100.454714837000097,18.189349281000148],[100.454983440000035,18.18974821400019],[100.45525163800005,18.190168620000122],[100.455453545000125,18.190504821000161],[100.455588658000011,18.190789794000011],[100.455851537,18.19111112000013],[100.455879946000152,18.191145845000108],[100.456110380000041,18.191330705000098],[100.456173342000113,18.191353292000088],[100.45639798000019,18.191433876000019],[100.456784976000051,18.191634821000036],[100.457633529000191,18.192242404000126],[100.458523216000174,18.192932563000113],[100.459163253000099,18.193502448000118],[100.459369727000137,18.193686281000168],[100.459595939000053,18.193941873000142],[100.459704354000053,18.194064392000087],[100.459728532999975,18.194129176000104],[100.459752840000135,18.194194339999967],[100.459885065000151,18.194548707000081],[100.459913463000191,18.194616514000131],[100.459947764000106,18.194698445000029],[100.460003841000059,18.194833003000156],[100.460011872000052,18.195044680000024],[100.459918514000151,18.195397336000042],[100.459860855000102,18.195615147000069],[100.459601021000083,18.196272239000052],[100.459522623000169,18.196425127999987],[100.459450281000045,18.196566204000135],[100.459360962000062,18.196866045000149],[100.459317239000086,18.197190475000184],[100.459191152000187,18.198126049000166],[100.459147050000126,18.198478524999985],[100.459070473000054,18.198696384000186],[100.459016991999988,18.19880507400012],[100.458977967000067,18.198884397000029],[100.458887211,18.199004260000038],[100.458675563999975,18.199283790000095],[100.458630214000152,18.199486425000089],[100.458632521000084,18.199763626],[100.45868585900007,18.200065214000119],[100.458743738000123,18.200392473000079],[100.458936893000043,18.201484551000192],[100.458933296000168,18.201994059000072],[100.4589118990001,18.202248958000098],[100.458773044000054,18.202519740000128],[100.458529366000164,18.202954231000149],[100.458529205000048,18.202954653000177],[100.458443264000152,18.203209455000092],[100.458226675000049,18.20373857300018],[100.457919364000134,18.204498068000078],[100.457605718000138,18.205435640000189],[100.457592717000182,18.205757907000134],[100.457682003000116,18.206124355000043],[100.457726955000112,18.206266919000143],[100.457785281000156,18.206554474000029],[100.45779716900006,18.206775311000115],[100.457768619000035,18.207112687000119],[100.45769185100005,18.207308070000011],[100.457598903000189,18.207443639000132],[100.457443306000187,18.207587176],[100.457062179000161,18.207935914000132],[100.457038725000189,18.207957372000124],[100.456961319000186,18.208086543000036],[100.456876350000186,18.208228332000147],[100.456665864000172,18.208523884000101],[100.456597378000197,18.208620050000036],[100.456577314000128,18.208679136000114],[100.456513205000078,18.208867940000118],[100.456485147000024,18.209265243000061],[100.456462377000094,18.209355324000114],[100.456244191000167,18.209514322000132],[100.456017910000185,18.209643407999977],[100.455878116000179,18.209801810000101],[100.455701863000058,18.210290148000013],[100.455513933000134,18.210593185000164],[100.455477721000193,18.210709333000182],[100.455326067000044,18.211089999000023],[100.455218663000039,18.211300135000045],[100.455106836000141,18.211479672000053],[100.454977087000145,18.211621258000037],[100.45471440200015,18.211939513000175],[100.454539123000131,18.212110269999982],[100.45438625100013,18.212344107000092],[100.454299524000135,18.212576306000187],[100.454149975000121,18.213211104000152],[100.454087314000162,18.21363513600005],[100.454047365000122,18.214162929999986],[100.454048923000073,18.214350632999981],[100.454051397000114,18.214648588000045],[100.454141272000186,18.214795864000166],[100.454207980000035,18.214858610000022],[100.454328131000068,18.214905627000064],[100.454474178000169,18.214962765],[100.454829114000063,18.215149831000019],[100.455340010000043,18.215398964000144],[100.456162508000091,18.216026383000099],[100.456457743000101,18.216363338000178],[100.456475132000037,18.216383193000127],[100.456675518000054,18.21652962700017],[100.45705380600009,18.216822683999965],[100.457174871000063,18.216915197000105],[100.458324038000057,18.217328007000162],[100.458567939000091,18.217431047000161],[100.458844817000056,18.217728630000181],[100.459044363000032,18.218154174],[100.459335673000169,18.218876768000143],[100.459341560000041,18.218891370000108],[100.459372592000136,18.218968343000142],[100.459722405000036,18.219550081000136],[100.460487071000045,18.220990275000133],[100.461273451000125,18.222213023000052],[100.46171785700011,18.222853973000156],[100.461837639000066,18.223115291000056],[100.461855198000194,18.223339928000087],[100.461856700000112,18.223519729000145],[100.46181849900006,18.223639901000126],[100.461702032000119,18.223775648000071],[100.461537819000114,18.223910320000073],[100.461351615000183,18.224063028000046],[100.461191482000174,18.224316201000136],[100.461172621000117,18.224352980999981],[100.460943862000079,18.224799028000064],[100.460813073,18.224989782000023],[100.460682584000153,18.22528670700018],[100.460576129000117,18.225773205999985],[100.460601408000173,18.226110744000039],[100.460604762000116,18.226159080000116],[100.460626266000133,18.226469738000048],[100.460568020000096,18.227421227000036],[100.460616216000176,18.227885077000053],[100.460619563000193,18.2282860360001],[100.460662067000158,18.228701202000138],[100.460668059000113,18.228729282000131],[100.460677459000181,18.228773340999965],[100.460793243000182,18.229146135000121],[100.460814432000063,18.229214346000163],[100.461054259000093,18.229766946000041],[100.461213817000157,18.230095391000134],[100.461467326000047,18.230408138000143],[100.461728473000107,18.230696660000035],[100.461758528000189,18.230729864000125],[100.462129536000134,18.230956580000054],[100.462543775000029,18.231268094000086],[100.462881088000131,18.231442879000042],[100.463026962000129,18.231541018000087],[100.463253940000072,18.231807740000136],[100.463340660000142,18.231923380000126],[100.463511268000047,18.232222399000079],[100.463661768000065,18.232570574000022],[100.463740098000187,18.232751784000072],[100.463864434000186,18.233056013000123],[100.464089003000197,18.23347673100011],[100.464223509000135,18.233729851000078],[100.464381797000044,18.233970537000118],[100.464403099000037,18.234002939000163],[100.464855576000105,18.234576014000027],[100.4649223790002,18.234660628000086],[100.465273264000189,18.234980517],[100.465444593000086,18.235144816],[100.466398146000188,18.236059227999988],[100.467392201000109,18.236814575999972],[100.467880697,18.237185762000138],[100.467935067000099,18.237358140000026],[100.467934612000136,18.237377770000023],[100.467931824000061,18.237497239000049],[100.467914997000037,18.237594297000101],[100.467876331000184,18.237716814],[100.467816216000131,18.237911138000129],[100.467780659000084,18.238404496999976],[100.467685632000155,18.238783341999977],[100.467673291000096,18.238832542000125],[100.467635557000165,18.238982983000085],[100.467601409000167,18.239118107000081],[100.467628963000152,18.239248543000031],[100.467692195000041,18.239425061000077],[100.467856968000092,18.239613447000181],[100.467907848000038,18.239895422000188],[100.467949206000071,18.240093183999988],[100.468012789000113,18.240236460000119],[100.468025629000124,18.240265390000047],[100.468137370000193,18.24044153900013],[100.468143055000041,18.240593215000104],[100.468117796000172,18.240736697000045],[100.468065720000141,18.24083824100012],[100.468026568000084,18.240904183000055],[100.467969125000081,18.241000938000127],[100.467791729000112,18.241299713999979],[100.467788308000081,18.241417741000078],[100.46781544300012,18.241497607000099],[100.467825116000142,18.241598681000141],[100.467938460000084,18.24173748700008],[100.467972174000067,18.241778771000099],[100.467979726000124,18.241787351000141],[100.468079047000117,18.241900173000033],[100.4681286940002,18.242034650000051],[100.468161549000172,18.242270405000113],[100.468159084000035,18.242502216000048],[100.468157766000104,18.242532253000093],[100.468147978000047,18.242755169000077],[100.46812691700012,18.242873331999988],[100.468067151000184,18.243109797000102],[100.467937813000106,18.243464802000062],[100.467934080000077,18.243475398999976],[100.467855962000044,18.243697222000151],[100.467835396000112,18.243874381000126],[100.467845635000117,18.244042882000144],[100.467847345000109,18.244050135000123],[100.467868499000076,18.24413963600017],[100.467958087000056,18.244303314000035],[100.468039665000049,18.244563979000191],[100.468067584000096,18.244749532000185],[100.468077039000093,18.244812345000128],[100.468091083000047,18.244909167000117],[100.468140234000089,18.244984646999967],[100.468264467000154,18.245072198000059],[100.46833454199998,18.245091400000035],[100.468421965000061,18.245115352000028],[100.468458988000179,18.245125497000117],[100.468896500000142,18.245227500000112],[100.469183924000106,18.245313798000154],[100.469336232000103,18.245407806000117],[100.469662760000119,18.24560934699997],[100.469898534000095,18.245847759000185],[100.470063630000084,18.246074068000155],[100.470097925000175,18.24627020600002],[100.470188737000058,18.246789558000046],[100.470321996000109,18.247424909000074],[100.470353466000063,18.247841141000094],[100.470381548000091,18.248212544000182],[100.470477998000092,18.248666961000026],[100.470496879000109,18.248814319000132],[100.47053333700012,18.248953116000166],[100.470635910000169,18.249087186000054],[100.470837147000054,18.249414365000064],[100.470985393000035,18.249641498000074],[100.471056104000127,18.24974983400017],[100.471123289000104,18.249871534000135],[100.471205124,18.250161701000081],[100.471213267000053,18.250326310999981],[100.471215756,18.250376555000059],[100.471247905000098,18.250528026999973],[100.471360757000184,18.25083480700016],[100.471567971000127,18.251347376000183],[100.471697331000144,18.251554001000159],[100.471733399000129,18.251611609000122],[100.471757782000111,18.251701700000012],[100.471815347000131,18.251914416000034],[100.471875949000037,18.252301676000116],[100.471944414000063,18.252575084000171],[100.471962637000104,18.25272359100012],[100.472001247000094,18.253038230000129],[100.472037595000074,18.25316438200008],[100.472122502000047,18.253309110000146],[100.472136050000131,18.253332204000117],[100.472163151000132,18.253387974000077],[100.472405373000129,18.253886433000048],[100.47254074600005,18.25424783],[100.472568098000181,18.254352979000089],[100.472546932,18.254458501000101],[100.472526159000154,18.254610379999974],[100.472513247000165,18.254648408000094],[100.472522634000143,18.254715767000107],[100.472549773000139,18.25479563100015],[100.472617035000042,18.254925760000162],[100.472626599000137,18.255014189000121],[100.472592311000142,18.255132458000048],[100.472558519000188,18.255309720000128],[100.472559090000118,18.255377435000128],[100.472559833000105,18.255465644000083],[100.472596111000087,18.255583370000011],[100.472640928000146,18.255667313000117],[100.472761579000121,18.255851816000018],[100.47325624299998,18.256359138000107],[100.473299531,18.256403533000139],[100.47344679400004,18.256554562000076],[100.47370912000008,18.256801189000157],[100.473766919000127,18.256855533000021],[100.47383781100018,18.256892916000027],[100.473943884000164,18.256917386000111],[100.474089719000062,18.256949976000101],[100.474231289000045,18.256999460000145],[100.474461855000072,18.257140973000048],[100.474639207000052,18.257249181000077],[100.474820635000128,18.257315217000041],[100.475129826000057,18.257367615000135],[100.475457568000138,18.257525238000142],[100.475799080000172,18.25774596499997],[100.475852793000058,18.257838268000057],[100.475871112000107,18.25791820000012],[100.475872002000131,18.258023552000111],[100.475841838000122,18.258108072000027],[100.475606119000076,18.258923267000057],[100.475604990000079,18.258949032000146],[100.475603843000101,18.258975206000173],[100.475602419000154,18.259007584000187],[100.475634007999986,18.259091628000022],[100.475681431000112,18.259197276000066],[100.475692449000121,18.259221823000075],[100.47576391299998,18.259326636000139],[100.475959935000049,18.259558894000179],[100.475968873000113,18.259569487000078],[100.476107457000182,18.259787568000093],[100.476151449000099,18.259856355000181],[100.476241561000109,18.259997252],[100.4764728090002,18.260218833000124],[100.476673858000083,18.260520713000062],[100.476773177000041,18.260789671000111],[100.476778443000114,18.260855976000187],[100.476791615000138,18.261021716000073],[100.476792922000129,18.261038165000059],[100.476760583000043,18.261149716000148],[100.476732918000152,18.26124513600007],[100.476594407000164,18.261558068],[100.476333037000188,18.261947810000095],[100.476162798000075,18.262159843000177],[100.475961476000123,18.262660686000117],[100.475907900000095,18.262793969000029],[100.475777073000188,18.263141869000037],[100.475726702000031,18.263275805000148],[100.47563237300011,18.263596825000036],[100.475665530000128,18.263866293000149],[100.475667815000065,18.263877774000093],[100.47570809299998,18.264080126000124],[100.4757115970001,18.264097729000071],[100.475723613000071,18.264129179],[100.475806323000143,18.264345645],[100.47597222700017,18.264635156000054],[100.476195840000116,18.265025370000046],[100.47631112900018,18.265096128000039],[100.476386579000177,18.265150334000054],[100.47645295600006,18.265177907000123],[100.476506099000119,18.265199980999967],[100.476661125000192,18.265274646000023],[100.476741588000152,18.265400456000123],[100.47684933700009,18.265622985000164],[100.476860187000113,18.265683794000154],[100.47687712200019,18.265778705000116],[100.476908892000154,18.265883818000191],[100.476993732000039,18.266005383],[100.4771928830001,18.266210135999984],[100.477278529000102,18.266298189999986],[100.477408441000193,18.266533192000054],[100.477435496,18.266593961000069],[100.477597298000092,18.266957386000172],[100.477775341000154,18.267145657000015],[100.477792377000128,18.267158564000113],[100.478348065000148,18.267579526000134],[100.478525042000115,18.267641374000107],[100.478622258000144,18.26766169800004],[100.478763624000123,18.267685888000074],[100.478877524000154,18.267685007000068],[100.478895952000073,18.267684865000092],[100.479059155000186,18.267683603000137],[100.479389300000037,18.267600979000065],[100.479838217000122,18.267479501000139],[100.480407299000149,18.267483528000184],[100.480933025000127,18.267576391000148],[100.481154286000049,18.267658965000066],[100.481265060000169,18.26771710800017],[100.481376763000071,18.267884817000095],[100.481471325000086,18.268111660000102],[100.48170359400001,18.26845122900005],[100.482352566000088,18.269031997000127],[100.482836300000145,18.269373827000038],[100.483383020000076,18.269682944000124],[100.483518598000103,18.269722545000093],[100.484137715000088,18.269903173000102],[100.484456634000082,18.270056631000045],[100.484780574000069,18.27028169099998],[100.485020631000111,18.270498976000113],[100.485431287000154,18.271064725000144],[100.485510055000134,18.27122262600011],[100.48553424000005,18.27131882499998],[100.485563221000064,18.27153571000008],[100.485580050000124,18.271807827000146],[100.485619491000136,18.272445579000134],[100.485639064000054,18.272541028000148],[100.485647106000158,18.272580221999988],[100.485696561000111,18.272689411999977],[100.485799807000092,18.272899328000108],[100.485820705000037,18.272932404000187],[100.485871353000164,18.273012560999973],[100.486024902000167,18.273188472000072],[100.486248290000162,18.27356011500018],[100.48650262100017,18.273852925000085],[100.487015712000073,18.274251816000117],[100.487241884000127,18.274401079000143],[100.487450644000035,18.274568029000079],[100.487584470000058,18.274728837000055],[100.487613607000071,18.274763848000021],[100.487642299000129,18.274798327000155],[100.487719333000143,18.275037948000147],[100.487720806000141,18.275210726000068],[100.487748423000028,18.275345373000107],[100.487748782000153,18.275387514000101],[100.487793109,18.275412451000136],[100.487894634000156,18.275420092000161],[100.488150267000094,18.275392815000089],[100.48832145900019,18.275407236000149],[100.488516680000089,18.275423681000177],[100.488653784000064,18.275464756000133],[100.488839911000127,18.27556445],[100.489088481000067,18.275743735],[100.489095971000154,18.275748483000029],[100.489554207000083,18.276039327000149],[100.489656057000161,18.276084892000085],[100.489832682000099,18.276104583],[100.490045001000169,18.27606146300019],[100.49004847100008,18.276060758000028],[100.490233236000051,18.276000318],[100.490387591000115,18.275994901],[100.490546855000105,18.276048448000097],[100.490866780000033,18.276240356000187],[100.491000526000107,18.27632988900001],[100.491366486000175,18.276541638000026],[100.492012362000139,18.276857374000031],[100.492462930000102,18.2771475240001],[100.492772137000031,18.277358592000155],[100.493278746000101,18.277702518000183],[100.493673176000073,18.277993103000142],[100.493899738000152,18.278286121000065],[100.494010076000052,18.278693572000122],[100.494031540000037,18.278908092999984],[100.493990939000184,18.279213928000161],[100.493985019000036,18.279258516000141],[100.493926270000031,18.279855217000033],[100.493856230000119,18.280122851000158],[100.493818556,18.280266818000086],[100.493789759000038,18.28037685400011],[100.493562652000151,18.281244689000061],[100.493453848000058,18.281636757000172],[100.493261419000191,18.282330129000172],[100.49312924200018,18.282917551000082],[100.492980669000076,18.283277442000099],[100.49289790000006,18.283567022999989],[100.492892626000128,18.283663107000166],[100.492865636000033,18.28371279400011],[100.492689789000167,18.283813120000048],[100.49253803900001,18.283925262000082],[100.492445126000064,18.284015482000086],[100.492364142000099,18.284164543000088],[100.492243864000102,18.284527826000044],[100.492190280000102,18.2846744900001],[100.492151865000039,18.284724993000054],[100.49210645300019,18.28475808900015],[100.492060904000084,18.284775907000039],[100.492008353000074,18.28477631700008],[100.491916734000029,18.284750837000104],[100.491724083000179,18.284667214000024],[100.491630385000065,18.284665763000135],[100.491491255000085,18.284695226],[100.491245263000167,18.284786641000039],[100.491172220000067,18.284795939999981],[100.490982321000104,18.284766862000083],[100.490827320000164,18.284725095999988],[100.490727161000109,18.284717565000165],[100.490657676000126,18.284734737000178],[100.490527803000134,18.284814738000136],[100.490354701000058,18.284928332000106],[100.490337291,18.284936549000179],[100.490220335000117,18.28499174],[100.490048596,18.285036701000138],[100.490007564000166,18.28504744300011],[100.489785402000109,18.285086634000095],[100.488947296000049,18.28523447200007],[100.488825844000132,18.28528114400018],[100.488763922000146,18.285357126000065],[100.488744015000179,18.285381556000118],[100.488581703000079,18.285740345000079],[100.488521490000153,18.285823961000062],[100.488374385000157,18.285924882000131],[100.488144460000058,18.286055700000134],[100.488074679000022,18.286076461000164],[100.487897432000011,18.286158026000066],[100.487775821000184,18.286248211000157],[100.487645675000067,18.286375727000063],[100.487562935000142,18.286518687000182],[100.487489175000064,18.286671733000048],[100.487358335000124,18.286789098000042],[100.487204574000089,18.286869285000023],[100.48720001300012,18.286871653000048],[100.486984990000053,18.28696254800002],[100.486623418000136,18.287059116000023],[100.486503285000026,18.287114266000174],[100.48634475200015,18.287240864000125],[100.486187114000074,18.287474764000137],[100.486011395000048,18.287735913000176],[100.485797240000181,18.287926212000173],[100.485684010000057,18.287995006000187],[100.485573137000188,18.288062354999965],[100.485330119000139,18.288127495000026],[100.485208220000118,18.288181538000174],[100.485133905000055,18.288272474000053],[100.485107327000037,18.288414996000142],[100.485090559000071,18.288666994000039],[100.485076872000093,18.28892186000013],[100.485074225000119,18.288970963000054],[100.48501943600013,18.289132896000183],[100.484899272000121,18.289322464000065],[100.484778628000072,18.289457800999969],[100.48458263700013,18.289628747000108],[100.484546889000171,18.289647803000094],[100.484358991000079,18.289747952000084],[100.48430004800008,18.289768740000056],[100.483841470000186,18.289931570000022],[100.483666125000127,18.289958900000158],[100.483498326000188,18.290040406000116],[100.483433549000097,18.290140304000033],[100.483387778000122,18.290319118000127],[100.483363117000124,18.290687523000145],[100.483356408000191,18.290732755000136],[100.483221841000159,18.291106530999969],[100.483200500000066,18.291190984000139],[100.483059406000109,18.291749343000049],[100.483063499000195,18.292230473000075],[100.483149736000144,18.292497485000126],[100.483186338000166,18.292776915000161],[100.483209155000168,18.292951077],[100.4832983390001,18.293564827000182],[100.483274422000136,18.294020206000084],[100.48319614400009,18.294688333000067],[100.483284426000068,18.295195918000047],[100.483399336000161,18.295568896000134],[100.483569740000064,18.295862360000115],[100.483912583000119,18.29618352600005],[100.483936861000132,18.296206271000074],[100.484274250000112,18.296391145000086],[100.48455524100018,18.296549349000031],[100.484865764000176,18.296840603000135],[100.485091051000097,18.29705345300016],[100.485484833000157,18.297263857000132],[100.48573871900004,18.297502472000076],[100.486076112000148,18.297687342000131],[100.486302229000103,18.297926155000084],[100.486360998000066,18.298299566000139],[100.486286309000036,18.298614561000022],[100.486253121000118,18.298754460000112],[100.486143442000014,18.298995885000124],[100.48597737700004,18.299211780000121],[100.485699208000028,18.29945453400012],[100.485533133000047,18.299669290000168],[100.485284918000048,18.300099305000117],[100.485111021000137,18.300536382000132],[100.484985234000135,18.301009744000055],[100.484791468000083,18.301306038],[100.484730271000103,18.30140139000008],[100.484628759000032,18.301779605000036],[100.484599745000139,18.302081562000069],[100.484579464000149,18.302292618000138],[100.48457949800013,18.302293120000172],[100.484603897000113,18.302641015000063],[100.484741423000116,18.303034670000045],[100.48486308300005,18.303262437000171],[100.484992301000091,18.303504340000188],[100.485005484,18.30379130700004],[100.485013731000095,18.304129579000175],[100.484994627000106,18.304406547000156],[100.484861465000108,18.304525487000035],[100.484647459000143,18.304604048000044],[100.484271278000051,18.304545455000095],[100.484120599000107,18.304538164000121],[100.483997454000132,18.304532204000168],[100.483825811000202,18.304543789000149],[100.483612459000142,18.304699238000126],[100.483293520000132,18.305060559000083],[100.48321389400013,18.305163699000104],[100.483031692000111,18.305195872000183],[100.482942072000185,18.305211811000163],[100.48279054700015,18.305238759000076],[100.482640721000053,18.305291183000179],[100.482491285000094,18.305389742000045],[100.482379851000132,18.305539270000168],[100.482354328000042,18.305693259],[100.48233957500014,18.306309211000041],[100.482338486000174,18.306354670000133],[100.482265840000196,18.306647433000137],[100.481997987000113,18.307336435000082],[100.481696450000129,18.308481940000092],[100.481687339000189,18.308518507000031],[100.481509612000139,18.309231831000091],[100.481516066000154,18.309990471000162],[100.48163919000001,18.311502867000058],[100.481677891000118,18.311978218000036],[100.48173396500016,18.312641054000153],[100.481755465000163,18.31289522000003],[100.481725140000037,18.313115886],[100.481577050000055,18.313373347999971],[100.481353912000031,18.313641648000157],[100.481006088000072,18.313979304000043],[100.48100257800013,18.313982710000118],[100.480963390000056,18.31403741400004],[100.480718366000019,18.314379450000104],[100.480710845000033,18.314389950000077],[100.48051054300015,18.314666561000138],[100.480509256000175,18.3146683330001],[100.480495765000171,18.314732805000119],[100.480484173000093,18.314788213000099],[100.480457682000122,18.314914799000064],[100.480460773000118,18.314976165000189],[100.480465934000108,18.315078560000018],[100.480470593000064,18.315171012000064],[100.480487775000086,18.315211738000073],[100.480498406000152,18.315236947000074],[100.480602061000127,18.315482692000103],[100.480673048000199,18.315625682000189],[100.480672118000143,18.315716929000189],[100.480670125000074,18.315912775000072],[100.48066484800006,18.315938595000034],[100.480551612999989,18.316492968000034],[100.480357918000038,18.317068612000014],[100.48028947600011,18.317301840000141],[100.480164916000092,18.317726274000108],[100.480068668000115,18.317956302000141],[100.479833512000198,18.318518294000057],[100.479835952000201,18.318805350000048],[100.479875044000096,18.318984463],[100.480048925000176,18.319234305000066],[100.480080209000107,18.319313789000091],[100.480084153000064,18.319323810000128],[100.480169613000044,18.319540945000028],[100.480242743000019,18.319935102000045],[100.480232661000116,18.320160580000049],[100.480229214000076,18.320237657000121],[100.480341612000132,18.320831438000141],[100.4804251770002,18.320971745000122],[100.480472294000094,18.321050855000124],[100.480665644000112,18.32123253900005],[100.480688721000149,18.321254223000039],[100.480695309000168,18.321256883000103],[100.480888005000111,18.321334699000147],[100.480984958000079,18.32137495600017],[100.481039372000112,18.321461680000084],[100.481062714000132,18.321681930000182],[100.481003150000163,18.322251410000035],[100.480999791000158,18.322287638000034],[100.480973655000128,18.322569468999973],[100.480944850000128,18.322969543000056],[100.480975152000156,18.323215613000173],[100.4809852140001,18.323297314000058],[100.481068122000011,18.323578613000166],[100.481209151000087,18.323751812000012],[100.481289897000181,18.323802323000052],[100.481532927000046,18.323954349000189],[100.482017058000054,18.324078745000179],[100.482666748000156,18.324104455000167],[100.48372987800019,18.324147455000173],[100.484169087000168,18.324221435000084],[100.484224400000073,18.324230755000144],[100.484606998000118,18.324407195000163],[100.484882428000162,18.324604979000185],[100.485028569000065,18.324747376000175],[100.485082678000197,18.325079932000108],[100.4851135400001,18.32526959400019],[100.485241706000011,18.3258222340001],[100.485465045000126,18.326204968000127],[100.485838929000124,18.326617285000054],[100.485977491000085,18.326724465000041],[100.486109866999982,18.326826859000164],[100.486481919000084,18.327114648000077],[100.486597545000052,18.327165007000076],[100.486956031000034,18.327321131000019],[100.487063902000159,18.327381807000052],[100.487172605000183,18.327539873000035],[100.487221589000171,18.327893390000042],[100.487262216000033,18.328186604000166],[100.487264137000125,18.328200450000054],[100.48735364800018,18.328625228000192],[100.487516987000106,18.32889565],[100.487672538000083,18.32902579600011],[100.487862995000114,18.329185147999965],[100.488015648000044,18.329282972999977],[100.488084283000148,18.329326957000092],[100.488300682000158,18.32952519100013],[100.488409782000133,18.329729391000171],[100.488417476000052,18.330001026000161],[100.488417868000113,18.330458265000061],[100.488417937000179,18.330540319000136],[100.488418071000012,18.330698193000046],[100.48846404,18.331051547000129],[100.488658299000178,18.331798467000112],[100.488693180000155,18.332110895000028],[100.488711922000107,18.332183604000079],[100.488904164000189,18.332929451999973],[100.489079740000136,18.333374067000079],[100.489337668000189,18.33403333800004],[100.489658693000194,18.334538334000058],[100.4898542520001,18.334808496000051],[100.49009134,18.334914297000182],[100.490410185000201,18.334976945000051],[100.490543,18.335003037000035],[100.490882777000195,18.335190051999973],[100.491375851000157,18.335525357000108],[100.491411912000046,18.335549878999984],[100.491455987000052,18.335575560999985],[100.491540391000115,18.335624733000145],[100.491967573000068,18.33587361300016],[100.492077736000056,18.335965080000165],[100.492149797000081,18.336024912000141],[100.492364543000065,18.336203220000129],[100.492573089000075,18.336376373000178],[100.492742733999989,18.336546197000189],[100.492862899000102,18.336666486000126],[100.492903365000075,18.336706993000178],[100.492906096000183,18.336714769000082],[100.492985903000147,18.336942155000088],[100.49309620300005,18.337284754000109],[100.493104521000191,18.337628145],[100.493090762,18.337883434000105],[100.49308905900017,18.337915014000032],[100.493085999000073,18.337971751],[100.493021320000139,18.338096587000052],[100.49291118300016,18.338309154000115],[100.492821980000144,18.33848131700006],[100.492680515000075,18.338637155000185],[100.492545461000134,18.338785930000142],[100.492289139000036,18.338941726000087],[100.491887580000139,18.339062774000126],[100.490719556000101,18.339317970000138],[100.490382452000119,18.339443635000123],[100.49005084800001,18.339584637000087],[100.489736132000132,18.339817777000178],[100.489200285000095,18.340555021000057],[100.488716333000184,18.341155935000018],[100.488712493000037,18.341160704000174],[100.488280500000087,18.341697099000044],[100.488061531000199,18.341888932000018],[100.48789214300001,18.342037326000025],[100.487511923,18.34221344700012],[100.48720671600006,18.342234054000187],[100.487153172000092,18.342230361000134],[100.48689346000009,18.342212431000064],[100.485580884,18.34212181200013],[100.484953186000155,18.342078474000061],[100.484689165000077,18.342047495000088],[100.484370468000066,18.342010102000131],[100.483347392000155,18.341781117999972],[100.483032643000115,18.341801797000187],[100.482814172000076,18.341921971000033],[100.482778492000136,18.342213877000177],[100.482754525000189,18.342760865000116],[100.482768010000143,18.343101011000044],[100.482780675000072,18.343420452000089],[100.482791007,18.343681029000095],[100.48287388100016,18.343951505000064],[100.482997156000124,18.344353818000059],[100.483223168000166,18.345117582000171],[100.483448022000118,18.345744652],[100.483520188000057,18.346372915000018],[100.483522911000193,18.346691860000078],[100.48338295800005,18.347066600000176],[100.48312018900009,18.347588108000139],[100.483078270000078,18.347657442000184],[100.48301675200014,18.347759198000062],[100.482649651000031,18.348366406000025],[100.482413258000122,18.348623419000091],[100.482167928000081,18.348870882000028],[100.481930687000101,18.349110180000139],[100.481537154000137,18.349355022000111],[100.481456023000078,18.349405500000046],[100.481670149000195,18.349538661000167],[100.482113641000126,18.349871833000179],[100.482638651000059,18.350168308000093],[100.482992200000069,18.350360109000064],[100.482999138000082,18.350363874000095],[100.48300473200004,18.350365340000053],[100.483449610000093,18.350481664000085],[100.483867633000102,18.350497805000089],[100.484539207000068,18.350466605000179],[100.484986553000169,18.350355809000064],[100.485181594000039,18.350274104000164],[100.485628589000157,18.350190418000182],[100.485993103000112,18.350214683000104],[100.486553435000133,18.350316483000029],[100.486918403000118,18.350393838000116],[100.487226380000095,18.350445649000051],[100.487563416000114,18.350576297000032],[100.487872884000126,18.350734267000121],[100.48809839300003,18.350892892],[100.488175388000116,18.350975873000039],[100.488422275,18.351144487000113],[100.488676035000083,18.351355985000055],[100.488929557000063,18.351541498000017],[100.489295081000137,18.35175210400007],[100.489576757000179,18.35191028800017],[100.489913584000021,18.352014964000148],[100.490418335000129,18.352117188000079],[100.490809833000014,18.352114125000071],[100.491145044000177,18.352031299000146],[100.491368036000154,18.351896275000172],[100.491562387000158,18.351734368],[100.491729415000123,18.351625769000179],[100.492203883000116,18.351435680000179],[100.492371144000174,18.35135418599998],[100.492566638000199,18.351325547000044],[100.492931154000132,18.351349799000047],[100.493238887000132,18.351373356000181],[100.493435911000063,18.351452014000074],[100.493604782000091,18.351557982000145],[100.493857404000039,18.351636203000169],[100.494362175000163,18.351739536000082],[100.494615001000113,18.351843724000162],[100.494686343000126,18.351910950000047],[100.494812367000122,18.352029669],[100.494925740000156,18.352216273000181],[100.495095526000171,18.352428421000127],[100.495293475000096,18.352614361000064],[100.495463670000049,18.35268486200016],[100.495799162000139,18.352823854000064],[100.496219970000141,18.35292785900009],[100.496527942,18.352978516000121],[100.496724511000195,18.353004080000062],[100.496802309000088,18.353040750000105],[100.497326052000176,18.353012907],[100.497661261000076,18.352930088000164],[100.497801866000088,18.352982059000112],[100.497830360000137,18.353062036999972],[100.497804398000142,18.353275703000065],[100.497749393000106,18.353410552000128],[100.497704406000196,18.353476416000092],[100.497615816000177,18.354106222000155],[100.497540627000035,18.354440018000048],[100.497564468000178,18.354667985000162],[100.497566084000141,18.354855465000071],[100.497624112000153,18.355068471000095],[100.497625729000163,18.355255951000174],[100.497711079000112,18.355415666000113],[100.497753410000144,18.355454873999975],[100.497838302000105,18.3555614980001],[100.49809277300011,18.355853161000027],[100.49823603800013,18.356280114000072],[100.498212385000045,18.356761457],[100.498194048000016,18.357134619000135],[100.498188732000131,18.357242800000165],[100.498218025000142,18.357415371000116],[100.498267519000137,18.357461299000022],[100.498426199000164,18.357550409000112],[100.498758419000126,18.357668640000043],[100.49920142600007,18.357735834999971],[100.499232768000184,18.357740591000038],[100.499422012000196,18.357739101000107],[100.499501259999988,18.357743932000062],[100.499864640000055,18.357766103000188],[100.499999763000119,18.357798923000075],[100.500165119000144,18.357838282000046],[100.500719028000049,18.358014635000131],[100.500985504000084,18.358052076000149],[100.501059684000154,18.358081978000143],[100.501347527000121,18.358266082000057],[100.501395440000067,18.358266825000044],[100.501587283000049,18.35842795700006],[100.501683477000199,18.358473516000174],[100.502019040000164,18.358772430000045],[100.502138719000186,18.358865242000093],[100.50247368700019,18.359233067000048],[100.502497355,18.359301770000172],[100.502640892000102,18.359485871],[100.50311940000006,18.360037796000142],[100.503334515000176,18.360359128000084],[100.503377089000139,18.360403989000133],[100.503765476000069,18.360813172000121],[100.503950771000177,18.360972094000147],[100.504597623000052,18.361427809000133],[100.50485183700016,18.361639694000132],[100.505127843000082,18.361869752000189],[100.505467613000121,18.362244311000154],[100.505675011000051,18.362563441000077],[100.505735389000051,18.362773046000143],[100.505745766000132,18.362861081000062],[100.505766670000071,18.363038233000111],[100.505769089000182,18.363317185000142],[100.505712969000172,18.363596617000155],[100.505642402000092,18.363849039000058],[100.505650305000131,18.364079389000096],[100.50569705800018,18.364354610000078],[100.505775184000072,18.364566333000084],[100.50585555300006,18.364831133000166],[100.505990497000198,18.365249091000067],[100.5060973840001,18.365709070000037],[100.506173164000131,18.366057486000102],[100.506181644000151,18.366122947000122],[100.506220086000098,18.366419667000116],[100.506222634000153,18.36671330900009],[100.506196664000129,18.367062530000112],[100.506182974000069,18.367188001000102],[100.506126111000071,18.367383859000142],[100.506040049000035,18.367552822],[100.505987465000146,18.367625073000056],[100.505866455000046,18.367791384000043],[100.505765954000196,18.36800114000016],[100.505723394000029,18.368141531000163],[100.505695872000103,18.368308911000156],[100.505682538000201,18.368476178000037],[100.505712976000098,18.368644220000078],[100.505822916000113,18.369522079000149],[100.505914075000078,18.369870374000072],[100.50597504100017,18.37015000100007],[100.506093744000111,18.370399804000044],[100.506271696000113,18.370663813000135],[100.506434016000071,18.370829690000051],[100.506552934000126,18.371038831000078],[100.506627386000048,18.371233649000033],[100.506659023000111,18.371470587999966],[100.506675159,18.371694095000066],[100.506750066000109,18.371874218000187],[100.506853718000116,18.37202700500012],[100.507030945000167,18.372207438000032],[100.507281535000118,18.372457334999979],[100.507531754000127,18.372664296000153],[100.507634790999987,18.372747060999984],[100.507793243000151,18.372872705000077],[100.507826578000163,18.37289915000008],[100.507958957000199,18.373023481000132],[100.508048433000113,18.373176380000075],[100.508166883000172,18.373399077000101],[100.508175238000035,18.373475815000063],[100.508361687000104,18.373900138000124],[100.508494000000155,18.374199493000106],[100.508540278000055,18.374304212000141],[100.508658847,18.374470434000045],[100.508806642000081,18.374664651000046],[100.509058184000082,18.374956318999978],[100.509279316000118,18.375149973000021],[100.509485520000112,18.375329053000087],[100.509794428000077,18.375550237000141],[100.509833912000147,18.375569478000045],[100.510131825000201,18.375714722000112],[100.51036773800007,18.375908239000069],[100.510500859,18.376117264000072],[100.510561485000039,18.376353971000185],[100.510607911000136,18.376590791000069],[100.510609613000099,18.376786185000071],[100.510596662000012,18.37699636900004],[100.510525624000195,18.377261228],[100.510440645000187,18.377555565000137],[100.510297588000128,18.377905697000131],[100.510240032000183,18.378034445000139],[100.51015370000016,18.378227608000032],[100.510099258000082,18.378633529000126],[100.510072487000116,18.378954510000142],[100.510044574000176,18.379076714000121],[100.510030841,18.37919880600009],[100.510080323000011,18.379854626],[100.510161079000113,18.38070560400007],[100.51019347100015,18.381097282000155],[100.51025458200013,18.381389320000153],[100.510315084000183,18.381612475000054],[100.510374715000069,18.381737381000107],[100.510522271000184,18.381903371000135],[100.510699513000077,18.382083799000156],[100.510803571000167,18.38218670200007],[100.510979359000146,18.38236056500017],[100.511172608000095,18.382680919],[100.511336283000048,18.383000388000085],[100.511441650000108,18.383348566000109],[100.511548610000091,18.383878566000078],[100.511594683999988,18.384143615000085],[100.511615656000117,18.384288959000173],[100.5116570200002,18.384575715000096],[100.511689518000196,18.38497980700015],[100.51172044000009,18.385133168000152],[100.51176542200011,18.385272865000047],[100.512149763000195,18.385730633000094],[100.512313079000194,18.386008304000086],[100.512581035000153,18.386550576000161],[100.512717221000059,18.387107450000087],[100.512808546000088,18.387540439000077],[100.512929050000082,18.38779248100019],[100.513134818000083,18.388054019000151],[100.513445697000122,18.388498815000162],[100.513858894000123,18.38887163000004],[100.513986231000104,18.388989054000149],[100.514625177000198,18.389578231000144],[100.515214673000116,18.39008969200006],[100.515510150000125,18.390394552000089],[100.515996009000105,18.390823274000013],[100.516137938000043,18.390998376000141],[100.516839172000175,18.391863556000146],[100.517149099000108,18.392196544000114],[100.517473071000097,18.392444700000055],[100.51776637100005,18.392568859000107],[100.518015039000034,18.392593981000061],[100.518249640000136,18.39263389000007],[100.518717773000049,18.392658397000048],[100.518819977000192,18.392644027000131],[100.518937105000077,18.392643092000128],[100.519287615000167,18.392612046000067],[100.519871739000166,18.392540696000026],[100.519900988000188,18.392537118000064],[100.520295874000169,18.392506854000032],[100.520515944000067,18.392489337000143],[100.520690142000092,18.39247547400015],[100.521084897000151,18.39243051800014],[100.521654241000192,18.392327709000085],[100.522062707000089,18.392227306],[100.522482049000132,18.392096147000075],[100.522981811000079,18.391939841000124],[100.523943980000013,18.391639594000083],[100.52417176300014,18.391577916000131],[100.524410298000078,18.391460799000129],[100.524891121000167,18.391247984000188],[100.525619514000084,18.390934929000139],[100.526144713000122,18.390790661999972],[100.526699493000194,18.390647295000122],[100.526976166999987,18.390561493000121],[100.527210398000136,18.390559613000164],[100.527502603000016,18.39055726600003],[100.52781066600005,18.390610126000126],[100.527943503000131,18.390654819000019],[100.528338689000122,18.390787735],[100.528690055000084,18.390854938000132],[100.529115398000158,18.39099043300007],[100.529746239000076,18.391222546],[100.530274277000046,18.391400150000152],[100.53055301500018,18.391481487000021],[100.530743146000191,18.391508184000031],[100.531021257000191,18.391519498000093],[100.531137781000098,18.391518560000179],[100.531635368000138,18.391529245000072],[100.531958127999985,18.391638453000041],[100.532208282999989,18.391831843000091],[100.53254606600018,18.391968035000161],[100.53285342800018,18.392007357000011],[100.533247570000128,18.391962381000042],[100.53349586700017,18.391876799000045],[100.533713817000034,18.391707881000116],[100.533886678000044,18.391454627000144],[100.534011551000162,18.391260775999967],[100.534103163000111,18.391118562000145],[100.534348371000135,18.390752898000073],[100.534551306000139,18.390555856000105],[100.534842838000145,18.39041345000004],[100.53514933800011,18.390355642000031],[100.53539788400002,18.390367189000017],[100.535602918000109,18.390407315000175],[100.535896810000111,18.390531441000121],[100.536043907000135,18.390642078000155],[100.536234629000091,18.390737671000124],[100.536278024000012,18.390759909],[100.536342404000038,18.39079259500005],[100.536396263000142,18.390819945000032],[100.53650477900004,18.390984174000039],[100.536559995000175,18.391140509000081],[100.536591187999989,18.391320969999981],[100.536594532000095,18.391698181000038],[100.536555200000066,18.392201115999967],[100.536561654000081,18.392242087000113],[100.536604584000031,18.392514804000029],[100.536616648000177,18.392591411000012],[100.536679913000171,18.39312174500003],[100.536770399000034,18.393453074000035],[100.536775632000172,18.393509504000065],[100.536845929000037,18.393899728],[100.53691755,18.39410583],[100.536946310000076,18.394212905000074],[100.536953088000132,18.394243337000091],[100.537031513000102,18.394815346000087],[100.537156175000121,18.395665948000158],[100.537262731000055,18.39613945800005],[100.537382196000067,18.39640390500017],[100.537529913000128,18.396584561000054],[100.537722133000045,18.396847299000115],[100.537943699000095,18.397083813000108],[100.538237872000195,18.397303945000033],[100.538663738000082,18.397495886],[100.538988008999979,18.397773366000081],[100.539165417000106,18.397967334000157],[100.539239917000032,18.398162118000073],[100.53933101500013,18.39849569900008],[100.539495009,18.398843381000063],[100.539717701000143,18.399205262000066],[100.539837074000161,18.39952506000003],[100.539929425000082,18.399998683000092],[100.539946854,18.400362226000027],[100.539919465000139,18.400607530000116],[100.540011126000195,18.401003235000076],[100.540143487000194,18.401519452000059],[100.540194191000126,18.401833029000159],[100.540373833000103,18.402277698999967],[100.540393103999975,18.402315944000065],[100.540403649000041,18.402368952000188],[100.540508457000044,18.402647069000182],[100.540701401000035,18.402924489000043],[100.540953321000075,18.403313237000077],[100.541029072000015,18.403648062000116],[100.541016614000057,18.403843567000081],[100.541020462,18.404276107000157],[100.541081759000065,18.404582822],[100.541186576000086,18.404860956000107],[100.541319524000073,18.405041710000148],[100.541540707000195,18.405235321000077],[100.541761171000132,18.405345339000121],[100.542200861000083,18.405495377000136],[100.542611439000154,18.405562071000134],[100.54299226500018,18.405613193000079],[100.543314425,18.405716746000053],[100.543630624000173,18.405803680000133],[100.543857054000057,18.405865944000141],[100.544341745000111,18.406085637000103],[100.544899195000085,18.406303617000049],[100.545354148000115,18.40643997],[100.545676847000095,18.406604505000075],[100.546000764000155,18.406839053999988],[100.546222970000088,18.407144457000129],[100.546403902000122,18.40773029900015],[100.546450714000116,18.408073306000176],[100.546466571000053,18.408189466000181],[100.546674979999977,18.408606804999977],[100.546911394000176,18.408912091000047],[100.547251470000106,18.409300112000096],[100.547563054000136,18.409782930000063],[100.547637216000055,18.40989783800012],[100.547846142000083,18.41037050500006],[100.547922736000032,18.410732425],[100.547939438000185,18.411012391999975],[100.547929855000177,18.41152863800005],[100.547902639000029,18.41203566500019],[100.547879644000034,18.412464231000115],[100.54786098500017,18.412824668000042],[100.547768433000158,18.413128115000177],[100.547742984000081,18.413589137000145],[100.547745730000145,18.41389632500011],[100.547777420000102,18.41413325100001],[100.547881778000033,18.414356032000057],[100.548000395000145,18.414522224000166],[100.548236197000108,18.414758625000047],[100.548485899000184,18.414895503000025],[100.548765815000081,18.415103298000076],[100.549294932000066,18.415391520000128],[100.549677443000178,18.415625584000111],[100.549818891000143,18.415751863000025],[100.549972048000143,18.415888591000112],[100.550194021000095,18.416165763000151],[100.550416507000023,18.416499384000133],[100.550506316999986,18.416750526000101],[100.550577570000144,18.417043601000103],[100.550553501000195,18.417066387000034],[100.550552774000039,18.41724936300011],[100.55052813900005,18.417272153000056],[100.550528172000156,18.41734104000011],[100.550503520000063,18.417363830000056],[100.550527047000116,18.417546609000169],[100.550510272000054,18.417655173000128],[100.550505442000201,18.417709426000044],[100.550501184000041,18.417762553000102],[100.550446110999985,18.418153792000055],[100.550419022000142,18.41843297700018],[100.550391299000069,18.418573255000013],[100.550291828000127,18.418894830000113],[100.550292951000131,18.419020199000045],[100.550323253000158,18.419166780000012],[100.550399030000108,18.419308399000101],[100.550457433000076,18.419417541000087],[100.55068054100002,18.419820062000099],[100.550918706000118,18.420320730000128],[100.551021388000095,18.420823430000155],[100.551041235000014,18.420920595000098],[100.551047649000054,18.420958310000117],[100.551133671000059,18.421464234000041],[100.551196500000174,18.421938088],[100.551229947000195,18.422370384000089],[100.55123370300015,18.422789387000023],[100.551178378000088,18.423152382000126],[100.551079047000144,18.423488648000045],[100.55095036300014,18.423852243],[100.550807513000052,18.424217091000173],[100.550707276000196,18.424455094000052],[100.550577491000013,18.424693337000178],[100.550521447,18.424784222000142],[100.550448021000136,18.424903351000125],[100.550362031000134,18.42507910900008],[100.550146667000092,18.425541681000027],[100.549974722000172,18.425962119000133],[100.549918645000048,18.426241541000024],[100.549877749000075,18.426562638000178],[100.549909114000059,18.42682781100018],[100.550088317000075,18.427217135999967],[100.550251743000103,18.427494766000052],[100.550651945000141,18.428050583000129],[100.550844709000103,18.428320977000112],[100.550859275000107,18.428341407],[100.551126553000188,18.42878648400017],[100.551266591000058,18.429030438000098],[100.551310304000197,18.429285336000021],[100.551293541000121,18.429461667000169],[100.551208147000182,18.429769574000147],[100.551078690000054,18.429980708000016],[100.550774776000083,18.43033218100004],[100.55042584500012,18.430614014000014],[100.550062235000041,18.430840613000044],[100.550001356000053,18.430858565000108],[100.5497707130001,18.430926573000022],[100.549171563000073,18.431015042000183],[100.548763787000098,18.431200202000014],[100.548517310000193,18.431425843000113],[100.548329547000037,18.431734584000026],[100.548215737000191,18.432041602000027],[100.548173496000175,18.432280251000122],[100.548161795000169,18.432559329000128],[100.548097432000077,18.433565061000024],[100.54802919600013,18.434138238000116],[100.548003949000076,18.434556340000086],[100.547963536000054,18.434933904000047],[100.547894925000151,18.435465304000161],[100.547769472000141,18.436122545000103],[100.547744575000138,18.436250366000081],[100.547626765000132,18.436507720000066],[100.547470579,18.437038695000012],[100.547372108000104,18.437473206],[100.547317405000115,18.437906239000029],[100.547311141000137,18.438401166000062],[100.547308742000041,18.438590754000131],[100.547431997,18.439273055000172],[100.547480915000165,18.439845295000055],[100.547513656000092,18.44026404300007],[100.547517650000088,18.440710151000076],[100.547595769000054,18.441240354000115],[100.54763014100007,18.441840938999974],[100.547707625999976,18.442301121000071],[100.547779041000126,18.442543360000116],[100.54779918700018,18.442746496000041],[100.547846618000108,18.443151589000081],[100.548070245000076,18.443609440000046],[100.548343635000151,18.443910606000088],[100.548498725000172,18.44408144800019],[100.548705437000024,18.444303391000176],[100.548898091000183,18.444539002000056],[100.549075351000113,18.444774737999978],[100.54915021700009,18.444941284000095],[100.54925520900008,18.445234083000059],[100.54944800300018,18.445553270000119],[100.549567414000023,18.445803032000185],[100.549628376000101,18.446067944000049],[100.549615321000033,18.446263454000075],[100.549530639000125,18.446586028000127],[100.549424852000129,18.446801593000089],[100.549372579000192,18.446908082000107],[100.549283541000079,18.447125489000086],[100.549257944000033,18.447188],[100.549247005000097,18.447551770000075],[100.549292654000055,18.447760336000101],[100.549411815000042,18.447982993000153],[100.549574042000074,18.448190624],[100.549832539000022,18.448444721000158],[100.549898805,18.448509853000076],[100.550150147000011,18.448758535000024],[100.550460371000099,18.449105007000071],[100.550579270000071,18.449299419],[100.550595224000176,18.449494692000087],[100.550611641000046,18.449676389000103],[100.550599107000039,18.449927227999979],[100.550581801000021,18.450043711000149],[100.550511846,18.450226115000135],[100.549977459000104,18.451208582000163],[100.54991423600012,18.451352547000056],[100.549892536000129,18.451390580000123],[100.549751713000092,18.451637356000106],[100.549579226000105,18.452002447000041],[100.549524544000064,18.452435480000076],[100.549527929000078,18.452812686000186],[100.549565389000122,18.453691088000028],[100.549543584000048,18.45455754000011],[100.549592368000162,18.455115086999967],[100.549624972000174,18.4554502740001],[100.549657720000027,18.455869021000183],[100.549660380000091,18.455901762000167],[100.549658531000034,18.45595937000013],[100.549632675,18.456308589000173],[100.549607845000082,18.456839630000104],[100.549496914000088,18.457468507000044],[100.549413386000083,18.457985337000139],[100.549371975000099,18.458251103000123],[100.549257456000134,18.458545695000169],[100.54901206500017,18.458896689000085],[100.548781252000197,18.459289362000106],[100.548346647000187,18.459725498000182],[100.547766695000178,18.460316407000107],[100.547055613000111,18.460936629000116],[100.546749544000136,18.461120976000132],[100.54632790200003,18.461416933000066],[100.545979638000176,18.461713430000145],[100.54577726600013,18.461980509000114],[100.545648035,18.462218746000019],[100.545618986000193,18.462279973000022],[100.545620938000184,18.462497931000144],[100.545652657000062,18.462734855],[100.545772979000049,18.463152907000165],[100.545848852,18.463431252000191],[100.546012061000113,18.463681796000117],[100.546086101000014,18.463821243000041],[100.546248804000072,18.464015301000074],[100.546312687000125,18.464119555000025],[100.546427169000196,18.464306381000029],[100.546533034000163,18.464696304000029],[100.546579089000147,18.464947786000039],[100.546611045000134,18.465212953000048],[100.546554604000164,18.465450597000029],[100.546353232,18.465829474000031],[100.546180228000082,18.466136956000071],[100.54599216600019,18.466348567000068],[100.545760211000072,18.466615888000035],[100.545676243000059,18.466690067000059],[100.545557630000076,18.466794854000113],[100.545517333000021,18.466853913000136],[100.545395693000103,18.467081932999974],[100.545105179000075,18.467287602000056],[100.544790832000047,18.467606409000041],[100.544330772000194,18.468108235000159],[100.544281742000067,18.468184316000134],[100.544007455000155,18.468549094000139],[100.54376008100013,18.468746512000109],[100.543542255000034,18.468874785000025],[100.543353216000128,18.469043482000188],[100.54325219600014,18.46919791],[100.543181548000121,18.469435668000131],[100.543182921000152,18.469589262000056],[100.543184669000141,18.469784632000028],[100.543289532000188,18.470062760000133],[100.543452743000103,18.470313288000114],[100.543570912,18.470621793000134],[100.543709843000045,18.471267842000032],[100.543805912000096,18.472215793000032],[100.543781673000126,18.472746829000073],[100.543625959000053,18.473334270000123],[100.543512021000197,18.473697759000061],[100.543458177000048,18.474229037000157],[100.543347008000126,18.474899694000158],[100.543334684,18.475109871000029],[100.54336592300001,18.475360353000156],[100.543532890000051,18.476029883000137],[100.543595350000089,18.476461960000108],[100.543596383000079,18.476577422000048],[100.543598847000112,18.476852719000192],[100.543573354000046,18.47724371400011],[100.543473619000054,18.477607069000044],[100.543358788000035,18.477803408000057],[100.543296442000042,18.477938815000186],[100.543229323000105,18.478084565000131],[100.543114340999978,18.47832946200009],[100.543044172000123,18.478623689000187],[100.543016938,18.478888201000188],[100.543048749000093,18.479177734000075],[100.543049164000195,18.479181593000135],[100.543109880000088,18.479418282000097],[100.543244878000053,18.479822643000091],[100.543262789000039,18.480171505000158],[100.543221624000068,18.480464357000074],[100.543135948000099,18.480744037000079],[100.543051111000068,18.481051937000188],[100.542936302000101,18.481318282000075],[100.54287664400016,18.48139670900008],[100.542792181000152,18.481549863000168],[100.542769713000098,18.481587539000088],[100.542733912000074,18.481702620000078],[100.542673235999985,18.481897687000185],[100.542681469000058,18.482209275000173],[100.542724499000087,18.482391004000021],[100.542811592000078,18.482758810000064],[100.542992982000158,18.483562449000033],[100.542975397000021,18.484030077],[100.542854842000111,18.484550487000092],[100.542682605000152,18.485377781000182],[100.542399201000137,18.487166921000039],[100.542198755000072,18.487885368000093],[100.542022823000082,18.488591276000022],[100.54186485200006,18.489225139000155],[100.541808636000042,18.489369106000083],[100.541664724000043,18.489622153000141],[100.541490925000119,18.489846060000104],[100.541302582000128,18.490029443000083],[100.540953124000168,18.490199445000144],[100.540646624000033,18.490341991000037],[100.540194272000065,18.490457478000053],[100.53966880300004,18.490601803],[100.539114433000179,18.490758796000136],[100.538803183000141,18.490806423000095],[100.538218060000133,18.490946811000128],[100.537358618000098,18.49119959],[100.537066309000181,18.491295202000117],[100.536850500000128,18.49133445700005],[100.536650780000173,18.49131876600012],[100.535313595000105,18.49099581400003],[100.534600093000051,18.490679513000089],[100.534170476000099,18.490318528000103],[100.533854294000037,18.489727776000109],[100.533746664000034,18.48935059300004],[100.533674039000118,18.489096067000162],[100.533654389000105,18.488897725000072],[100.533652028000176,18.488632333000169],[100.533643542,18.488450924000119],[100.533633762000079,18.488241692000088],[100.533601520000104,18.487879392000082],[100.533375509000109,18.487154997000118],[100.533255095000129,18.486793411000065],[100.533121480000148,18.486542635000092],[100.532883765000122,18.486167324],[100.532617668000057,18.485863389000031],[100.532499625000128,18.485766092000063],[100.532338125000081,18.48564202100016],[100.532043803000079,18.485490798000171],[100.531945830000041,18.485454328000174],[100.531809059000182,18.485380891000034],[100.531697840000163,18.485320676000129],[100.530222294000112,18.484875007000142],[100.529509432000111,18.484626490000096],[100.529222415000049,18.484512572000085],[100.52893544,18.484360152000079],[100.528625401000056,18.484108116000186],[100.528190954000081,18.483700540000029],[100.528092166000079,18.48362972000001],[100.527558911000085,18.483416728000179],[100.527386880000165,18.483399417000044],[100.527167180000106,18.483386497000083],[100.526962554000193,18.483402839000178],[100.526655894000044,18.483460646000083],[100.526305690000015,18.483547048000105],[100.52592515300006,18.483550115000128],[100.525720275000197,18.483538213000031],[100.525045892000094,18.483376486000054],[100.524908070000038,18.483297616000073],[100.524781184,18.483225012000105],[100.524544970000193,18.483016836000104],[100.5244260730002,18.482822408],[100.524395081000137,18.482599026],[100.52439249400004,18.482306509000068],[100.524374991000059,18.481999440000152],[100.524327871000082,18.481622582000057],[100.524251736999986,18.481245958000159],[100.524145060000137,18.480828919000032],[100.524024410000095,18.480369074000066],[100.524022394000099,18.480365765000045],[100.523846059,18.480076852000025],[100.523786843000096,18.480007302000161],[100.523522267000033,18.479870517000109],[100.523404833000086,18.479843216000063],[100.523321316000192,18.479834852000124],[100.523067830000173,18.479747673000077],[100.52265707000015,18.479612044000135],[100.522348099000055,18.479474476000121],[100.522112879000133,18.479309207000028],[100.521847789000049,18.47911595100004],[100.521508842000173,18.478866797000023],[100.521052505000171,18.478521506000163],[100.520576611000195,18.477993913000091],[100.520423482000069,18.477837565000129],[100.520208491000119,18.477565881000032],[100.519928722000145,18.477049798000053],[100.519650235000142,18.476696043000175],[100.519355107000024,18.476469555000108],[100.518847257000118,18.476295637000078],[100.518134817000146,18.476089446000174],[100.517562929000064,18.475704128000075],[100.516918606000161,18.475515100000109],[100.516885492000085,18.475512136000191],[100.516212149000069,18.475531080000167],[100.515612919000034,18.475564103000124],[100.515145300000142,18.475623196000129],[100.514604789000089,18.475739326000166],[100.514181714000188,18.475882761000037],[100.513774278000028,18.476123203000043],[100.51363391700005,18.476196197000036],[100.513471128,18.476324050000073],[100.513047679000067,18.476656634000051],[100.512857441000108,18.476733648],[100.512757566000118,18.476742741000123],[100.512482514000112,18.476778839000133],[100.512127204000194,18.47678874200011],[100.511953751000135,18.476742092000165],[100.511476449000099,18.476515634000066],[100.511059465000017,18.476336020000133],[100.510992692000116,18.476299211000025],[100.510653777000073,18.476017559000184],[100.510568132000174,18.47589693700013],[100.510228579000056,18.475578878000022],[100.509801586000151,18.47527506900002],[100.509566112000186,18.475081540000076],[100.509286025000051,18.474860139000157],[100.508492087000093,18.474420336000094],[100.508296355000198,18.474303292000172],[100.508109980000143,18.474241526000071],[100.507596014000114,18.47400843000014],[100.507213782000065,18.473816084000191],[100.507051722000199,18.473691994000035],[100.506757309000079,18.473456029000147],[100.506359816000099,18.473208450000186],[100.506066365000095,18.47308540400013],[100.505582504000131,18.472977442000058],[100.505040787000155,18.47295350100012],[100.504763719000152,18.473012175],[100.504617804000077,18.47311046699997],[100.504531925000151,18.473306555000022],[100.504490821000104,18.473614095000073],[100.504488492000178,18.473631243000113],[100.504435769000168,18.47401999900012],[100.504409331000147,18.474312748999978],[100.504323834000047,18.474620641000058],[100.504179971000156,18.474887197999976],[100.503991599000187,18.475070545000165],[100.503788042000167,18.475211076000164],[100.503525791000186,18.475338537000141],[100.503116790000036,18.475468282000122],[100.502973953000037,18.475503699000114],[100.502789194000115,18.475516775000131],[100.502291941000067,18.475537670000165],[100.50142881700009,18.475366510000072],[100.500518669000087,18.475182999000026],[100.500381739000147,18.475128371000153],[100.500326854000093,18.475106481000125],[100.499459942000158,18.474760659000083],[100.499007265000103,18.474668423000082],[100.498527344000081,18.474540082000033],[100.498363609000137,18.474495060000038],[100.497723304000147,18.474500123000041],[100.497388513000089,18.474589746999982],[100.49690214300017,18.474739283000133],[100.496505908000131,18.47477177900015],[100.496262092000052,18.474773705000132],[100.496201131000078,18.474774187000151],[100.495805228999984,18.474777313000061],[100.495379614000058,18.474661348000154],[100.495134910000047,18.474514623000175],[100.494673067000122,18.474120588000176],[100.494577537000055,18.474039087999984],[100.494364074000032,18.474006869000107],[100.494221959000072,18.474007990000075],[100.49392928900005,18.474061152000047],[100.493593381000153,18.474250276000078],[100.492803115000129,18.474729107000144],[100.492786593000176,18.47474239200011],[100.492423127000109,18.475007292000157],[100.492241270000079,18.475125068000125],[100.492139806000012,18.47519330900019],[100.491107211000156,18.476217448000114],[100.49109664700012,18.476227924000113],[100.490629034000108,18.476596079000103],[100.490089219000083,18.476885598000138],[100.489909210000064,18.476947172999985],[100.489392636000105,18.477096946000074],[100.488905414000101,18.477217102000054],[100.488571468000032,18.477336071000025],[100.488237421000179,18.477513754000086],[100.487601104000191,18.477984092999975],[100.487480198000128,18.478101387000095],[100.486997821000102,18.478716207],[100.486543867000194,18.479126379000036],[100.486210647000178,18.479332298000088],[100.485876340000118,18.479480632000104],[100.485239525000111,18.479893356000161],[100.484996960000046,18.480040968000083],[100.484359964000078,18.480365592000112],[100.483906735000176,18.480863851000038],[100.483575693000091,18.481389397000044],[100.483333370000025,18.481566354],[100.483090796000056,18.48171396500004],[100.482452684000179,18.481979859000035],[100.48224062900016,18.482097863000035],[100.481907818000025,18.482421237000153],[100.481489120000049,18.483355196000048],[100.481271526000171,18.483859556000027],[100.480659758000172,18.484565547000102],[100.480642574000171,18.484633486000121],[100.480599179000023,18.484752491000108],[100.480629436000129,18.485659702000135],[100.480629830000169,18.485671358000047],[100.480618315000186,18.485728193],[100.480599744000187,18.485766997000042],[100.480490251000106,18.48599579200004],[100.480370575000109,18.486258765000059],[100.480068526000082,18.48658077500005],[100.479826428000138,18.486785972000064],[100.479554673000109,18.487050133000139],[100.479220598000097,18.487227802],[100.478856577000101,18.487433950000025],[100.478553541000053,18.487639621000085],[100.478280430000098,18.487816830999975],[100.478068251000082,18.487992426000062],[100.477825915000096,18.488169376000144],[100.477553651000107,18.488374806000081],[100.477341982000098,18.488609129000167],[100.477223056000014,18.488959072000114],[100.477196366000157,18.48936701000008],[100.477229793000163,18.489745131],[100.477231549000123,18.489761997000187],[100.477296240000044,18.490383893000114],[100.477395193000177,18.491226826000116],[100.477459656000065,18.491634070000089],[100.477647771000079,18.492243636000069],[100.477694086000099,18.4925358160001],[100.477696229000173,18.492577581000091],[100.477671769000096,18.493246418000069],[100.477522312000076,18.493625966000025],[100.47750587600018,18.493644166000138],[100.477310647000081,18.493860289000168],[100.477129506000097,18.494065007000074],[100.476979156000084,18.494270605],[100.476761238,18.49474330400011],[100.476711655000088,18.494785191000119],[100.476641338000036,18.49479917900004],[100.476385736000054,18.494804191000128],[100.475771626000039,18.494673356000192],[100.475708603000044,18.494656764000069],[100.474489459000097,18.494335826000167],[100.474123212000052,18.494101347000026],[100.47383611500004,18.49377301100003],[100.473511396000049,18.493199172000061],[100.473177858000156,18.49263386500013],[100.472846428000082,18.492314350000072],[100.472620537000182,18.492246275000014],[100.47257568200007,18.492225569000084],[100.472309556000084,18.492113554000127],[100.4714894600001,18.491866929000082],[100.471320379000076,18.491823064000073],[100.470380448000185,18.491751305000093],[100.469976207000059,18.49182335100005],[100.469640858999981,18.4918541830001],[100.468848123000157,18.491832108000153],[100.468836771999975,18.491831588000082],[100.468283858000063,18.491705608000132],[100.468132482000158,18.491664401000037],[100.467534925,18.491389320999986],[100.467428037000047,18.491320415000132],[100.467162077000069,18.491148979000172],[100.467072648000055,18.491115647000072],[100.466964971000095,18.491124395000099],[100.466644516000144,18.491150411000149],[100.466370509000114,18.491313583000135],[100.466236815000059,18.491454047000047],[100.465947871000139,18.491757616000029],[100.465788762000045,18.491852083000083],[100.465504937000105,18.491905142000121],[100.465326982000192,18.491872610000087],[100.465077100000144,18.491738926000039],[100.464736585000139,18.49139404500005],[100.464440633000152,18.491065761000073],[100.463941659000056,18.490891621],[100.463657041000147,18.490851439999972],[100.463444852000066,18.490849649000097],[100.463132865000091,18.490847013000064],[100.462520647000076,18.490936506000082],[100.462121480000178,18.4910073960001],[100.461792439000078,18.49096756199998],[100.460510033000162,18.490596033000088],[100.460180849000096,18.490539240000089],[100.460132351000198,18.490562247000128],[100.459835775000158,18.490702949000024],[100.459353444000158,18.491444093999974],[100.458682624000062,18.492081287000076],[100.458499474000178,18.492187720000061],[100.458258094000087,18.4924809850001],[100.457864603000132,18.492774283000188],[100.457683430000145,18.492980123000166],[100.457412006000084,18.493360579000012],[100.457231584000056,18.493652253],[100.457050179000078,18.493828709000013],[100.45674757400019,18.494091957000137],[100.456504717000087,18.494211292000159],[100.456321982000134,18.494299659000092],[100.456019377000075,18.494564026000035],[100.455534864000185,18.494944998000108],[100.455143585000087,18.495501452000155],[100.45496206200005,18.495735520000153],[100.454927192000184,18.495769215],[100.454780643000049,18.495910854000101],[100.454568799000128,18.496058194000057],[100.4544163340002,18.496088732000089],[100.454050317,18.496062177999988],[100.4538054840001,18.495947714000124],[100.453590357000166,18.495775427000183],[100.453375807000157,18.495602014000099],[100.453161390000105,18.495516682000186],[100.453058626000143,18.495517471000142],[100.452826400000106,18.495519253000111],[100.452552504000153,18.495608335000043],[100.452127733000111,18.495844267],[100.451489526000159,18.496111202000179],[100.451159533000123,18.4961923460001],[100.451124487000072,18.496200962000103],[100.450575812000068,18.496205169],[100.450383659000067,18.496140224000044],[100.450239238000108,18.496091421000017],[100.449750555000037,18.495978819000129],[100.449261387000092,18.495808625000052],[100.448559039000088,18.495697675000144],[100.448353468,18.495676658999969],[100.448143953000169,18.495678262000013],[100.447855507000099,18.495726768000168],[100.447519089000195,18.495843428],[100.447350985000128,18.495913603000076],[100.447206947000097,18.495959884000058],[100.447134918000074,18.4959830250001],[100.446966631000123,18.496030629000131],[100.446798728000147,18.496054502000106],[100.446760848000054,18.496054792000109],[100.446549111000195,18.496003316000099],[100.446151194000038,18.495773683000039],[100.446135708000043,18.495767654000133],[100.445783593000101,18.495630798000036],[100.445598759000063,18.495399536000093],[100.445535353000196,18.495109734000096],[100.44556295600006,18.494731156],[100.445651167000165,18.494381463000138],[100.445771149000166,18.494147873000145],[100.445765776000144,18.493507507000118],[100.445701155000052,18.493072020000056],[100.445575335000115,18.492607633999967],[100.445449500000109,18.492143248000104],[100.445423559000176,18.491993543000092],[100.445353719000082,18.491590533000135],[100.44519783800007,18.491213336999976],[100.445011299000157,18.490778781000131],[100.444886923000183,18.490488323000079],[100.444763306000141,18.490285960000108],[100.44464032400009,18.490105193000147],[100.444479082999976,18.489924983000151],[100.444469133000041,18.489913862000037],[100.444299783000076,18.489847350000048],[100.444060156000035,18.48987460799998],[100.443874534000145,18.489986219000059],[100.443549401000155,18.490412502000083],[100.4432342180001,18.490965864000032],[100.44268828100013,18.491546407000044],[100.442287310000097,18.492002121999974],[100.441869867000094,18.492476560000171],[100.441270127000053,18.492998175000082],[100.441188899000053,18.493124405],[100.441007032000016,18.493407039000147],[100.440754018000064,18.493959916000165],[100.44044607800015,18.494318261000046],[100.440234667000198,18.494523211000114],[100.440190511000083,18.494566019000104],[100.440051609000136,18.494650322000098],[100.439907663000099,18.494737697000119],[100.439500508000094,18.49491879500016],[100.439206095000145,18.495058010000037],[100.439190785000108,18.495065247000014],[100.438943325000082,18.495219700000121],[100.438720880000062,18.495573638999986],[100.438710192000087,18.495627087000173],[100.438590706000127,18.495918282],[100.438503695000122,18.496087643000067],[100.438172544000167,18.49653937800008],[100.438016040000036,18.496947428000055],[100.437968088000105,18.497202617000141],[100.437964998000041,18.497219052000162],[100.437908615000083,18.497914537000042],[100.437931758000161,18.498558555000045],[100.438161283000056,18.499446819000184],[100.438135480000142,18.499548723000089],[100.438030015000038,18.499685150000118],[100.43779185000011,18.499890383000093],[100.437599306000152,18.500239375000035],[100.437121449000131,18.501531394000096],[100.436981573000139,18.501803700000039],[100.436849092000102,18.501897941000152],[100.436461603999987,18.501937884000142],[100.435917019000158,18.501811914000029],[100.435405131000095,18.501331239000137],[100.434776256000191,18.500699483000119],[100.434730012000102,18.50065303000008],[100.433966906000194,18.500000314999966],[100.433589137000126,18.49977390000015],[100.433161086000098,18.499550107],[100.432703771000035,18.499367212999971],[100.432092677000071,18.499196760000189],[100.431420863000085,18.499056148000079],[100.431084294000073,18.498942347000025],[100.430533194000134,18.49865624500012],[100.430256138000118,18.498366931000191],[100.430071314000088,18.498135653000077],[100.429849988000058,18.497928361000163],[100.42953536300007,18.497747761000142],[100.429419160000123,18.497707361000153],[100.428517864000185,18.497394008000072],[100.427929731000063,18.497279859000116],[100.427319135000175,18.497168119000094],[100.426861237000139,18.49705524400008],[100.426220080000121,18.496971976000168],[100.425915043000032,18.496946029000014],[100.425579194000193,18.496919192000064],[100.425212671000168,18.496833852000066],[100.424540880000109,18.496694336000076],[100.424358774000098,18.496580472000062],[100.424268355000038,18.496474998000053],[100.423633067000196,18.495928823999975],[100.423248686000136,18.495643519000112],[100.423007994000102,18.495543614000098],[100.422776741000064,18.495511449],[100.422748926000168,18.495514157000059],[100.422355821000053,18.495552530000111],[100.422306261000188,18.49555736700006],[100.4218715290001,18.495628440000189],[100.421721410000032,18.495614505],[100.4216801070001,18.495588994000116],[100.421559200000104,18.495461264000028],[100.421056621,18.494846271000029],[100.419724753000139,18.492779569999982],[100.419646172000114,18.492293922000158],[100.419556259000046,18.491738250000026],[100.419500023000182,18.491480539000065],[100.419312218000186,18.491205882000031],[100.419158075000155,18.491033095000034],[100.418881901000191,18.490773123000167],[100.418770452000103,18.490650924000079],[100.418696731000182,18.490570082000147],[100.418326907000107,18.490079255000126],[100.418263072000059,18.489730729000087],[100.418320679000146,18.489322541000035],[100.4183385890002,18.489275833000079],[100.418353700000125,18.489236452000114],[100.418368550000082,18.489013488000126],[100.418508297000187,18.488542051000138],[100.41861399700008,18.488431071000036],[100.418923713000083,18.488284651000129],[100.419064732000152,18.488147974000128],[100.419090128000107,18.487995215000183],[100.41908761600007,18.487690085000168],[100.418888557000059,18.487250802000119],[100.41888478900006,18.486793111],[100.418773098000145,18.486175179000043],[100.418474661000062,18.48559545300003],[100.418459775000088,18.485566541000139],[100.418421005000084,18.485491235000154],[100.417954774000123,18.484969193000097],[100.417675984000141,18.484555945000182],[100.417369848000078,18.484058134000122],[100.417089971000109,18.48323671300011],[100.416882738000083,18.482628496000132],[100.416794597000148,18.482532149000065],[100.416382243000157,18.482122977000131],[100.416334117000076,18.482099609000159],[100.416285976000097,18.482077379000089],[100.416140631000076,18.48196439600008],[100.416068057000075,18.481918620000044],[100.415680755000039,18.481530710000072],[100.415311545000179,18.481184464000023],[100.414942439000015,18.480780604000188],[100.414666289000081,18.480520623000075],[100.414483396000151,18.48052198900001],[100.414239219000137,18.480553180000015],[100.414027586000088,18.480728701999965],[100.413785900000164,18.480992550000167],[100.413544926000156,18.481343354000046],[100.413089828000125,18.481638160000102],[100.412695195000083,18.481873781000161],[100.412453505000144,18.4821376270001],[100.412335167000151,18.482574495000051],[100.412297329000182,18.482625905000191],[100.412184738,18.482778927000084],[100.411912511000139,18.483072367000034],[100.411488875000089,18.483453915000155],[100.411155222000104,18.483689079000044],[100.410759734000067,18.483749621000072],[100.410454953000169,18.483751891000111],[100.41002644100007,18.483609386000126],[100.409353881000186,18.483500606000177],[100.409171831000037,18.483471172000066],[100.408592170000134,18.483446117000028],[100.408135978000075,18.483536472000139],[100.407954296000128,18.483683538000037],[100.40768182100004,18.483947607000118],[100.407471005,18.48429818000011],[100.407321040000113,18.484561339000095],[100.407169772000032,18.484736405000035],[100.406957417000172,18.484824964000154],[100.406896449000101,18.484825417000081],[100.406774519000123,18.484826323],[100.406622311000149,18.484886186999972],[100.406274305000125,18.48488877200009],[100.406066499000133,18.484664416000044],[100.406017774000134,18.48464218700002],[100.405897646000142,18.484643079000136],[100.405873170000064,18.484619533000114],[100.404838398000038,18.484671272000071],[100.403997416000095,18.484972300000095],[100.40289057800004,18.485116043000176],[100.402866712000161,18.485092509000026],[100.402673565999976,18.485070212000039],[100.402312018000089,18.484935091000125],[100.401925962000121,18.484845330000041],[100.401661423000178,18.484847288000026],[100.401122553,18.485036515000161],[100.400988167000094,18.485177567000108],[100.400724904000072,18.485338784000021],[100.400484433000145,18.485390260000031],[100.400384751000047,18.485435039000095],[100.400115536000101,18.48551949299997],[100.399845821000042,18.485614106000071],[100.399515829000109,18.485722718000034],[100.399315418000128,18.485750168000152],[100.399271747000171,18.485912019000125],[100.399236281000071,18.48606475400004],[100.399128632000156,18.486439423999968],[100.399080670000103,18.486580957000058],[100.399094705000095,18.486779646000059],[100.39909794099998,18.487178327000095],[100.399149731000193,18.487505518000091],[100.399170790000085,18.487621692000118],[100.399184360000163,18.487730023000097],[100.399197380000146,18.487833841000167],[100.399173931000064,18.48796639],[100.399148137000054,18.488112063000074],[100.399159798000085,18.488286335000112],[100.399183168000036,18.488635893000094],[100.399279504,18.489275617000089],[100.399436461000107,18.489797407000083],[100.399686456000097,18.490552324000134],[100.399936213999979,18.491277876000083],[100.40004237800008,18.491531872000166],[100.400154127000178,18.491799232000062],[100.400340322000034,18.492205596000133],[100.400465562000079,18.492611289000024],[100.400437859000192,18.492989885999975],[100.400392744000101,18.493113867000034],[100.400289066000084,18.493398727000169],[100.400139659000047,18.493806453000161],[100.400041576000035,18.493902055999968],[100.399574961000042,18.494293748000075],[100.399518934000128,18.494340788000045],[100.398950441000068,18.494616981999968],[100.398921680000058,18.494630958000073],[100.398474642000053,18.494758507000029],[100.398364236000134,18.494794346000106],[100.397939249000046,18.495088897000016],[100.397696582000151,18.495236386000045],[100.397652353000126,18.495248696000033],[100.397483971000042,18.495295569000064],[100.396935778000056,18.49535835000006],[100.396204770000168,18.495508321000102],[100.395931456000085,18.495598438000172],[100.395845156000064,18.495635760000084],[100.395844952000061,18.495635875000175],[100.395657763000088,18.495716786],[100.395567186000164,18.495862030000126],[100.395599857000093,18.496095605],[100.395754440000189,18.496327142999974],[100.396426953000173,18.496554859000184],[100.396672221000188,18.496726992000106],[100.396886007000148,18.496812376999969],[100.396958856000197,18.496830921000083],[100.397222315000079,18.496897996000087],[100.397437407000098,18.497070351000048],[100.397439771000109,18.497361745000148],[100.397441766000043,18.4976077070001],[100.397442126000044,18.497652],[100.397352746000138,18.497944089000043],[100.397233162000191,18.498235245000103],[100.397084351000046,18.498644103],[100.39703012300015,18.498817308000071],[100.396817567000141,18.49917579900017],[100.396380069000202,18.499533691000067],[100.396120133000181,18.499744576000069],[100.3960664290002,18.499837592000119],[100.396018602000197,18.499999453999976],[100.396493386000088,18.501903687000095],[100.395961370000123,18.503599605999966],[100.395692504000067,18.50409517200012],[100.394932720000099,18.504569528000104],[100.394362699000055,18.504938550000077],[100.394176985000172,18.505616499000155],[100.393073414000071,18.50749846400015],[100.392641381000089,18.508022354000161],[100.392400144000135,18.508570809000162],[100.391343206000101,18.509490086000085],[100.390425119000042,18.510668140000064],[100.38988422500006,18.511274345],[100.389559784000141,18.511637957000119],[100.389097432000085,18.51178367000017],[100.387595588000181,18.511638824000102],[100.387159162000103,18.5116939830001],[100.38695413500011,18.511937777000014],[100.386916406000068,18.511982657000033],[100.386786172000143,18.512790078000137],[100.386858697000036,18.513343002000056],[100.387758346000112,18.51493689900019],[100.388302593000105,18.516429504000143],[100.388676565000139,18.517142863000117],[100.389119741000059,18.517920102],[100.389659418,18.518846846000145],[100.3902004790001,18.520014152000101],[100.391359481999984,18.521606137000106],[100.391860399000166,18.522787287000142],[100.392452958000092,18.52351145900019],[100.393262845000038,18.524169637000114],[100.393633032000196,18.524336333000065],[100.393888765000099,18.524451027000111],[100.39417313600012,18.524578581000185],[100.394118955000181,18.524723391000123],[100.394105345000071,18.524759801000073],[100.394074660000115,18.524919278000027],[100.394075209000107,18.52498704400017],[100.394071995000161,18.525027729000044],[100.394128275000014,18.525106378999965],[100.394349663000071,18.525393898000061],[100.394417599000178,18.525449870999978],[100.394617744000129,18.52560088600012],[100.394678087000045,18.525669331000017],[100.394791675000022,18.525876321000112],[100.394933121000179,18.526164429000119],[100.394957323000085,18.526228641000102],[100.394931549000091,18.52647958],[100.394924560000106,18.526567732000046],[100.394941313000174,18.526662486000021],[100.394997748000151,18.526758068000163],[100.395085802000153,18.526811634000126],[100.395282353000141,18.526958155999978],[100.395374454000034,18.527071547000048],[100.395416497000042,18.527291498000068],[100.395432093000068,18.527317352000068],[100.395572883,18.527449593000085],[100.395685105000041,18.527562853],[100.395698458000197,18.527602277000085],[100.395697834000146,18.527672311],[100.395668682000064,18.52772674199997],[100.395660742000075,18.527770499000155],[100.395659033000015,18.52777990900006],[100.395664505000127,18.52794251600011],[100.395701106000047,18.528075527000169],[100.395710540000152,18.528215515],[100.395678966000162,18.528265446000148],[100.395655561000126,18.528299504000131],[100.395619763000184,18.52833817100003],[100.395361336000178,18.528478963000168],[100.39526669300011,18.528530534000083],[100.39517618400015,18.528611388000172],[100.395092881000096,18.528706881000176],[100.394995056000084,18.528908652999974],[100.394961359000035,18.529133681000133],[100.394934233000129,18.529220844000179],[100.394894719000035,18.529312634000121],[100.394856005,18.529428129000166],[100.394846666000035,18.529736542000023],[100.394809551000094,18.53005195500009],[100.394828127000039,18.530370336000033],[100.394836650000116,18.530473049000136],[100.39498561500011,18.530663964000041],[100.395042381000167,18.530800223000028],[100.395115548000092,18.530989439000052],[100.395171837000078,18.531069208000133],[100.395243981000135,18.531129668000176],[100.395266018000143,18.531139698000118],[100.395400250000193,18.531200802],[100.395436357999984,18.531272824000098],[100.395461133000197,18.531332513000166],[100.395415235000144,18.531588119],[100.395384327000045,18.531717110000102],[100.395381192000059,18.531842498000174],[100.39539098400013,18.532026543000029],[100.395385436000026,18.532365433],[100.395330516000115,18.532893305000187],[100.395283601000074,18.533021294000037],[100.395132412000066,18.53306759100002],[100.394487415000071,18.533110755000052],[100.394266026000139,18.533079026000166],[100.394232553000165,18.533074233000036],[100.394041506000065,18.533098233000089],[100.393946935000145,18.533190411000078],[100.393789228000117,18.533381330000168],[100.393606371000033,18.533466262000047],[100.393456205,18.533566765000103],[100.393333387000155,18.533679501000051],[100.393175399000086,18.53383653700007],[100.393136500000139,18.533931701000142],[100.393078344000116,18.534133181000072],[100.393055811000124,18.534350211000117],[100.393072593000113,18.534448344000168],[100.393102663000093,18.534588341000074],[100.393110142000069,18.53462314900014],[100.393154776000074,18.534725595000054],[100.393159267000158,18.534767362000082],[100.393131458000084,18.534843235000039],[100.39304900500008,18.534969226000101],[100.393014041000015,18.535038374000123],[100.392956262000155,18.535289549000026],[100.392899114000045,18.535468431000083],[100.39279224500018,18.535578790000045],[100.392456566000192,18.535799247999989],[100.392396801000132,18.535877632999984],[100.392171364000035,18.536144623999974],[100.392069580000168,18.536265195000112],[100.391949511000064,18.536427607000064],[100.391835547000028,18.536537999000132],[100.391507371000102,18.536810376000176],[100.391467461000161,18.53692587900008],[100.391400610000062,18.537004298000056],[100.391294416000108,18.537198215000046],[100.391255920000162,18.537416501000166],[100.391249237000011,18.537468507000028],[100.391229482000085,18.537513833000048],[100.391196241000102,18.537578468000163],[100.391151018000187,18.537622843000179],[100.391069038000126,18.537662988000022],[100.390685538000184,18.53775503300011],[100.390463455000202,18.537821058000134],[100.390275631000122,18.53795120400008],[100.390201999000055,18.537996926000119],[100.390015215000062,18.538255826000068],[100.389941304000104,18.538339953000161],[100.389827979000017,18.538455978000115],[100.389774983000109,18.538565938000147],[100.389768947000107,18.538698143000147],[100.389837627000134,18.538845593000076],[100.389878468000063,18.538916460000166],[100.38992754200018,18.539128445000017],[100.389877217000048,18.539565922000065],[100.389844286000027,18.539668958000107],[100.389844806000099,18.539733327000022],[100.38987257000008,18.539797513000167],[100.389939715000025,18.539947316000053],[100.389996175000078,18.540073322000126],[100.390009622000036,18.540124059000163],[100.389976853000121,18.540247407000095],[100.389944111000034,18.540298484000118],[100.389910636000195,18.540331477000109],[100.38974200600012,18.540345151000167],[100.389703124999983,18.540359063000096],[100.389593823000041,18.540398199000094],[100.3895604880002,18.540449261999981],[100.389307418000044,18.540856623000025],[100.38914096700006,18.541066796000109],[100.389021243000059,18.541273246000117],[100.388967450000166,18.541357223999967],[100.388833903000034,18.541461],[100.388700069000151,18.541604301000064],[100.388152182,18.541873752000072],[100.387351883000179,18.542191375000186],[100.387036512000066,18.542437663000101],[100.386888974000158,18.542716604000191],[100.386944440000093,18.543060703000151],[100.387061888000062,18.543379480000169],[100.387133574000131,18.543530306000036],[100.387222938000036,18.543673105000039],[100.387261323000132,18.543881772000134],[100.387229410000032,18.544107906000022],[100.387237290000201,18.544203865000043],[100.387244532000068,18.54429417200015],[100.387341752000111,18.544601802000045],[100.387335276000101,18.544679794000103],[100.387282637000112,18.544833793000123],[100.387237818000017,18.545149243000139],[100.387218580000024,18.545258955000122],[100.387233304,18.545397766000178],[100.38724791400017,18.545519645000013],[100.387288693000073,18.545583736000083],[100.387323107999975,18.545667066000078],[100.387358169000152,18.545827197000051],[100.387400453000112,18.54607763600012],[100.387408497000024,18.546193906000155],[100.387429502000089,18.546303322000142],[100.387457421000192,18.546386700000085],[100.387471003000087,18.54645661100011],[100.387472463000165,18.546637338000039],[100.387432978000049,18.546733627000094],[100.387339981000082,18.546876627000017],[100.387279945000046,18.546992277000186],[100.387206906000131,18.547114800000145],[100.387160371000107,18.547217935000049],[100.387161100000071,18.54730829000016],[100.387203348000014,18.547553072000142],[100.387232117,18.547742616],[100.387273153000194,18.547838313000057],[100.387307519000046,18.547914885000125],[100.387403920000111,18.548120866000033],[100.387404851000099,18.548236068000165],[100.387378721000061,18.548371800000041],[100.387385626000196,18.548422585000083],[100.387392748000082,18.548497080000118],[100.387400555999989,18.548583985000107],[100.387456407000116,18.548827546999973],[100.387498353000183,18.548962778000089],[100.387534219000145,18.549225697000054],[100.387527689000137,18.549296894000179],[100.387449658000151,18.549605830000189],[100.387464308000119,18.549805635000098],[100.387533583999982,18.550026507000098],[100.387547839000035,18.550104347000115],[100.387589295000055,18.550251997999965],[100.387590126000077,18.550354785000081],[100.38754459400019,18.550509852000175],[100.387505254000132,18.550696518000166],[100.387505874,18.550773319000029],[100.38756058600012,18.550875692000091],[100.387582100000088,18.550972671000011],[100.387583186000199,18.551107082000044],[100.387545282000076,18.551474439000174],[100.387534137000159,18.551706077000119],[100.387556339000184,18.55196344],[100.387543357000197,18.552040341000065],[100.387504574000104,18.552223605000165],[100.387471804000199,18.552346952000107],[100.387473310000189,18.552533318000087],[100.387453379000192,18.552629462000084],[100.387389112000108,18.552958628000113],[100.387402769000118,18.553035334000072],[100.387478977000171,18.553234686000053],[100.387499838000053,18.553323772000113],[100.387514038000177,18.553394817000083],[100.387507371000027,18.553449082000043],[100.387488719000089,18.553633336000189],[100.387482819000127,18.553710185000057],[100.387462843000094,18.553800692000152],[100.387443633000089,18.553916042000083],[100.387391096000101,18.554083576000096],[100.387358815000198,18.554264551000074],[100.387360293000143,18.554447519000121],[100.387442388000068,18.554568902000142],[100.387890453000125,18.554913493000129],[100.387951687000054,18.555015818000129],[100.387972492000074,18.555099248000147],[100.38792780700004,18.55535710200013],[100.387868576000187,18.55557554000012],[100.387843455000166,18.555763221000063],[100.387830761000146,18.555878523000047],[100.387851558000193,18.555961953000178],[100.387900332000129,18.556135537000159],[100.387969247000058,18.556308973000114],[100.387977739000064,18.556552883000052],[100.387959863,18.556833130000086],[100.387957762000099,18.556936893000056],[100.387954785000147,18.557083915000135],[100.387948885000185,18.557160765000106],[100.387935897000148,18.557238787000131],[100.387932145000036,18.557244055000069],[100.38780242200005,18.55742614400009],[100.387702378000085,18.557503686000132],[100.387668938,18.557542335000051],[100.387439158000177,18.557538368000166],[100.387351626000054,18.557551445000058],[100.38727783000013,18.557577957000149],[100.387238297000181,18.557668606999982],[100.387252036000177,18.557757745000117],[100.387307705000069,18.557905291000054],[100.387471058000131,18.558116436000034],[100.387511331000042,18.558248911000078],[100.387547114000029,18.558366626000122],[100.387558741000021,18.558415118000028],[100.387336610000034,18.558478864000165],[100.386659514000144,18.558590013000014],[100.386553347000188,18.558569342],[100.386490174000187,18.558541162000154],[100.386294240000154,18.558453778000057],[100.386120507000044,18.558423428000026],[100.385846743000116,18.558472877000099],[100.385556613000119,18.558622963000118],[100.385232931000132,18.558795903000032],[100.384959633000108,18.55897636900005],[100.384653358000094,18.55917966800007],[100.38443079700005,18.559336033000136],[100.384318982000138,18.559422695000023],[100.384191096,18.559498180000105],[100.384095837000018,18.559509054000159],[100.383854859000166,18.559510821],[100.383776637000096,18.559503479000114],[100.383614624000131,18.559606322000036],[100.383548192000092,18.559665543000051],[100.383509494000123,18.55971440400009],[100.383389757000089,18.559904782],[100.383276811000144,18.560084327000027],[100.383172094000088,18.560243206000109],[100.383088496000084,18.560302570999966],[100.382988093000051,18.560409480000033],[100.382882369000185,18.560443001000067],[100.38264158000004,18.560470753000061],[100.3825356440002,18.560551714999974],[100.382379478000075,18.560644358000104],[100.381966117000047,18.560786305000022],[100.381747965000102,18.560829703000081],[100.38135614700019,18.560854023000104],[100.381253447000063,18.560847161000083],[100.381142859000136,18.56083977100019],[100.38099738000011,18.560862306],[100.380824270000176,18.560912132000055],[100.380624259000058,18.561073985],[100.380593423000164,18.561130176000177],[100.380530284000145,18.561245236000104],[100.380480308000131,18.56128852300003],[100.380251809000129,18.561444926999968],[100.38018461900009,18.561482701000102],[100.379989009000042,18.561532691000139],[100.379961296000147,18.561535888000151],[100.379675449000047,18.561568869000098],[100.379547232,18.561602571000094],[100.379486033000035,18.561650439000118],[100.379402949000053,18.561774171000081],[100.37935345600016,18.561880706000068],[100.379327971000066,18.562048254999979],[100.379305656000099,18.562195057000054],[100.379152132000172,18.562544065000168],[100.378893595000193,18.562794445000122],[100.378582551000022,18.562995510000121],[100.378271107000046,18.563146880000033],[100.377907157000095,18.563248934000114],[100.377648617000034,18.56349931200009],[100.377441385000111,18.563649920000103],[100.377365249000036,18.563708938],[100.377182445000187,18.563850602000173],[100.376872003000074,18.564200755000115],[100.376360617000046,18.564526403000059],[100.376071011000079,18.564743121000049],[100.375568056000134,18.564938804000178],[100.375315477000072,18.56500221400006],[100.375132512000107,18.565048152000145],[100.374696886000152,18.565223011000114],[100.373478003000116,18.565568481000128],[100.372763915000178,18.565747965000071],[100.371946181,18.56595348400009],[100.371522159000108,18.566170052000075],[100.370976252000162,18.566847204000112],[100.370967627000027,18.566908313000113],[100.370954393000034,18.567002096000181],[100.371010075000186,18.567448975000104],[100.371379203000174,18.567992970999967],[100.371906647000117,18.568784306],[100.372434097000053,18.56957563900005],[100.372759881000036,18.56994950800015],[100.372907451000174,18.570118873000013],[100.373380014000077,18.570562716000097],[100.373695057000134,18.570858610000016],[100.373854172000051,18.571205337000038],[100.3741747910002,18.57219696300001],[100.374220801000092,18.572339264000163],[100.374335102000032,18.57269277600011],[100.374480116000143,18.573053159000153],[100.374876187000154,18.573630836000063],[100.375507914000082,18.574203395000097],[100.375671222000108,18.57432556100008],[100.375733720000142,18.57437231200015],[100.37607497200014,18.575054298999987],[100.376151838000112,18.575187019000168],[100.376152373000025,18.575253665000162],[100.376048445000151,18.575586497000188],[100.376042342000119,18.575593608000133],[100.376002673000073,18.575639908000028],[100.37597507800001,18.575670615000035],[100.375942600000201,18.575679887999968],[100.375882946000047,18.575701775000084],[100.375860221000039,18.575746000000152],[100.375884927000129,18.575800036000146],[100.375911846000122,18.575833725],[100.375944223000033,18.57588204800004],[100.375963668000168,18.575944038000159],[100.375984672000129,18.576274819000105],[100.376008192000086,18.576327743000036],[100.37603670600015,18.576412237999989],[100.376088185000071,18.576481892000061],[100.37609334800004,18.57653494900012],[100.376100143000144,18.576791287],[100.376119779000192,18.576949274000015],[100.376172271000087,18.577143165000166],[100.37619592100009,18.577214160000096],[100.376201329000196,18.577297704000102],[100.376219462000165,18.577858924000168],[100.376196977000177,18.57793589400012],[100.376285330000144,18.578538402000049],[100.376339611999981,18.57895706000005],[100.3763164140002,18.579535533000069],[100.376317452000137,18.580255008000165],[100.37623635500006,18.580553788000032],[100.376178351000078,18.580778991000102],[100.376175562000128,18.581021845000123],[100.376233132000095,18.581259758000158],[100.376341321000041,18.581457760000035],[100.376531674000091,18.581562543000075],[100.37670394200012,18.58166915400011],[100.376708459000042,18.58167194300006],[100.376741439000114,18.581724780000116],[100.376744762000101,18.581749113000058],[100.3768251420002,18.58233749599998],[100.376839461000031,18.58242549199997],[100.376942464000138,18.582568177000155],[100.377021912000146,18.582651180000028],[100.377119395000136,18.58269564800014],[100.377175650000083,18.582769783000117],[100.37718066900004,18.582804770000109],[100.377171693000037,18.582866949],[100.3771354860001,18.582929345000025],[100.376997229000153,18.583044426000015],[100.376882067000054,18.583084808000024],[100.376821005000124,18.583150765000028],[100.376806955,18.583244608000086],[100.376797757000134,18.583351986000082],[100.376848612000174,18.583638507999979],[100.37703243600015,18.584037007000177],[100.377164231000108,18.584296950000123],[100.37740444700006,18.58448834800015],[100.377440744000182,18.584510673000125],[100.377557116,18.58454708700009],[100.377923109,18.584693505000132],[100.378132760000199,18.584841067000127],[100.378238985000053,18.585088780000092],[100.378240337000136,18.585257020000142],[100.378240708000078,18.585303152000051],[100.378240983000182,18.585337255000127],[100.378215227,18.58536218900008],[100.37808584000004,18.585487483000122],[100.377703429000121,18.585951114000011],[100.37791635300016,18.586056235000115],[100.378263637000146,18.586227683000061],[100.378945150000106,18.586722616000088],[100.37926671200006,18.587079733000053],[100.379323250000141,18.587270392000107],[100.379298102000178,18.587562815000069],[100.379171428000177,18.587933195000176],[100.37877028600019,18.588573899000039],[100.378645356000163,18.588678117000143],[100.37814443100001,18.588721464000116],[100.377889609000079,18.588790762000144],[100.377741994000019,18.589001654000185],[100.377649209000083,18.589189661000034],[100.377529165000112,18.589570403000096],[100.377373978000151,18.590250921000063],[100.377303411000071,18.59103073],[100.377288576000183,18.591249185000095],[100.377098714999988,18.591580272000044],[100.376627613000096,18.592071013],[100.376650458000142,18.592294177000042],[100.376683965000154,18.592409141000132],[100.37673206900007,18.592490872000042],[100.376735587000155,18.592496864],[100.376902873000176,18.59260181500008],[100.376911903000178,18.592605852000133],[100.377009864000058,18.592649592000043],[100.377051630000096,18.592688829000167],[100.37705771800006,18.592699082000024],[100.377121873000135,18.592806903000167],[100.377168877000145,18.592833667999969],[100.37730363300011,18.592856298000072],[100.377317152000046,18.592858572000068],[100.377521059000117,18.592879672000038],[100.377655621000088,18.592969047999986],[100.377730175000011,18.593035134000161],[100.377758446000144,18.593088023000178],[100.377777825000067,18.593140958],[100.377750689000152,18.593229258],[100.377673575000131,18.593396335000079],[100.37767327500012,18.593396988000052],[100.377587559000119,18.593711616000178],[100.377533344000199,18.593818184999975],[100.377430928000081,18.594339641000147],[100.37738677800013,18.594595230999971],[100.377361069000074,18.594860841000127],[100.377385273000073,18.594997343000045],[100.377451298000153,18.595179839000025],[100.377518334000172,18.595414284000185],[100.377550977000112,18.595497628000146],[100.377533734000053,18.595634415000177],[100.37754352800016,18.595673884000178],[100.377575963000083,18.595731242999989],[100.377641754000081,18.59580982600005],[100.37765575700007,18.595858301000021],[100.377732248000143,18.596162706000086],[100.377733138,18.596273391000125],[100.377703665000126,18.596586468000169],[100.377690251000104,18.596685962000038],[100.377686122000057,18.596761677000188],[100.377696161000074,18.596831615000099],[100.377682994000111,18.596889324000188],[100.377656239000146,18.597021680000125],[100.377657020000129,18.597118811000087],[100.377695684000116,18.597361362000129],[100.377832150000017,18.597612250000111],[100.377957347000176,18.597948632000055],[100.378135198000052,18.598444662000077],[100.378128611000136,18.598555110000177],[100.378099300000088,18.599046982000175],[100.377988109000057,18.599287513000093],[100.377925669000035,18.599353014000087],[100.377648111000155,18.59964417700013],[100.377382916000158,18.600640764000048],[100.377219069000034,18.601885281000079],[100.37681496100015,18.60244376300011],[100.376817759000062,18.602791627000101],[100.376923995000141,18.603039340000123],[100.377187388000152,18.603385299000024],[100.377311188000078,18.603448511000124],[100.377763098000173,18.603679275000047],[100.378027294,18.604124623000132],[100.378186853000159,18.604521038000144],[100.37818764900004,18.60461997800013],[100.378190453000116,18.604968292000024],[100.378196454000147,18.605713716000025],[100.3781861,18.605826582000134],[100.377978280000036,18.606722737000155],[100.377824662000137,18.607694830000185],[100.377841656000101,18.608263081000018],[100.378031838000197,18.608747177000112],[100.378128097000115,18.609391812000069],[100.378023311000106,18.610087254000064],[100.377809822000131,18.61099400300003],[100.377977113000043,18.611575147000167],[100.378029633000097,18.612360892000083],[100.378087100000187,18.612581852000062],[100.37818451000004,18.613203500000168],[100.379136489000018,18.615275919000112],[100.379322980000097,18.615556926000011],[100.379841783000131,18.61584001500006],[100.380417942000122,18.616183675000116],[100.380889456000034,18.616478403000144],[100.38120540400007,18.61687366600006],[100.381209014000035,18.617320919000065],[100.3809516070001,18.617720390000159],[100.380745921000141,18.61806978300018],[100.380590979000146,18.618295107],[100.380480006000084,18.619036905000087],[100.380651544000102,18.621140723999986],[100.381105561000084,18.622185244000093],[100.381906418000142,18.623138347000179],[100.383082945000069,18.624322446000178],[100.384060438000063,18.624844980999967],[100.384673448000115,18.625052815000117],[100.384905198000126,18.625056799999982],[100.385729802000128,18.625071024000135],[100.387228410000148,18.624768572000164],[100.387727698000049,18.624685825000142],[100.387828504000083,18.624697568000101],[100.388256592000118,18.624747433999971],[100.389789060000112,18.625186777000181],[100.390656360000094,18.625922452000054],[100.391737815000113,18.626826950000122],[100.392230590000167,18.627686383000082],[100.392239503000098,18.628780950000134],[100.391653118000136,18.62998518500001],[100.391488643000116,18.631480999000132],[100.391784084000165,18.632510299000046],[100.392492656000172,18.633955784000023],[100.392521498000065,18.634063481000112],[100.392516953000097,18.634082840000019],[100.3924943560001,18.634179066],[100.392388813000196,18.634628600000099],[100.39242668300011,18.635494740000183],[100.392530842000099,18.637355004000085],[100.392583187000071,18.638289777000068],[100.392588994000107,18.638393515000132],[100.392417642000169,18.638740407000057],[100.392158346000201,18.63890835300009],[100.391795438000202,18.638938147000033],[100.391330028000084,18.638748459000169],[100.391270988000144,18.638701457000025],[100.390560042000118,18.637966893000169],[100.39031683900015,18.637861434000058],[100.389778844000148,18.637628184000107],[100.388971330000118,18.637474883000152],[100.388694165000175,18.637557115],[100.388364088000174,18.637983120000172],[100.388063697000064,18.638634803000173],[100.387400551000098,18.639116342000136],[100.386846449000075,18.639385851000156],[100.386504134000063,18.639388376000113],[100.386040220000098,18.639391796000041],[100.384203613000068,18.639086809999981],[100.382502890000126,18.638516506000087],[100.381638997000152,18.638205478000089],[100.380803106000201,18.638086556000189],[100.379774284000121,18.637940177000075],[100.377982900000063,18.637461015000042],[100.377267115999985,18.637269568000079],[100.376209620000054,18.637119181000173],[100.375089250000087,18.637075221000089],[100.375069453000151,18.637074446000099],[100.373931628000093,18.637321077000024],[100.373599179000166,18.637455666000051],[100.373074126000176,18.637803986999984],[100.372299154000189,18.638234335000107],[100.371216140000115,18.638374396000017],[100.369271010000091,18.63849474400007],[100.368578258000127,18.638764090000109],[100.368136666000055,18.639178440000137],[100.367342043000122,18.64056220700013],[100.366186717000062,18.64210784200003],[100.365944188000185,18.642404068000019],[100.365252826000187,18.643248475000178],[100.365030331000128,18.643520216000184],[100.364614975000052,18.643735577000143],[100.364364330000171,18.643657193000081],[100.363805911999975,18.643316758000026],[100.362054999000179,18.643435625000052],[100.361583499000062,18.64351922600008],[100.361306921000107,18.643679359000146],[100.361060346000045,18.644184901000017],[100.360792009000136,18.64537959400019],[100.360550026000055,18.646387738000101],[100.360414829000149,18.646892473000037],[100.360055982000063,18.64721358900016],[100.359614969000063,18.647706982000045],[100.359425294000118,18.648291157000131],[100.359264353000185,18.649060398000131],[100.359378048999986,18.649350986000172],[100.359495549000144,18.650119316000143],[100.359751877,18.650912628000071],[100.360206294000079,18.65210096900006],[100.360236884000074,18.65244523500013],[100.360130572000173,18.653081921000023],[100.36015346400012,18.653724431000114],[100.360264346000065,18.654033110000171],[100.360443414000144,18.654273526000168],[100.360498330000041,18.654622152000059],[100.360500707000142,18.654920323000113],[100.360398416000123,18.655169535000141],[100.360036241000103,18.655520060000072],[100.359621928000195,18.655870944000128],[100.359520823000082,18.656269259000169],[100.359485392000067,18.656804897000086],[100.35952541,18.657365959000117],[100.359668066000097,18.657868682000071],[100.359725863000165,18.658133705000068],[100.359728184000119,18.658425098000123],[100.359701175999987,18.658531467000103],[100.359370166000133,18.658851242000026],[100.358980903000202,18.658854059000134],[100.358525532000101,18.65887376500018],[100.357808492000061,18.658904787999973],[100.357507894000094,18.658917805000101],[100.356759303000047,18.659108451000066],[100.355706146000045,18.65959382300008],[100.355101038000043,18.660393357000146],[100.354525026000033,18.661350808000066],[100.354304363000153,18.661617841],[100.354224358000181,18.661988893000171],[100.354505803000109,18.662437524999973],[100.354872063000016,18.66304481300017],[100.355153919000088,18.663545414999987],[100.355517851000172,18.663861307000047],[100.356217899000171,18.664492152000093],[100.357031525000195,18.665400047000162],[100.357093852000105,18.665521547000083],[100.35737035700015,18.666060604],[100.357568503000039,18.66653581900016],[100.357460864000075,18.666934181000101],[100.357136850000131,18.667230299000096],[100.356963803999975,18.667388452000125],[100.356437782000171,18.667630567000174],[100.35524928600006,18.668540488000019],[100.354642675000036,18.669154795000168],[100.354506819,18.669579345000102],[100.354481700000179,18.669924015],[100.354511241000182,18.670136147000164],[100.35468126000012,18.670505396000067],[100.355241459000069,18.671058204000133],[100.355608561000054,18.671770517000027],[100.355612349000182,18.672247137000056],[100.35608940100002,18.672774556000036],[100.356173824000166,18.67295918300016],[100.356175513000039,18.673171516000025],[100.355870406000122,18.673252785000102],[100.355177375000096,18.673509676000151],[100.354403659000184,18.67412405000016],[100.354289461000121,18.675179686000092],[100.354627157000039,18.676023259000033],[100.354661278000094,18.676108503000137],[100.354749872000127,18.676834120000024],[100.354485260000104,18.677106175000063],[100.354224075000047,18.677374716000031],[100.353204992000201,18.677551694999977],[100.353017916000169,18.677810567999984],[100.352812099000118,18.678159937000032],[100.352557301000161,18.67890724200015],[100.352148042000181,18.679904149000151],[100.351837548000049,18.680204555000103],[100.351682695000136,18.68040448000005],[100.351579599000104,18.680554317000087],[100.351632917000074,18.68070302600006],[100.351790135000101,18.680801290000034],[100.352052428000036,18.680998192000118],[100.352629555000135,18.68144131400004],[100.352948727000069,18.682234178999977],[100.353369429000054,18.682678426000052],[100.353842671000109,18.683171991000165],[100.354368851000118,18.683764568000072],[100.354789955000172,18.684258506000049],[100.355422801000145,18.685148496000181],[100.355584374000102,18.685793401000126],[100.356007860000148,18.686585487000116],[100.356270966000068,18.686881790000029],[100.356796366000196,18.687374969000075],[100.357096348000141,18.687539965000042],[100.357208910000054,18.687684846000082],[100.357742595000047,18.68839708400003],[100.358895577000055,18.690005051000128],[100.359151289000067,18.690639095000165],[100.359016701000144,18.69122288900013],[100.359024631000068,18.692216786000074],[100.359338439999988,18.693222020000064],[100.359624808000092,18.694279409000103],[100.35992616600015,18.697139360000051],[100.360108570000136,18.699124823000091],[100.360195511000143,18.699548882000101],[100.360391996000146,18.69981175800018],[100.361061802000165,18.700125414000183],[100.361761764000164,18.70065005400005],[100.362438047000069,18.701771253],[100.363645868000049,18.703325687000017],[100.363872517000061,18.703801804000079],[100.363959519000161,18.704304923000052],[100.363851660000023,18.704676181000025],[100.363688994000086,18.705234212000107],[100.363334082000051,18.706057925000152],[100.363284092000185,18.706773264999981],[100.363315564000118,18.707223694000049],[100.363680053000166,18.707592654000052],[100.363708478000092,18.70760145600002],[100.364110811999979,18.70772604800004],[100.365101818000085,18.708032961000129],[100.365905055000042,18.7086572770001],[100.3662492630001,18.70892481300001],[100.366529864000142,18.709253698000168],[100.367230524000036,18.709858512000096],[100.367760461000103,18.710092958000132],[100.368160519000128,18.710105039000155],[100.368483695000066,18.71011480400017],[100.369553829000154,18.710157805000108],[100.369755983000175,18.710091956000042],[100.370224550000103,18.709989136000047],[100.370588412000188,18.709837383000036],[100.370692716000121,18.70983662000009],[100.370902124000054,18.709934483000097],[100.371218639000062,18.710379444000012],[100.371273294000048,18.710506792999979],[100.37143125200015,18.710874863000072],[100.37153755900016,18.711122572000079],[100.371539962000043,18.711420739000118],[100.371698823000145,18.711717760999989],[100.372171,18.712062186000026],[100.372487121000177,18.712457450000045],[100.372647187000098,18.71290355400015],[100.372703350000052,18.713400117000106],[100.372914768000157,18.713746448999984],[100.373439507000114,18.714140183000097],[100.373756685000046,18.714371652000125],[100.374110827000038,18.71477680900017],[100.37520117300005,18.715484885000137],[100.376354405000086,18.717079165000087],[100.377342072000147,18.718794378000155],[100.377569480000147,18.719428597000103],[100.377687772000172,18.720275978000132],[100.377719927000101,18.720805460000065],[100.377836979000165,18.721572648000176],[100.377745421000043,18.722679616000107],[100.377814701000091,18.722866910000107],[100.378072281000073,18.723108153000112],[100.378518714000165,18.723343178999983],[100.380135873000143,18.723809050000114],[100.380612905000191,18.724308145000066],[100.380615060000082,18.724573566000117],[100.380505570000082,18.724812685000074],[100.380284225000139,18.72499955100011],[100.380147480000119,18.725238889000025],[100.380148772000041,18.725398127000062],[100.380763222000098,18.725738099000125],[100.381766420000133,18.725996119000115],[100.38199656400019,18.726081780000015],[100.382210992000125,18.726161591000164],[100.382882339000162,18.7264114460001],[100.383912755000154,18.72658906900017],[100.384593887000051,18.726526422000063],[100.384701187000019,18.726456739000071],[100.384959945000105,18.726206340000033],[100.385048444000063,18.726120693000155],[100.385218703000021,18.725955941],[100.385531237000123,18.725903932000051],[100.385638773000153,18.72590313600017],[100.386030168000104,18.726013673000182],[100.386339348000149,18.726111405999973],[100.386688456000059,18.726277617000164],[100.387011523000069,18.726469018999978],[100.387413530000174,18.726684851000073],[100.387723221000158,18.726845094000112],[100.38793434500019,18.72698731800017],[100.388040187000058,18.727092809999988],[100.388212155000076,18.72726032300011],[100.388397547000181,18.727465254000094],[100.388477397000202,18.727602194000042],[100.388518194000085,18.727776934000133],[100.388521605000108,18.727862272000095],[100.388526445000196,18.72798317000013],[100.388514692000172,18.728152052999974],[100.388456768000196,18.728290014000152],[100.38833338500018,18.728447221000067],[100.388196733000086,18.728585766000094],[100.388073451000196,18.728755474000081],[100.387989272000027,18.728893639000091],[100.387931501000139,18.729050349999966],[100.387765816000012,18.729651729000068],[100.387693336000098,18.729870987000083],[100.387624944000095,18.730077879000191],[100.38753568900006,18.730397371000151],[100.387498471000185,18.730660208000131],[100.387455038000098,18.730966857],[100.387424991000159,18.731304661000081],[100.387387817000103,18.731573753000134],[100.387376430000131,18.73178639200006],[100.387417634000201,18.732011143000079],[100.387491950000083,18.732273159999977],[100.387599076000072,18.732534927000074],[100.387772422000069,18.732871230000114],[100.387892307000129,18.733089144000189],[100.388097437,18.73330017700016],[100.388909783000088,18.733944314999974],[100.388924232000136,18.733968457],[100.389090502000045,18.734246399000085],[100.389408722000098,18.734778316000131],[100.389552848999983,18.73555243800007],[100.389572724000118,18.736617908000142],[100.38965682800017,18.737297061000106],[100.389849121000168,18.737839071],[100.390142384,18.738296617],[100.391369199,18.739382987000056],[100.391218587000139,18.740081540000176],[100.391209173000107,18.740103795000152],[100.391091200000176,18.740382848000081],[100.39093162100005,18.740760318000014],[100.390735480000046,18.741002601000105],[100.390667049000172,18.74108712300017],[100.39061635600018,18.741123201000107],[100.390575492000153,18.741140121000115],[100.390369696000164,18.741182992],[100.390214524000157,18.741215320000038],[100.389586694000059,18.741151022000054],[100.388810036999985,18.740953737000154],[100.387985978000131,18.740586355000119],[100.387359787000094,18.740271091000125],[100.386721815000044,18.739889750000145],[100.386029295000128,18.739551704000064],[100.385038546000146,18.739199820000067],[100.38475843700013,18.739141943000163],[100.384291310000151,18.739111619000141],[100.383866210000122,18.739094520000037],[100.383293362000188,18.739199967000161],[100.382365903000107,18.739456602000189],[100.381036846000143,18.739824354000064],[100.379873595000106,18.739974667000126],[100.37964511600012,18.73999615200006],[100.377690206000182,18.739990309000177],[100.376183628000035,18.740244321000091],[100.374147467000057,18.7407665610001],[100.374015605000181,18.740811615000098],[100.373701265000079,18.740919034],[100.373125194000124,18.741220033000161],[100.372712346000071,18.741525437],[100.372477580000179,18.741854647000082],[100.372041335000063,18.742466365000041],[100.371783386000118,18.742828067000175],[100.370751358000177,18.743882633],[100.369303199000171,18.745226221000166],[100.369300802000055,18.745227651999983],[100.369255166000187,18.745255040000131],[100.368918531000133,18.745456989000047],[100.368830074000186,18.74548227300005],[100.368595886000037,18.745549206000135],[100.368162126000186,18.745627170000034],[100.367797254000038,18.745649296000067],[100.36626195100007,18.745742382000117],[100.366029108000077,18.745776467000042],[100.365624575000083,18.745835691000138],[100.365434882000102,18.745892420000132],[100.364995250000163,18.746121791000178],[100.364459210000064,18.746401462000165],[100.363289924000128,18.74721358],[100.36313218100014,18.747388643000022],[100.363083147000168,18.747477701000093],[100.362916581000036,18.747780266000177],[100.362825650000048,18.747922026000026],[100.362789177000138,18.747978889000024],[100.362742416000117,18.748018974000047],[100.362639026000068,18.748107606000076],[100.362443313000142,18.748211162000132],[100.362057614000094,18.74837426900001],[100.361934979000182,18.748439357999985],[100.36176161700007,18.748531375000084],[100.361678090000169,18.748606785000106],[100.361589217000187,18.748714291999988],[100.361458308000067,18.74901930700014],[100.36125335800017,18.749496841],[100.361153603,18.749633679000169],[100.361120217000064,18.749679480000111],[100.361035698000137,18.749742191000053],[100.360927652000044,18.749822358000017],[100.360848146000023,18.749874857],[100.360668079000163,18.749949928000092],[100.360314982000148,18.750063848000138],[100.360075087000098,18.750141250000127],[100.359296751000045,18.750301859],[100.358635730000117,18.750402844000121],[100.358417602000031,18.750479230000053],[100.358281152000131,18.750559081000176],[100.358065106000197,18.75082383900002],[100.357916406000129,18.751235319000159],[100.357693949000122,18.752244904000122],[100.357643027000165,18.753235755000105],[100.357769392000023,18.754318766000097],[100.35785976700015,18.754589302000113],[100.358165857000074,18.755505555000127],[100.358196934000091,18.755756658000053],[100.358182649000014,18.755847853000034],[100.358143062000067,18.756100669000034],[100.358106560000067,18.756236525000077],[100.35789128000016,18.756723018000059],[100.357587992000106,18.757449406000148],[100.357567623000136,18.757498193000174],[100.357499388000065,18.757746743000155],[100.357481470000039,18.757872484000131],[100.357507164000197,18.758028670000101],[100.357527011000172,18.758091760000184],[100.357625111000118,18.758403659000123],[100.357628520000105,18.758423428000071],[100.357642667000107,18.758640186999969],[100.357641597000054,18.75866284500006],[100.357615445000192,18.758891712000093],[100.357538774000147,18.759175390000109],[100.357397175000074,18.759843363000073],[100.357307079000066,18.76073014200017],[100.357300129,18.761079593000034],[100.357299608000062,18.761105795000049],[100.357309294000174,18.761210776000155],[100.35732088300017,18.761260689000096],[100.357381977000045,18.761523929000191],[100.35741370500017,18.761660648000031],[100.357570275000171,18.762032330000068],[100.357985110000129,18.762878753000052],[100.35917893900006,18.764620180000122],[100.361103222,18.767062765],[100.361178704000054,18.76726391700015],[100.361223033000044,18.767382066000039],[100.361229292000132,18.76751551100017],[100.361204887000156,18.767587686000184],[100.361169435000079,18.767692554000178],[100.361025024000128,18.767958195],[100.359543730000098,18.770159761000116],[100.359503998000037,18.770218810000131],[100.359393684000167,18.770382761000064],[100.359147480000047,18.770791942000074],[100.359118985000066,18.770839297],[100.359099613000069,18.770871479],[100.359075910000115,18.77095049400009],[100.359022648000177,18.771127971999988],[100.358992323000052,18.77122901700011],[100.358971633000124,18.771297960000027],[100.358969450000018,18.771305238000139],[100.358946567000032,18.771381494000025],[100.358950832000119,18.77144091100007],[100.358953263000046,18.771474814000101],[100.358983895000051,18.771902216000115],[100.358984522000014,18.771911062000129],[100.359072532000198,18.772376052000084],[100.359328099000152,18.772806443000093],[100.359328842000082,18.772807698000065],[100.35933201500012,18.772811902000058],[100.359352438000087,18.772839002000183],[100.359793619000129,18.773424129000034],[100.359931610000046,18.773577080000166],[100.360131778000095,18.77379895200005],[100.360283630000083,18.773967270000128],[100.360658501000103,18.774323274000096],[100.360827378000124,18.774460980000072],[100.362095128000192,18.775611466999976],[100.362181484000075,18.775715693999985],[100.362327106,18.775967152000192],[100.362406705000126,18.776258974000029],[100.3624076010002,18.776262260000124],[100.362409337000145,18.776478164000025],[100.362462875000176,18.776847061000069],[100.362464811000166,18.777087891000122],[100.362466617000109,18.777312654000127],[100.362402165000105,18.777682421000122],[100.36233758200018,18.778036120000138],[100.362028042000134,18.778586617000144],[100.36164046600004,18.77896511900019],[100.360370320000129,18.779900416000032],[100.360113718000036,18.780042569000159],[100.358218083000111,18.781092689],[100.357904981000161,18.781287631000168],[100.357771327000137,18.781438462000096],[100.357593935000182,18.781739470000161],[100.357462681000129,18.782189994000134],[100.357025401000044,18.783891968999967],[100.356804539000052,18.784207137000124],[100.356513732000053,18.78438050799997],[100.35604346000008,18.784598003000156],[100.355617281000036,18.784708135000187],[100.354987965000191,18.784712702000093],[100.352648804000182,18.784515582000154],[100.351660226000092,18.784565553000107],[100.3510770540002,18.784719633000066],[100.35051704600005,18.784959172000072],[100.348417569000162,18.786087980000048],[100.34823422900007,18.786138110000081],[100.347661555000116,18.786294662000103],[100.347447599000191,18.786321707000127],[100.346838639000055,18.786398669999983],[100.346785854000018,18.786405341000091],[100.3467181110002,18.786399539000172],[100.34637343300011,18.786370019],[100.346143633000111,18.786350338000091],[100.345902283000044,18.786288059000185],[100.345118430000127,18.786085783000146],[100.344597043000022,18.785786014000109],[100.343178619000071,18.784755246000088],[100.343012994000162,18.784690909000176],[100.342525741000088,18.784591452000029],[100.342378643000188,18.784594715000026],[100.341837703000181,18.784606711000151],[100.341670017000126,18.784651675000134],[100.341664693000041,18.784653098000149],[100.341371172000038,18.784731809],[100.341371127000116,18.78473182700003],[100.340359943000124,18.785253675000035],[100.339813741000057,18.785535553999978],[100.339623590000201,18.785633684000118],[100.33952684500008,18.78568360800017],[100.339427294000131,18.785734981000076],[100.339261623000198,18.785820484000112],[100.33922067300017,18.785841611000023],[100.338861914000063,18.786026755000023],[100.338736933000121,18.786091256000134],[100.3383833420001,18.786273723000022],[100.33828474000012,18.786324612000101],[100.338113836000161,18.78641280800008],[100.337397781000163,18.786782330000108],[100.337266812000053,18.786834943000144],[100.337115121000068,18.786925364000069],[100.337029516000143,18.787028874999976],[100.336984804000167,18.787140450000095],[100.336965955000153,18.787258370000075],[100.336958830000185,18.787302894000049],[100.336961999000152,18.787704476000044],[100.337024478000103,18.788388430000111],[100.337115595000057,18.789385833000154],[100.337150468000061,18.789546641000129],[100.337373759000116,18.790176517000191],[100.337460463000184,18.790410283000028],[100.337473953000085,18.790446647000181],[100.33748530400004,18.790642700000149],[100.337478655000098,18.790680816000076],[100.337447783000016,18.790857774000187],[100.337303283000153,18.79115667800005],[100.337234882000075,18.79127898400003],[100.336935595000114,18.791814088000081],[100.336771108999983,18.792332635000093],[100.336764032000019,18.792369146000169],[100.336786300000085,18.792777131000094],[100.336796769000159,18.79310095600016],[100.336799272000121,18.793178641999987],[100.336790005000125,18.793243944999972],[100.33676212000006,18.793440412000166],[100.336704312000052,18.793571581000094],[100.336490354000148,18.793797273000109],[100.336197952000077,18.794023509000169],[100.336048676000189,18.794161271],[100.335946167000145,18.794315350999966],[100.335916456000064,18.794389767000098],[100.335898169000075,18.794558014000074],[100.33596829600009,18.795041684000125],[100.336040164000167,18.795304456000054],[100.336090526000078,18.795410745000027],[100.336220871000137,18.795685795000054],[100.336896078000109,18.796745674000078],[100.337057953000112,18.796969918000173],[100.337530768000079,18.797624910000025],[100.337780360000124,18.79798413300017],[100.3382933420001,18.798891963000131],[100.338724891000197,18.799833306000096],[100.338752090000014,18.799896081000043],[100.338865189000046,18.800285578000057],[100.338920239000174,18.800680716000045],[100.338928177000128,18.80073778700006],[100.338922884000112,18.801009264000072],[100.338921418000041,18.801084059000118],[100.338900260000059,18.802166950000128],[100.338906834000056,18.802998127000023],[100.338915160000056,18.803095890000066],[100.338899744000173,18.803517900000145],[100.338978927000085,18.804139663000171],[100.339020045000098,18.804462526000179],[100.33924403300017,18.804981075000171],[100.339320457999975,18.805086618000075],[100.339335419000065,18.80510726600005],[100.339513472000135,18.805300646000035],[100.339905098000031,18.805595288000063],[100.340171658000088,18.805795834000151],[100.34038381300013,18.805955455000117],[100.34113977300018,18.806308700000159],[100.341304661000095,18.806434270000068],[100.34150544900001,18.806587170000114],[100.341505628000164,18.806587303000185],[100.341740711000114,18.806895780000048],[100.341747497000142,18.806911428000092],[100.341994170000078,18.807480344999988],[100.342149078000091,18.807966120000117],[100.342176034000033,18.808050639000101],[100.342268966000063,18.808342074000166],[100.342699119000201,18.809742135000079],[100.342791373000011,18.810006195000085],[100.342840620000118,18.810147168000128],[100.343126313000198,18.810762677000184],[100.343279508000194,18.811092731000087],[100.343595021000112,18.811689742000056],[100.343660275000161,18.811813231000031],[100.34386300500006,18.812196830000062],[100.344603301,18.813260721000063],[100.345060257000171,18.813917408000123],[100.342930541000158,18.815145927000117],[100.342165588000057,18.815645688000131],[100.341071187000182,18.816360671000041],[100.339930158000186,18.817106101000093],[100.339925632000131,18.817109054000071],[100.339438113000028,18.817418753000027],[100.338884584000141,18.817606005000073],[100.338618103000044,18.817675730000076],[100.337990965000017,18.817779344000144],[100.337249347000125,18.817901866000113],[100.33691184800017,18.817957626000123],[100.336479237,18.818158474000029],[100.336217510000097,18.818483940000135],[100.336088466000092,18.818876038999974],[100.33608878400014,18.818916308000041],[100.336109932999989,18.819203788000038],[100.336138951000123,18.819407179000052],[100.33628150800007,18.819632373000047],[100.336454415000105,18.819794559000172],[100.337004837000165,18.820168133000152],[100.337914363000095,18.820593058000043],[100.338136606000091,18.820709388000068],[100.338276140000119,18.820840271000179],[100.338348675000134,18.82108348200012],[100.33835201900007,18.82109470100005],[100.338419293000129,18.821428333000142],[100.33850286,18.821616612000184],[100.338578680000069,18.821734911000135],[100.338660978000121,18.821827523000138],[100.338718433000167,18.821892179000145],[100.338778559,18.821966347000057],[100.339029790000097,18.822173409000129],[100.339581052000085,18.822387149000065],[100.339757454999983,18.822508969000012],[100.339765722000038,18.822517214000072],[100.339795704000039,18.822547089000182],[100.339834898000106,18.822586154000135],[100.339906360000157,18.822657371000048],[100.339990916000033,18.822841406000066],[100.339974058000053,18.823043749000021],[100.33989311900001,18.823316891000104],[100.339691123000193,18.823576491999972],[100.339461504000099,18.82387159600006],[100.339412690000188,18.823959658999968],[100.339183406000188,18.824373312000034],[100.339181980000092,18.824375890000056],[100.339091352000025,18.824676669000155],[100.339094277000186,18.825045927000133],[100.339132738000103,18.825239084000032],[100.339188263000153,18.825435657000071],[100.339390938000122,18.825676362000024],[100.339606044000163,18.825804353000024],[100.339674590000186,18.825840399000185],[100.340063938000071,18.825981867000166],[100.340488158000142,18.826071586000182],[100.340982029000088,18.826147522000099],[100.341905888000042,18.826211218000026],[100.342720677000045,18.826226170000041],[100.343735775000198,18.826244806000147],[100.343749073000026,18.826247083000055],[100.343783803000065,18.826256001000104],[100.344406734000188,18.826415939000185],[100.345271745000105,18.826820002000147],[100.345284210000159,18.826828383000191],[100.345482610000033,18.826961758000152],[100.345822682000119,18.827223593000042],[100.347112960000118,18.828407952000077],[100.347890256000142,18.829311726000071],[100.347327435000182,18.82996064800011],[100.346959188000199,18.830524584000045],[100.346950285000048,18.830540223000185],[100.346876342000087,18.830714538000109],[100.346825399000011,18.831025741000019],[100.34682226000001,18.831072588000097],[100.346819759000084,18.831109956000148],[100.346826345000125,18.831936283000061],[100.346704342000066,18.83287139100014],[100.346763466000141,18.833121212000151],[100.346851337000032,18.833258288000081],[100.34915512800012,18.835035134],[100.349675276000198,18.835482868000156],[100.350433978000069,18.836202736000189],[100.350914189000093,18.836658355000111],[100.35274243300006,18.838058422000074],[100.352843531000076,18.838153220000095],[100.353070847000197,18.838366388000168],[100.353580658000055,18.839076817000034],[100.354457573000047,18.84019982500007],[100.354749292000065,18.840500705000068],[100.355092332000027,18.840753323],[100.35548643400017,18.841043547000083],[100.356175323000059,18.841550840000025],[100.356393792000063,18.841784039000061],[100.356418045000055,18.841818655000054],[100.356665920000069,18.842364233000069],[100.356894708000141,18.842867804000093],[100.357070718000159,18.843169522000039],[100.357463813000095,18.843483433000131],[100.358044617000189,18.843788641000174],[100.35891170300016,18.844244283000023],[100.359409609000124,18.8445380980001],[100.360409554000171,18.84512815000005],[100.360763652000173,18.845337101000041],[100.361972964000017,18.846563186000139],[100.362257528000157,18.846868754000013],[100.362488315000121,18.84711657500003],[100.362872491000132,18.847404613000037],[100.36337116500016,18.847737429000063],[100.363733314,18.848076966000178],[100.363735573000099,18.848079083000073],[100.364014082000153,18.848531544000139],[100.364311726000096,18.849562329000037],[100.364487246000067,18.850564633000033],[100.364381391000109,18.851021742000114],[100.364325195000049,18.851228743999968],[100.364325327000074,18.851245137000035],[100.364326419000179,18.851380234000089],[100.364399745000185,18.851503655999977],[100.364675552000165,18.851710428000047],[100.364906052000094,18.851883241000053],[100.365927969000154,18.852649368000129],[100.366190862000167,18.85295733800001],[100.366225600000178,18.85301687600014],[100.366265138000074,18.853197811000086],[100.366308192000076,18.853330738000182],[100.366281035000043,18.853533299000162],[100.366268707000131,18.853583712000159],[100.366168637000158,18.85378641900013],[100.365764235000086,18.854605571000036],[100.365302531999987,18.855540800000085],[100.365230503000191,18.855686693000166],[100.365071568000076,18.856170329],[100.365016236000145,18.856563607000055],[100.364980966000076,18.857187581000176],[100.365055753000092,18.857993954],[100.365057823000086,18.858016246000091],[100.365030820000072,18.858225387000061],[100.365019037000081,18.858316677000175],[100.364891744000147,18.858675699],[100.36487618100017,18.858700830000089],[100.364830993000169,18.858773799000176],[100.36473911000013,18.858922158999974],[100.364671877000148,18.859002801000088],[100.364506448000043,18.859152662000156],[100.363454273000116,18.859815609],[100.363153153000098,18.860148361000029],[100.363011165000046,18.860479948000034],[100.362984783000172,18.860817722000093],[100.363099878000185,18.861124871000186],[100.363625763000073,18.862002590000031],[100.363749495000036,18.86220910100019],[100.363943244000154,18.863034870000035],[100.364027836000048,18.864722760000063],[100.364029494000192,18.864755844000115],[100.364063239000075,18.864880271],[100.364191866000112,18.865107324000064],[100.364439305000076,18.865331167000022],[100.364653580000152,18.865525011999978],[100.365080331000172,18.865891280000085],[100.36534329300008,18.86620612400003],[100.365425574000085,18.866447677000053],[100.365432210000108,18.866467157000045],[100.365508669000121,18.86697618900007],[100.365657863000195,18.868436614000018],[100.365795714000114,18.869061662000036],[100.365810068000087,18.869099801000118],[100.366170196000041,18.870056448000128],[100.366551109,18.870919135000179],[100.366748714000096,18.871366648000162],[100.366945670000064,18.87172476000012],[100.367064076000077,18.871875601999989],[100.36738230900005,18.872103674000016],[100.367734658000188,18.872253715000113],[100.368208839000033,18.872455649000131],[100.368685733000063,18.872709686000064],[100.369921976000114,18.873368209000148],[100.370838556000137,18.874061747000155],[100.371420073000195,18.874595837000072],[100.372013135000032,18.875342039000031],[100.372652127000151,18.876596047000021],[100.372887902000059,18.87697063100012],[100.374728833000063,18.879011647000084],[100.375510927000107,18.880027970000071],[100.375525015,18.880042584000023],[100.375544510000111,18.880062814000098],[100.375853631000041,18.880383546000132],[100.375992659000133,18.880493312000169],[100.376471870000103,18.880764587000158],[100.376791097000137,18.880972782000072],[100.377111937000052,18.881182029000058],[100.378144366000129,18.881855353000162],[100.379389078000088,18.882849749],[100.381407109000179,18.884363718000145],[100.38142712400014,18.884382064000079],[100.382386170000075,18.885261353000089],[100.383256427000049,18.886289168000133],[100.38395659300005,18.887311178000118],[100.384254009000188,18.88767570400006],[100.38445315700011,18.887895251000032],[100.385220841000034,18.888370099999975],[100.385520792000079,18.888638954000044],[100.385966390000192,18.889301035000187],[100.386123672000053,18.889746229000082],[100.386218223000128,18.890013848000081],[100.386255040000094,18.890204658000073],[100.386439053000117,18.891158324000116],[100.386569278000138,18.892145180000057],[100.386610387000076,18.892292965000138],[100.386709805000123,18.892510597000182],[100.386714859000051,18.892517541000018],[100.386728362000156,18.892536102000065],[100.387012022000192,18.89279128000004],[100.387143427000126,18.892871727000056],[100.387712573000158,18.893220161000102],[100.387775002000069,18.89325745300016],[100.388280917000088,18.893559706000019],[100.388322581000182,18.893592572000102],[100.388371128000188,18.893648507000023],[100.388465833000112,18.893779689000041],[100.38851726200005,18.894027743000095],[100.388515285000153,18.894126497000116],[100.388387648000162,18.89455132400019],[100.388364738,18.894627585000023],[100.388205904000188,18.895444532],[100.388163223000163,18.895966626000074],[100.38817928900005,18.896307207000063],[100.388307243000156,18.896838976000083],[100.388310467000053,18.896852361000072],[100.388342261000048,18.897132768000063],[100.388305842000136,18.897335646000158],[100.388188617000083,18.897729673000185],[100.38818430900011,18.89794356900012],[100.388197419000107,18.898081001000094],[100.388270924000096,18.898318786000175],[100.388350640000112,18.898563654000156],[100.388362932000064,18.898680389000162],[100.388387719000036,18.898915837000061],[100.388355460000128,18.899178183000117],[100.388147697000079,18.900072520000151],[100.388142133000144,18.900441145000173],[100.388144585000191,18.90045415100019],[100.388205951000145,18.900780203000181],[100.388230209000199,18.900909106000086],[100.388279202000035,18.901114249000102],[100.388361108000083,18.901324325000076],[100.388756055000158,18.902337348000117],[100.388826934000065,18.9025959330001],[100.388832083000068,18.902715643000079],[100.388760713000181,18.903345523000155],[100.388796452000065,18.903606046000107],[100.388810045000184,18.903668170000117],[100.38881858100018,18.903707196000141],[100.388859056000058,18.90389224900008],[100.389194709000037,18.904693543000121],[100.3892718150002,18.904896621000034],[100.389434213000129,18.905389042000024],[100.389466953000181,18.90559955700013],[100.389435642000194,18.905976562000149],[100.389426210000124,18.90605582500001],[100.389403452000181,18.906247095000026],[100.389388411000084,18.906510399000183],[100.389384652000047,18.90657622700013],[100.389389200000039,18.906606034000163],[100.389392446000159,18.906627320000155],[100.389440501000138,18.906887033999965],[100.389830305000032,18.90791480300004],[100.390007928000102,18.90831731500009],[100.39008039600003,18.908416042],[100.390122205000068,18.908472996000114],[100.390265582000097,18.908612708000135],[100.39041660200013,18.908710457000097],[100.390858513000012,18.908884696000086],[100.391309986000181,18.909062706000043],[100.391540721000183,18.909213869000041],[100.391645614000083,18.909409661000041],[100.391670818000193,18.909682492000172],[100.391575660000115,18.910230966000086],[100.391346899000098,18.911549433000175],[100.391310606000047,18.911913053000092],[100.391349092000041,18.912404203000051],[100.391549845000043,18.913090714000077],[100.391589928000087,18.91332632000001],[100.391598094000017,18.913374304000115],[100.391622214000051,18.913516090000087],[100.391602521000152,18.91390938800015],[100.391170435999982,18.915657643000088],[100.391088609000064,18.916982006000183],[100.391072709000184,18.917833962000145],[100.39114579500017,18.918346692000114],[100.39124103100005,18.91876097300019],[100.391266960000166,18.919121165000149],[100.391164198000183,18.919479521000142],[100.391124502000082,18.919562180000128],[100.390897958000039,18.919767920000083],[100.390644975000157,18.919997676000094],[100.390433195000185,18.920290486000169],[100.390326286000118,18.920684443000027],[100.390349256000093,18.920977594000192],[100.39036392100013,18.921164675000114],[100.39038368000007,18.921223893000047],[100.390443823000169,18.921404103000043],[100.390457896000044,18.92144628900013],[100.390746408000098,18.922310827000103],[100.390788214000167,18.922515686999986],[100.39086844600007,18.922966487000167],[100.390812559000153,18.924557188000051],[100.390825459000155,18.924836411000172],[100.390983137000035,18.925732247000042],[100.391202883000119,18.926400411000088],[100.391228862000048,18.926452885000174],[100.391436338000176,18.926819065000075],[100.391682499000183,18.927037515000052],[100.392437550000011,18.927534010000159],[100.392554394000115,18.927610843000025],[100.393121724000139,18.927896088000125],[100.393122191000089,18.927896323000027],[100.393745810000098,18.928124421000064],[100.393852442000025,18.928212619000078],[100.394004119000044,18.928427239000087],[100.394197493000092,18.929444078000131],[100.394293689000051,18.929588702],[100.394531837000045,18.929781327000057],[100.394768868000199,18.929894170000068],[100.39476918400004,18.929894253000157],[100.395001853,18.929934958000047],[100.395809133,18.929972151000186],[100.395899426000142,18.929976314000101],[100.396331251000049,18.929961319000029],[100.396506816000112,18.929985121000016],[100.396772524000085,18.930086235000033],[100.39721854000004,18.930359539999984],[100.397536429000127,18.930636077000088],[100.397653731000048,18.930803967000088],[100.397796382000024,18.931008129000134],[100.397920299000077,18.931255674000056],[100.398096106000139,18.931696644000169],[100.398254361,18.93209679500012],[100.398392256000136,18.9323177],[100.398501107000186,18.932424751999974],[100.398704037000073,18.932534843000155],[100.39905907800005,18.932606737000071],[100.399438046000171,18.932636641000045],[100.400336686000117,18.932654887000126],[100.401017963000072,18.932729618000167],[100.401143104000198,18.93276268700015],[100.401526943000079,18.932941709000033],[100.401797811000108,18.933068040000137],[100.402010902000086,18.933216419000019],[100.402625725000064,18.933744244000081],[100.403011838999987,18.933935705000067],[100.403335858999981,18.93398640900017],[100.403668247000155,18.93398389400005],[100.404415777000168,18.934050116000037],[100.404813744000137,18.93415380100015],[100.405216672999984,18.934336199000143],[100.405771277000042,18.934783396000114],[100.406712185000117,18.935679047000065],[100.407146956000133,18.936432929000091],[100.407180390000065,18.936526560000118],[100.407397942000102,18.937135773000136],[100.407414029999984,18.937260881000043],[100.407480238000176,18.937857386000076],[100.407515108000041,18.938366759000019],[100.407523078000168,18.938578804000088],[100.407432603000018,18.939232665000077],[100.407316686000115,18.93962042600009],[100.407221885000183,18.939816927000095],[100.406555345000129,18.940703808000023],[100.405373533000045,18.94211062800008],[100.405278247000126,18.942213],[100.405194800000061,18.942350481000119],[100.405027574000087,18.942625983000028],[100.404846386000202,18.943119343000149],[100.404728234000174,18.943629875000113],[100.404777308000178,18.944008090000068],[100.404840955000168,18.944298829000047],[100.405118340000115,18.944657285000062],[100.405192789000182,18.944728767000072],[100.405296419000194,18.944767698000021],[100.405629133000048,18.944892690000074],[100.406469030000153,18.945014540000045],[100.410342085000082,18.945188977000157],[100.412670078000019,18.945027189000086],[100.413783028000125,18.945028695000019],[100.414578166000183,18.945081365000135],[100.414809709000053,18.9450966980001],[100.415052207000031,18.945135445000176],[100.416091162000157,18.945301433000054],[100.417312860000152,18.945707345000073],[100.418030444000181,18.945945756000185],[100.419123584000033,18.946394384000143],[100.420623717000069,18.946785011000031],[100.421197859000131,18.947017599000105],[100.42184812500011,18.947281025000052],[100.422254030000033,18.947548816000108],[100.422849506000148,18.948035096000183],[100.423386270000151,18.948369668000169],[100.423412879000125,18.948379268000053],[100.423781394000116,18.948512219000122],[100.423885126000187,18.948523594000108],[100.424251259000187,18.948433503000047],[100.424455044000069,18.948295424000037],[100.424612376000141,18.948064338000108],[100.424790416000121,18.947802835000061],[100.425669636000066,18.946511413000167],[100.425732984000149,18.946423254000081],[100.425993735000134,18.946060375000116],[100.426359480000087,18.94568703200008],[100.427094275000059,18.945330337000144],[100.427667444000122,18.945247923000068],[100.428877252000063,18.945316607000052],[100.430399844000078,18.945629543],[100.430889313000193,18.945730134000087],[100.431148551000149,18.945809065000105],[100.432451013000104,18.946205624000186],[100.433132375000127,18.946299176000082],[100.433435204000091,18.946290958000134],[100.433815051000124,18.946129943000017],[100.433923284000116,18.946053391000078],[100.434509351000202,18.945638879000057],[100.434687038000106,18.945513204000065],[100.435057201000063,18.945397970000158],[100.435227304000193,18.945400599000095],[100.435748970000191,18.945408665000059],[100.436040959000081,18.945414268000036],[100.437135239000042,18.945435251000106],[100.437171087000195,18.94543593800006],[100.437759962000143,18.945390739000175],[100.438244635,18.945276957000146],[100.438482215000136,18.945161615000018],[100.438576774000069,18.945134348000181],[100.439474935000192,18.944711341000072],[100.441071752000084,18.944452384000044],[100.441913273000125,18.944221103000189],[100.442652196000097,18.943830096000056],[100.443238609000048,18.943360006000091],[100.445612425000149,18.940837327000168],[100.446352854000054,18.940069651000044],[100.44758204600015,18.93879519900014],[100.44965379100006,18.936753330000045],[100.450714082000104,18.935789125000099],[100.451405748000127,18.935213294000164],[100.451544437000166,18.935140336000131],[100.452056031000041,18.934911788000079],[100.45271207900015,18.934697966000158],[100.453688069000066,18.934553119000157],[100.454156772000033,18.934690156000045],[100.454739309,18.935037913000144],[100.455192269000179,18.935398212000166],[100.455655184000193,18.93587962600003],[100.455858476000174,18.936266933000013],[100.456295039000111,18.938158897000051],[100.456642030000125,18.939175216000024],[100.457559507000099,18.941222719999985],[100.457924576000039,18.941819144000135],[100.458248693000144,18.942208991000143],[100.458580729000062,18.942488652000122],[100.459351017000188,18.942899488000023],[100.462398382000174,18.944138269000064],[100.46456617400014,18.945105708000085],[100.467837402999976,18.946214208000185],[100.468271328000128,18.946350616000075],[100.470228293000105,18.946965780000028],[100.471806502000049,18.947688529],[100.472829387000047,18.948332934000121],[100.473338093,18.948783442000092],[100.473530235000112,18.948953602000188],[100.473805808000066,18.949144041000011],[100.474012231000188,18.949251299000025],[100.474315551000075,18.949308561000123],[100.476509532000136,18.949323713000126],[100.477653888000134,18.949464623000097],[100.479748171000153,18.950048019],[100.480856761000041,18.950601759],[100.481286424000132,18.950959061000106],[100.48153825300011,18.951168477000181],[100.482166578000147,18.951838310000085],[100.482487027000104,18.952303448000066],[100.482650657000136,18.95287530000013],[100.48265592600012,18.95347163200006],[100.482607211000072,18.954014275000134],[100.482254962000184,18.954993029000093],[100.48192842200018,18.955900338000106],[100.481022849000112,18.957876000000169],[100.480806860000087,18.95834720300013],[100.480267996000066,18.95972547000008],[100.480274532000067,18.960466076000046],[100.480300273000182,18.960744377000083],[100.480433904000108,18.961871091000035],[100.481202800000176,18.965651985000079],[100.481297624000035,18.965933612000185],[100.481396950000033,18.966130124000074],[100.48161021300001,18.966362435000065],[100.48190050400018,18.966497636000099],[100.482291466000163,18.966611668000155],[100.482444352000016,18.966624555000067],[100.483189351000135,18.966618592000032],[100.483235339000032,18.966618223000069],[100.484650050000084,18.966579414000137],[100.484959752000123,18.966638856000088],[100.485082879000117,18.966694438000047],[100.485538072000054,18.966971708000074],[100.485972919000062,18.967416298000103],[100.486386216000028,18.967752161000078],[100.486555122000141,18.967889429000081],[100.486863676000098,18.968077852000135],[100.487088819000178,18.968177109000067],[100.487407878,18.968219468000143],[100.48871225900001,18.968376506000141],[100.488873259000059,18.968421055000022],[100.489087101000166,18.968576547999987],[100.489360647000012,18.968810166000139],[100.489465877000043,18.968903679000164],[100.489674357000069,18.9691817530001],[100.489724840000065,18.969288462000122],[100.490023584000085,18.969919880000134],[100.490328632000114,18.972031483000137],[100.490383626000039,18.972412115],[100.490671554000073,18.973319495000112],[100.490927070000055,18.973736677000034],[100.491270757000166,18.974141331000112],[100.491466789000015,18.974256371000024],[100.492399171999978,18.974743822000107],[100.492510364000168,18.974801954000156],[100.493065561000151,18.975291577000064],[100.493273938000073,18.975458199000172],[100.494159290000141,18.976166138000053],[100.494653399000072,18.976512499000023],[100.49492957700005,18.976673989000062],[100.495111349000126,18.976753663000068],[100.496197535000135,18.977063011999974],[100.496690034000096,18.977223916000128],[100.497117846000151,18.977399812000158],[100.497857301000124,18.977873086000045],[100.498463898000182,18.978484907000109],[100.498971626000071,18.979238063000082],[100.499346295000066,18.98023664700014],[100.499637237000172,18.981250756000065],[100.500092978000112,18.98332643700013],[100.500418605000164,18.984711520000076],[100.500542164000137,18.985099404000039],[100.500923213000135,18.986142515000097],[100.500939455000093,18.986428581000155],[100.500969404000159,18.98695617400017],[100.50101509000001,18.987714327000106],[100.50106095100017,18.988490985000055],[100.501126336000198,18.988887483000042],[100.501158930000202,18.989048105000165],[100.501237834000165,18.98930762700013],[100.501316459000179,18.98953594000011],[100.501416869000138,18.98975366500008],[100.501604322000105,18.989918650000163],[100.501912384000036,18.990113877000056],[100.502318990999981,18.990318705000107],[100.502692593000177,18.990502992000188],[100.503055264000068,18.990687369000057],[100.503397453000048,18.991028006000136],[100.50359771900014,18.991401017000157],[100.503817391000155,18.992242751000163],[100.504012662000093,18.992837395000151],[100.504017342000111,18.992851648],[100.504250687000138,18.993456225000045],[100.504436207000197,18.994013786000039],[100.504518485000119,18.994512633000056],[100.504523141000107,18.995030611000061],[100.504506021000111,18.995289763000017],[100.50437238100011,18.995568356000092],[100.504121391000126,18.995773907000114],[100.503780672000062,18.995936823000079],[100.503385041000115,18.996075905000055],[100.502724817000171,18.99619227],[100.502142051000135,18.996271007000018],[100.502073336000194,18.996283690000098],[100.501617797000051,18.996367764000126],[100.501112986000123,18.996464366000168],[100.500433473000157,18.996599382000113],[100.499754298000141,18.996771396000156],[100.49919163900006,18.996923962000153],[100.498629146000155,18.997095026000125],[100.498468479999985,18.997142765000035],[100.497963719000097,18.997222954000051],[100.49750742700013,18.997278373000086],[100.497040077,18.99731319600005],[100.496583601000111,18.997347924000053],[100.496257901000149,18.997412632000078],[100.495954141000084,18.997497851000105],[100.495618395000179,18.997655746000135],[100.495602656000187,18.997664234000126],[100.495326157000136,18.997813294000025],[100.495066446000067,18.997960229],[100.494796507000046,18.998179665000066],[100.494548138000198,18.998378238000043],[100.494223543000032,18.998567081000147],[100.493823097000131,18.998787568000182],[100.493443942000113,18.998956151000186],[100.493032252000148,18.999135352000167],[100.492750701000034,18.999272113000188],[100.492414764000046,18.999409319],[100.492056988000115,18.999536351000017],[100.49155820500016,18.999705901000027],[100.491157198999986,18.999864316000071],[100.490734262000103,19.000002218000134],[100.490441183000087,19.000066649000019],[100.49012653200009,19.000151947000177],[100.489757515000179,19.00023768900013],[100.489377703,19.000333856000054],[100.489008497000043,19.000398900999983],[100.488639563000049,19.00049497700013],[100.488311933000148,19.0006234],[100.488043813000161,19.000768756000127],[100.487627667000197,19.000994677000108],[100.487307779000162,19.001167806000126],[100.487101974000097,19.001262568000129],[100.486852488000068,19.001336994000098],[100.486625203000187,19.001462962],[100.486462810000148,19.001547037000137],[100.486300508000056,19.001641449000147],[100.486046061000081,19.001761093000084],[100.485895115000176,19.001814675000048],[100.485739824,19.001894486000026],[100.48561664000016,19.001974039000118],[100.48547499200015,19.002040647000115],[100.485342289000073,19.002080993999982],[100.485195816000157,19.002121448000139],[100.485081309000179,19.002144187000169],[100.484916367000039,19.002171700000019],[100.484728413000084,19.002190668000026],[100.484545160000152,19.002222689000064],[100.484384850000197,19.00225453000013],[100.484261162000053,19.002277343000173],[100.484100732000115,19.002296084000022],[100.483931210000151,19.00232363300006],[100.483752501000197,19.002351260000125],[100.483546315000183,19.002383462000125],[100.483326356000191,19.002415776000134],[100.483143064000103,19.002443434000156],[100.48293228100016,19.002475679000042],[100.48272612500017,19.002512245000048],[100.482529147000037,19.002548740000123],[100.482322991000046,19.002585308000164],[100.482148915000039,19.002617258000157],[100.481947344000105,19.002653788000146],[100.481791544000032,19.002676858000086],[100.481562294000071,19.002696155000024],[100.481328377000182,19.002706756000066],[100.481186223000122,19.002716621000104],[100.481039485000053,19.002726528000096],[100.48085912200014,19.002703456000177],[100.480781546000117,19.002686895000124],[100.48067807100017,19.00266071599998],[100.480530600000122,19.002620162000028],[100.480464081000036,19.002604641000062],[100.48037797500001,19.002590622000071],[100.480243178000137,19.002573184000028],[100.480144056000142,19.002553918000046],[100.480023845000062,19.002534818000072],[100.479921527000101,19.002521749000152],[100.479843476000156,19.002500770999973],[100.479788148000182,19.002481157000148],[100.479742461000058,19.002450660000022],[100.479700038000146,19.00242322400004],[100.479670581000107,19.002394144000164],[100.479654187,19.002374214000099],[100.479645883000046,19.002352679000182],[100.479639125000176,19.00232187],[100.479627211000093,19.002258700000141],[100.479615406999983,19.002207880000185],[100.479607006000094,19.002175540000167],[100.479597004000141,19.002144762000114],[100.479577263000067,19.002114058000075],[100.479567724000049,19.002102171000047],[100.479521756000167,19.00207438700005],[100.479471804000127,19.002048443000035],[100.479433043000199,19.002032870000107],[100.479381451000165,19.002012133000051],[100.479330123000182,19.001985930000103],[100.47930210300018,19.00197586600018],[100.479214975000104,19.001964545000021],[100.479214078000098,19.001964526000108],[100.47918269600018,19.001965627000118],[100.479009912000095,19.001981743000044],[100.478911843000049,19.001982527000109],[100.478831904000117,19.00199053200015],[100.478756315000169,19.001998330000106],[100.478663601000108,19.002008618000048],[100.478621136000072,19.002021689000173],[100.478595698999982,19.002034617000163],[100.478578771,19.002046327000073],[100.478564310000138,19.002061488000152],[100.478552274000037,19.002076628000168],[100.478539074000196,19.002097565000042],[100.478530794000051,19.002124246],[100.478523801000108,19.002159021000125],[100.478520455000194,19.002193767000165],[100.478518330999975,19.002228503000026],[100.478517433000093,19.002264389000175],[100.478512973000079,19.002310712000167],[100.478508509000051,19.002355882000188],[100.478503947000036,19.002390637000133],[100.478496924000069,19.002421938000111],[100.47848738800019,19.002444003999983],[100.478479034000031,19.002462588000128],[100.478465847000109,19.002484677000098],[100.478450183000064,19.002502165000124],[100.478429670000196,19.002520848000131],[100.478406672000062,19.002534920000073],[100.478380055000116,19.002551333000099],[100.478347350000149,19.002567795000061],[100.478301326000064,19.002591308000092],[100.478248011000176,19.002616035000131],[100.47820800900007,19.002632555000048],[100.478166776000137,19.002647933999981],[100.478102443000068,19.002664649000053],[100.47806238000004,19.002674226000067],[100.478041707000159,19.002675547000081],[100.478011242000036,19.002670009000155],[100.477995723000106,19.0026616560001],[100.477975734000154,19.002644830000122],[100.477948736000201,19.002618427000129],[100.477920529000073,19.002593193],[100.477897669000185,19.002570955000124],[100.477889849000064,19.002563351000049],[100.47786778699998,19.002545007000094],[100.477844514000139,19.002526681000177],[100.477817603000119,19.002510689000133],[100.477778551000085,19.002497113000061],[100.47772658800011,19.002486567000062],[100.477723704000084,19.002485983000042],[100.477656639000088,19.002469160000146],[100.477620028,19.002456721999977],[100.477590722000059,19.002444226000023],[100.477561360000152,19.00242594600013],[100.477535631000023,19.00240531999998],[100.477513559000158,19.002385821000075],[100.477486587000101,19.002362892000065],[100.477447382000094,19.00233195900006],[100.477410624000072,19.002302164000184],[100.477388531000145,19.00228035300006],[100.477371310000024,19.002259659000117],[100.477350344000058,19.002227420000054],[100.477329419000057,19.002199816000029],[100.477312182000105,19.002176810000094],[100.477291325000067,19.002157301000182],[100.477272927000172,19.002140085000178],[100.477243584000121,19.002124119000086],[100.477209451000078,19.002116291000164],[100.477178349000155,19.002111872000057],[100.477121360000126,19.002112327000191],[100.477062175000128,19.002127994000148],[100.476996158000077,19.002145884000015],[100.476925718000132,19.002179005000187],[100.476889383000071,19.002198831000044],[100.476853125000048,19.002227331000086],[100.476816909000092,19.002260179000189],[100.476780900000051,19.00231689900005],[100.476754076000134,19.002380054000071],[100.476724930000046,19.0024388920001],[100.476693412000088,19.002486889000068],[100.47663681,19.002537262000089],[100.476582361000055,19.002572425000039],[100.47651638200017,19.002594659000124],[100.476448027000117,19.002606056000104],[100.476377354000022,19.002613128000121],[100.47629289300005,19.002609460000031],[100.476194689000124,19.002598367000076],[100.476085463000118,19.002561571000058],[100.475814742000011,19.002471015000026],[100.475611683000182,19.002401319000114],[100.475416185000199,19.002338689000112],[100.475183075000075,19.002262097000141],[100.474889863000158,19.002171719000103],[100.474701859000049,19.00210902900011],[100.474521422000123,19.002053412],[100.474333737000165,19.002026381000178],[100.474161171000105,19.002013491000184],[100.474018787000034,19.002021755000158],[100.473956541,19.002043480000111],[100.4738694670001,19.002094265000096],[100.473805356000071,19.002139122000187],[100.47375051400013,19.002209329000038],[100.473639556000194,19.002381379000042],[100.473558278000041,19.002517539000166],[100.473469444000159,19.002646620000064],[100.473365668000099,19.002782959000058],[100.473276771000087,19.002904905000037],[100.473120831000188,19.003077316000031],[100.47297207600019,19.003214013000047],[100.472770775000129,19.003343990000019],[100.472584095000173,19.003431064000154],[100.472329935000118,19.003518673000031],[100.472150498000076,19.003577155000073],[100.471925888000158,19.003614601000152],[100.471716025000092,19.003623407000134],[100.47146854500005,19.003618241000083],[100.471167889000071,19.003626641000096],[100.471016032000193,19.003596506000179],[100.470870651000155,19.00355377600016],[100.470711601000119,19.003454734000172],[100.47052552800011,19.003280676000145],[100.470359114000189,19.003093918000161],[100.470186221000176,19.00291975500005],[100.470046609000178,19.002782938000166],[100.469867289000092,19.002627635000181],[100.469628600000135,19.00246652800007],[100.469449610000083,19.002348833000042],[100.469244487000083,19.002256426000145],[100.469006623000098,19.002189352000073],[100.468719189000126,19.002158236000184],[100.46850486500017,19.002208574000065],[100.468188698000176,19.002308365999966],[100.467974461000153,19.002368435000051],[100.467698774000155,19.002419259000192],[100.467433143000108,19.002450554],[100.46708578900018,19.002492223],[100.466840691000129,19.002533078000113],[100.466564753000057,19.002554723],[100.466206995999983,19.002577014000167],[100.465859386000034,19.002589501000045],[100.465531795000174,19.002553184000135],[100.465183588000059,19.002497570000173],[100.464937644000145,19.002441150000152],[100.464538386000129,19.002395675000173],[100.46425213200007,19.002407671000128],[100.463904350000064,19.002400695000063],[100.463618182000062,19.002422414000023],[100.46341390900011,19.002453212000034],[100.463169152000035,19.00253297800009],[100.46284690300007,19.002662404000148],[100.462726427000064,19.00273632700015],[100.46263414100008,19.002802343999974],[100.462533781000104,19.002868424000155],[100.462429115000134,19.002903819000153],[100.462284042000135,19.002935691000118],[100.462163027000145,19.002948165000078],[100.462033871000131,19.002953029000139],[100.461840085000063,19.002954561000081],[100.461674494000135,19.002948187000072],[100.461561283000094,19.002929882000046],[100.461484205000147,19.002888244000189],[100.461394748000089,19.002815985000154],[100.461313500000131,19.00275901800012],[100.461264818000188,19.002732520000052],[100.461187947000155,19.002713925000023],[100.461078842000063,19.002703265000036],[100.460965900000133,19.002715679],[100.460832841000069,19.002735932000178],[100.460711990000107,19.002767611000024],[100.460599249000097,19.002803063000158],[100.46045825200008,19.002838739000083],[100.460292857000127,19.00285541300002],[100.460070814000176,19.002857166000069],[100.45999675700017,19.002856490000056],[100.459844694000083,19.002855112000077],[100.459650977000138,19.002864319000082],[100.459546206000084,19.002888186000177],[100.45945772400006,19.00292729],[100.459401609000111,19.002973819000033],[100.459333608000065,19.003047321000111],[100.459269717000041,19.003128478000178],[100.45920195500014,19.003228864000107],[100.459140105000131,19.003313201000083],[100.459033520000105,19.003436936000071],[100.458878440000092,19.003555937000101],[100.458717977000049,19.003674979000152],[100.458535982000171,19.003794184000185],[100.458375206000198,19.003877386000113],[100.458225067000114,19.00394513700013],[100.457983545000047,19.00402896900016],[100.457833491000031,19.004106961000048],[100.457780638000202,19.004220030000056],[100.457765560000041,19.004343043],[100.457756225000026,19.004506979000098],[100.457752087000074,19.00465038800013],[100.457747866000147,19.004783558000156],[100.457744270000035,19.004988409000134],[100.457745520000117,19.005131775000109],[100.457730211000012,19.005229191000126],[100.457667138000033,19.005403789000013],[100.457581763000178,19.005491512000106],[100.457447814000034,19.005564254000092],[100.45727613400004,19.005632179000088],[100.457125900000051,19.005689687000086],[100.456964765000123,19.005731922000109],[100.456857415000115,19.005768611],[100.456755851000082,19.005851343000131],[100.456659937000097,19.005964751000079],[100.456580261000113,19.006088272999989],[100.456473718000098,19.006217127000184],[100.456361826000034,19.006351146000156],[100.456260261000068,19.006433873000162],[100.456110383000123,19.006532345000153],[100.455987285000049,19.006615248000173],[100.455864184000063,19.006698146000076],[100.455788188000042,19.006740726000089],[100.455714083000032,19.006771016000073],[100.455574482000088,19.006813077000118],[100.455414100000155,19.006864907000136],[100.455334307000044,19.00689320400005],[100.455256864000091,19.006917346000137],[100.455218662000163,19.006946385000106],[100.455188816000145,19.006988419000038],[100.455167273000086,19.007038229999978],[100.455170589000147,19.007103516000086],[100.455179440999984,19.007173990000013],[100.455199531000062,19.007273114000043],[100.455236008000156,19.007361649000188],[100.455286105000141,19.007437022000147],[100.455333390000021,19.007504580000045],[100.45539692300008,19.007545881000169],[100.455474118000154,19.007579235000094],[100.455529162000062,19.007591866000155],[100.455597826000087,19.007591326000124],[100.455674594000016,19.00757504600017],[100.455778511000176,19.007521974000042],[100.455835983000156,19.007498013000088],[100.455896270000096,19.007481860000098],[100.455942913000115,19.007476268000175],[100.455986906000135,19.007481146000032],[100.456052980000095,19.007498916000088],[100.456102647000193,19.007524650999983],[100.456163390000142,19.007560747000127],[100.456193942000198,19.007599695000181],[100.456219072000124,19.00764652600003],[100.456233301000168,19.007703889000084],[100.456217554000034,19.007787618000179],[100.456195328000149,19.00787302800012],[100.456149914000093,19.007981174],[100.456102403000159,19.008089075000157],[100.456038829000079,19.008207352000113],[100.455991316000109,19.008315260000131],[100.455940341000087,19.008442952000053],[100.455876569000111,19.008522521000145],[100.455850615000145,19.00854816500015],[100.455793369000162,19.008598257000187],[100.455758051000089,19.00864295000008],[100.455741956000111,19.008687488000021],[100.455753356000173,19.008734427000093],[100.455775687000141,19.008776049000176],[100.455811778,19.008820183000068],[100.455869887000119,19.008869367000045],[100.455938918000072,19.008910627000091],[100.456005382000058,19.008972804],[100.456080019000069,19.009027077000155],[100.456143734000136,19.009089282000048],[100.456207472000074,19.00915409400011],[100.456254730000069,19.009219034000125],[100.456294006000121,19.009312782000052],[100.456319197000141,19.009367450000184],[100.456347101000176,19.009416870000166],[100.456385846999979,19.009450528000116],[100.456430039999987,19.009478918000127],[100.45649602900005,19.009486234000065],[100.456581219000157,19.009490793000168],[100.456702021000069,19.009484612000108],[100.456819966000126,19.009465398000088],[100.456932456000175,19.009451445000082],[100.457017585000017,19.009448162000069],[100.45710009000004,19.009460581000155],[100.457212838000146,19.009475363000092],[100.457347514000048,19.009484757],[100.457501229000115,19.009473090000029],[100.457652334000045,19.009477122000192],[100.457836611000118,19.009504408000112],[100.458015433000185,19.009536960000162],[100.458290187000159,19.009614249000037],[100.458539320999989,19.009716455000159],[100.458722623000085,19.009805283000048],[100.458891508000079,19.009915067000065],[100.459082292000062,19.010024676000171],[100.459229285000049,19.010134632000018],[100.459361659000194,19.010244703000183],[100.459523374000185,19.010368430000028],[100.45962691,19.010520393000093],[100.459671751000087,19.010638098000129],[100.459724611000183,19.010839071000134],[100.459755457000085,19.011026337000033],[100.459772291000036,19.011283156000047],[100.459781410000176,19.011491417000116],[100.459797838000156,19.01169963000001],[100.459814136000034,19.0118939460001],[100.459873993000144,19.012060142],[100.459970604000034,19.012253834000035],[100.460052120000057,19.01239208100003],[100.460125981000033,19.012488726000129],[100.460207073000163,19.012578358999974],[100.460354302000155,19.012716088000104],[100.460493807000091,19.012805268000022],[100.460655040000177,19.012873446000185],[100.460867245000088,19.012927322],[100.461124538000149,19.012987909000117],[100.46115258400016,19.012994517000152],[100.461481372000151,19.013019694000036],[100.461729473000162,19.013003836000109],[100.461941262000039,19.013009105000094],[100.462102061999985,19.013028675000157],[100.462284823000118,19.013055006000116],[100.46246083,19.013143897000077],[100.462681075000035,19.013281045000042],[100.462798862000113,19.013391220000187],[100.462938794000138,19.013529005000123],[100.463005712000154,19.013667376000114],[100.463036138000177,19.013806027000157],[100.463104211000029,19.014076328000044],[100.463156285000082,19.014187022000158],[100.463273952000179,19.014283317000036],[100.463494260000061,19.014427409000064],[100.463684749000151,19.014502295],[100.46394137600015,19.014625267000099],[100.464234263000094,19.014720174000047],[100.464365862000079,19.014739964000057],[100.464489797000113,19.014718149000146],[100.46460637000007,19.014689440000154],[100.464781042000141,19.014625559000081],[100.464904307000154,19.014527356000031],[100.465034873000093,19.014429094000093],[100.465202000000147,19.014337495000063],[100.465376672000048,19.014273613000114],[100.465529503000198,19.014216840000131],[100.465675338000096,19.014194851000184],[100.465828656000156,19.014193635000083],[100.466018841000164,19.014233792000084],[100.466143626000076,19.014309197000046],[100.466202952,19.014412889000084],[100.466240429000038,19.014523706000091],[100.466322691000073,19.014745284000128],[100.466368564000049,19.014981030000115],[100.466414385,19.015209840000011],[100.46644564900015,19.015445711000098],[100.466447232000178,19.015626263000115],[100.466434336000191,19.01582081000015],[100.466379674000109,19.015938977000076],[100.466369850000149,19.015960214000131],[100.466284436000194,19.016210898000111],[100.466170289000104,19.016517364000038],[100.466012722000073,19.016865838000115],[100.465948591000199,19.017046912000183],[100.4659066050001,19.017255586000033],[100.465908431000059,19.017463905000113],[100.465931438000098,19.017588726000042],[100.465961979000099,19.017741264000051],[100.466028729000072,19.017858794000176],[100.466117189000101,19.01795531800019],[100.466257187000167,19.01810004400005],[100.466455591000056,19.018244305],[100.466675541000143,19.018346731000122],[100.466946351000161,19.018420967000054],[100.467172993000077,19.018453897000143],[100.46741416500015,19.018479759000115],[100.467750315000046,19.01851181100011],[100.468035067000187,19.0185095490001],[100.468246731000136,19.018500924000023],[100.468465585000104,19.018478353000035],[100.468713204000096,19.018406935000144],[100.468902305000199,19.018322102000127],[100.469025265000028,19.018189178000171],[100.469177610000145,19.018076852000092],[100.469204439000123,19.018048209000142],[100.469387383000139,19.017852955000137],[100.46951825300016,19.017789417000017],[100.469664274000081,19.017788256000017],[100.469802932000164,19.017780208999966],[100.469941774000119,19.017792993000171],[100.470059263000167,19.017868453000176],[100.470170001999975,19.018006455000034],[100.470266436000145,19.018179308000072],[100.47034171100006,19.018435660000137],[100.470402567000122,19.018712958000151],[100.470485317000055,19.018990083000062],[100.470545380000146,19.019177105000097],[100.470605495000029,19.019371080000099],[100.47070966800004,19.019592472000113],[100.470806653000182,19.01982781800001],[100.470911071000103,19.020076994000021],[100.470972104000111,19.020375123000122],[100.471063998000091,19.020860515000152],[100.471101846000181,19.021012994000046],[100.471168907000106,19.021165240000016],[100.471243135000066,19.02130353900003],[100.471331608000185,19.021400062000112],[100.471434623000107,19.02148952400006],[100.471618066000076,19.02159222500012],[100.471815990000096,19.021680931000162],[100.472050182000146,19.021741571],[100.472335356000087,19.021787908000022],[100.472554754000157,19.021827826000163],[100.472986023000033,19.021879941000122],[100.473373286000196,19.021911583000076],[100.47359981000011,19.021930609000037],[100.473870200000079,19.021956229000182],[100.474108934000128,19.022014219000027],[100.474382635000097,19.02210492100005],[100.474521970000183,19.022173259000056],[100.474683698000092,19.022296971000117],[100.474786705000156,19.022386423000057],[100.474977585000147,19.02250296700015],[100.475109681000049,19.022578298000042],[100.475344049000057,19.022659765000128],[100.475556587000085,19.022748341000181],[100.475768879000043,19.02280915200015],[100.475944413000036,19.02284247100016],[100.476088306000122,19.022909897000034],[100.47618645100016,19.02296553900004],[100.476311554000119,19.023075655000071],[100.476539676000129,19.023275220000187],[100.476782644000195,19.023502452000116],[100.47691529400015,19.023640283000077],[100.477040389000081,19.023750397000128],[100.477170051000201,19.023859602000016],[100.477324251000141,19.023957333000055],[100.477462170000081,19.02407081299998],[100.477638734000152,19.02422045000003],[100.477727127000094,19.024308279000138],[100.477804665000122,19.024406623000061],[100.477893250000079,19.024515291],[100.47800944300019,19.024649776000047],[100.478092869000136,19.024794953000082],[100.478193646000022,19.025044143000059],[100.478233600000181,19.025226126000121],[100.478278786000146,19.025382011000147],[100.478302117000055,19.025543284999969],[100.478303499000162,19.025699530000054],[100.478303511000149,19.025700889000063],[100.4782982440002,19.025753660000078],[100.478292388000057,19.025819522000177],[100.478292727000166,19.025857787000064],[100.47829627100009,19.025894491000088],[100.478306118000091,19.0259158450001],[100.478320748000101,19.02593256200015],[100.478351527000029,19.025955275000115],[100.478510283000048,19.026034819000131],[100.478602756000157,19.026098182000169],[100.478817332000119,19.026211054999976],[100.478993622000132,19.026329432000125],[100.479153632000077,19.026463574],[100.479357437000147,19.026597357000128],[100.479533775000164,19.026720948000161],[100.479581673000041,19.026745958000106],[100.479618878,19.026767083000152],[100.4796577420002,19.026794328],[100.479687025000089,19.026829299000156],[100.479703396000104,19.026861312000051],[100.479723090000107,19.02690401000001],[100.479737774000114,19.026926851000042],[100.479760606000184,19.026960348000102],[100.479791468000087,19.026992236000069],[100.479815782000173,19.027011947000176],[100.479830453000034,19.027033253000184],[100.479842543000132,19.027058550000049],[100.479843574000142,19.027060703000132],[100.479850684000041,19.027092553000102],[100.479851253000163,19.027103419000127],[100.4798547850001,19.027153375000125],[100.479858173000196,19.02718716000004],[100.479854017000036,19.027241590000074],[100.479846705000114,19.027288695000152],[100.479837972000041,19.027349038000068],[100.479830677000052,19.027399083000034],[100.479812667000147,19.027459508000163],[100.479802345,19.027515454000024],[100.479787318000092,19.027564094000127],[100.479772218999983,19.027605376000167],[100.479756997000152,19.027631961000111],[100.479741764000039,19.027657079999983],[100.479720420000092,19.027691061000041],[100.479705238000065,19.027722057000119],[100.479693184000155,19.027757439000027],[100.479687530000035,19.027817766000169],[100.479677390000063,19.027894294000077],[100.479667054000117,19.027948774000151],[100.479655040000182,19.027988566999966],[100.479633671000101,19.028019612000151],[100.479610695000133,19.028043319000062],[100.479584622,19.02806705100005],[100.479552318,19.028084949000117],[100.479487646000166,19.028113402000088],[100.479419818000054,19.028134530000045],[100.4793473430002,19.028155687000151],[100.479299532000084,19.028167841000084],[100.479250132000061,19.028175584999985],[100.479203740000116,19.028173010000046],[100.479146391000086,19.028155831000163],[100.479109136000147,19.028138483000134],[100.479081158000099,19.028121068000189],[100.479054630000064,19.028093345000116],[100.479040489000056,19.028066997000053],[100.479023198000107,19.02803478900006],[100.479010403000018,19.02798637900014],[100.47900772700018,19.027973412000051],[100.479000710000037,19.027939410000101],[100.478983028000187,19.027863095999976],[100.478951154000185,19.027754566000056],[100.478935325000066,19.027713522000056],[100.478910307000092,19.027681384000061],[100.478877470000157,19.027639003],[100.478838454000083,19.027596689000063],[100.478801094000062,19.027555932000155],[100.478791623000063,19.027545605000114],[100.478738679000116,19.027501920000134],[100.478685787000188,19.02746412],[100.478614341000139,19.027426468000101],[100.478550737000035,19.027400516000057],[100.478494938000097,19.027383316000055],[100.478437667000094,19.02737495000008],[100.478363392000063,19.027366730000153],[100.478281429000106,19.027362973999971],[100.478197955000155,19.027363642000068],[100.478139252000176,19.027368523000177],[100.478057493000051,19.027386815999989],[100.477995844000191,19.027407894000135],[100.477949651000188,19.027428849000046],[100.477925062000054,19.027445211000156],[100.477900525000052,19.027467466000132],[100.477879116000111,19.02749409900008],[100.477851576000148,19.027525192000098],[100.477831811000044,19.02756357300018],[100.477816707000045,19.027603392000174],[100.477809317000151,19.027641674000165],[100.47780192700003,19.0276799560001],[100.477799267000194,19.027728499000148],[100.477800291999984,19.027733175000151],[100.47780892500009,19.027772521000031],[100.477820050000048,19.027806253000165],[100.477837341000168,19.027838453000186],[100.477853030000119,19.027864789000034],[100.477881150000144,19.027898385000128],[100.477921042000048,19.027941106000071],[100.47798492700008,19.027995495000027],[100.478031883000085,19.028027263000183],[100.47807554000002,19.0280498730001],[100.478109552000035,19.028074095000136],[100.47813710000014,19.028095298000039],[100.478146978000098,19.028121239000143],[100.478156933000093,19.028154839000081],[100.478162118000114,19.028194592000034],[100.478157772000088,19.028249729000095],[100.478143751000118,19.028301883000154],[100.47812633500007,19.028334166000036],[100.478102427000067,19.028360378000116],[100.478067287000158,19.028391275999979],[100.478065702000094,19.028392497000027],[100.478035322000096,19.028416026000059],[100.477985715000159,19.028448558000093],[100.477948902000037,19.028471810999974],[100.477915309000196,19.02849503900012],[100.477893096000059,19.028530422000131],[100.477877299000056,19.028564228000107],[100.477864759999989,19.028602588000069],[100.477849031000062,19.028644043000043],[100.477831953000077,19.028714590000106],[100.47781631700019,19.02876676600016],[100.477805691000185,19.028838789000133],[100.477796643000147,19.028907737000168],[100.477782744000137,19.028973663000102],[100.477776900000038,19.029041060000111],[100.477780580000172,19.029093072000137],[100.47779219500012,19.029132773000129],[100.477815012000178,19.029164734000062],[100.477855572000124,19.029201151000109],[100.477891203000183,19.029226886],[100.477928516000134,19.029260259000012],[100.477959283000132,19.029281444000105],[100.478004544000044,19.029304041000103],[100.478045010000187,19.029329738],[100.478095158000087,19.029358419000175],[100.478133954999976,19.029378005000183],[100.478174311000146,19.02939146500006],[100.478227535000087,19.029404812],[100.478341949000139,19.029420732000062],[100.478453130000048,19.029435142000011],[100.478583191000041,19.029457766000121],[100.478824374000169,19.02948188199997],[100.479104028000052,19.029521308000028],[100.479350948000047,19.029588675000014],[100.479663650000191,19.029636623000101],[100.479846751000139,19.029687480000121],[100.48011932300011,19.029763181000078],[100.480237790000047,19.029801884000165],[100.480351302000031,19.029861530000119],[100.480406067000047,19.029907353000112],[100.480469565000135,19.029969438000023],[100.48054481700018,19.030066793000174],[100.480599760000189,19.030131656000094],[100.48064623200014,19.030210201000102],[100.480695691000051,19.0303023190001],[100.480725170000085,19.030400050000083],[100.480746164000038,19.030508720000057],[100.480755397000166,19.030582118000098],[100.480761820000112,19.030660985000111],[100.480754575000105,19.030761630000029],[100.480742165000152,19.03083112700017],[100.480678108000063,19.03101913900008],[100.480596132000073,19.031295787000033],[100.480588433000037,19.03136620700019],[100.480596785000046,19.031399820000047],[100.480609788000095,19.031415024000069],[100.480630897000196,19.031436278000058],[100.480651989000137,19.03145448000015],[100.480713320000177,19.031473886000128],[100.480779409000036,19.031485602000032],[100.480874374000166,19.031486376000089],[100.48094676300019,19.031482725000046],[100.481017508000093,19.031474508000031],[100.481080146000124,19.031460233000189],[100.481150877000061,19.03145048000016],[100.481224922000195,19.031451421000156],[100.481276460000061,19.031455596000058],[100.481345749000184,19.031464226000026],[100.481439277000106,19.031484899000077],[100.481489277000151,19.031496746000073],[100.481603429000188,19.031521629999986],[100.481608110000138,19.031522104000032],[100.481832811000174,19.031541134],[100.481954325000061,19.031558194000183],[100.482077624000055,19.031597643000168],[100.482116436000069,19.031618755000125],[100.482140778000144,19.03164152700009],[100.482157159000167,19.031673540000156],[100.482173599000078,19.031713202000049],[100.482185196000103,19.031749841000135],[100.482187276000104,19.031803401000161],[100.482184601000142,19.031864648000123],[100.482176978000098,19.031912153000064],[100.482167647000153,19.031948969000098],[100.482147229000077,19.032005762000097],[100.482125102000111,19.032051857000113],[100.482098165000082,19.032099526000025],[100.482069559000195,19.032141085000035],[100.482066825000175,19.032144566000056],[100.481970213000125,19.032240608000166],[100.48191640400006,19.032303625000111],[100.481865558000095,19.032377506000103],[100.481826088000048,19.032443125000157],[100.481778220000137,19.032530589000089],[100.481747427000187,19.032607026000107],[100.481711272000155,19.032724325000117],[100.481697981000195,19.032838722000065],[100.481676291000156,19.032974954000167],[100.481668554000123,19.033070257000134],[100.481655344000103,19.033192806999978],[100.481640054000081,19.033405179000169],[100.481623809000098,19.033508711000025],[100.481613326,19.033617651000156],[100.481611410000198,19.033723787000042],[100.481606555000099,19.033821784000054],[100.481604605000086,19.033925202000091],[100.481605100000024,19.033980998000118],[100.481605763000175,19.034055807000186],[100.48160100500013,19.034164692000047],[100.481613105000065,19.034238068000036],[100.481642271,19.034300420000079],[100.481668772000148,19.034384558999989],[100.481676782000136,19.034407824000084],[100.481726957000092,19.034527051000055],[100.481757003000098,19.034612221000032],[100.481782887000122,19.03466956900013],[100.481791783000119,19.034689280000066],[100.48180877100009,19.034726917000114],[100.481816597000034,19.034736842000086],[100.481836415000089,19.034761971000137],[100.481881811000108,19.03481731],[100.481919215000175,19.034852295000178],[100.481962531000022,19.034892791000118],[100.481992140000102,19.034929682999973],[100.48200418600004,19.034966725000061],[100.482006481000155,19.035005697000088],[100.4820049610002,19.035053983000125],[100.481993689000149,19.035104208000121],[100.481974548000039,19.035147059000053],[100.481941873000096,19.035204885000041],[100.481893494000133,19.035253547000138],[100.481852711000045,19.035278015000017],[100.481807891000017,19.03528765700014],[100.48176296500003,19.035284302000093],[100.481719879000025,19.035269790000143],[100.481672847000084,19.035249749000172],[100.481582664000143,19.035207767000088],[100.481514642000036,19.035167434000016],[100.481388019000121,19.035112464000122],[100.481036017000122,19.034943414000168],[100.480894783000167,19.034903324000027],[100.480828212000063,19.034892599000102],[100.480752089000077,19.034895071000165],[100.480699401000152,19.034897346999969],[100.480633120999983,19.034909022000136],[100.480586352000159,19.034918679000157],[100.480543530000148,19.034933880999972],[100.480491006000079,19.03495472000003],[100.480452181000146,19.034979172000078],[100.480411399000161,19.035003631000052],[100.480355207000116,19.03505236400008],[100.480318412000145,19.035086074000048],[100.48028161700006,19.035119791999989],[100.480242964000126,19.035164660000135],[100.480206301000067,19.035213226999986],[100.480181322000192,19.035257995000165],[100.480144765000091,19.035319559000072],[100.480113490000065,19.035380338000039],[100.480103586000155,19.035404021000147],[100.480050068000196,19.035545078000041],[100.479996457000084,19.035675717000061],[100.479863634000196,19.036102003000167],[100.479836970000122,19.036195445000089],[100.479809568000178,19.036296588000027],[100.479798413000026,19.036368439],[100.479801107000071,19.036406544000045],[100.479810900000075,19.036446842000032],[100.479837237000083,19.036491481000098],[100.479851602999986,19.036510777000046],[100.479875426000092,19.036542757000063],[100.479944167000042,19.036582582000051],[100.480007898000054,19.036588794000068],[100.480055015000119,19.036583935000067],[100.48010681500017,19.036574546000111],[100.480165784000178,19.036552289000156],[100.480179683000131,19.03654705100007],[100.480290113000024,19.036501306000105],[100.480372337000119,19.036464762999969],[100.480452213000149,19.036430487000189],[100.480517883000061,19.036389592999967],[100.480576474000031,19.036348746999977],[100.480637362000095,19.036301159000118],[100.480693506000136,19.036249127000076],[100.480749741000068,19.036208308000028],[100.480810737000127,19.036171934000038],[100.480878761999975,19.036131021000074],[100.480924635000122,19.036104033000186],[100.480944452000074,19.036092367000094],[100.481045387,19.03603997700003],[100.481129947000056,19.03600117100018],[100.481209823000142,19.035966896000104],[100.481289820000086,19.035946066000179],[100.481360401000131,19.035927553000136],[100.481440476000103,19.035915705000036],[100.481598371000132,19.035903223000048],[100.481720900000198,19.035891026000058],[100.48186943900015,19.035887593000041],[100.482041600000116,19.035888452],[100.482183120000116,19.035891799000183],[100.482263394000142,19.035902368999984],[100.482362619000128,19.035921752000093],[100.482452448000174,19.035945702000106],[100.482528170000023,19.035974255000099],[100.482582744000126,19.036011944000109],[100.482644467000171,19.036058547000152],[100.482718169000066,19.036125235000156],[100.482791943000109,19.036200896000082],[100.48284918500002,19.036261106000097],[100.482884535000153,19.036312360000068],[100.482922253000027,19.036376390000044],[100.482941265000193,19.036426698000128],[100.482952270000112,19.036470771000154],[100.482963321000057,19.03651988200005],[100.482963613000095,19.036552836000112],[100.482963847000121,19.036579163000056],[100.482962878000137,19.036619546999987],[100.482961944000067,19.036663708000049],[100.482961254000145,19.036672713000144],[100.482958378000092,19.036710412000161],[100.482952025000031,19.036741999000185],[100.482940332000055,19.036769851000031],[100.48292334000007,19.036797737000029],[100.482903687000089,19.036825654000097],[100.482873431000087,19.036854908],[100.482849773000112,19.03687907200009],[100.48281685000012,19.036905825000076],[100.482779971000184,19.036935141000185],[100.482739057000174,19.036959434000153],[100.482694194000089,19.036986292000051],[100.482577947000152,19.037041472],[100.482510564000165,19.037072284999965],[100.48244843100008,19.037095487000158],[100.482433128000196,19.037098212999979],[100.482411349000074,19.037102094000034],[100.482380813000191,19.037099816000023],[100.482356776000074,19.03708235300013],[100.482336717000123,19.03706358800008],[100.482320562000098,19.03703722],[100.482302220000179,19.037009026000192],[100.482297695000057,19.037002092000137],[100.482273387000191,19.036953079000057],[100.482246396000164,19.036901581000052],[100.482231520000198,19.036868895000055],[100.482205576000183,19.036826838000025],[100.482155317000036,19.036744265000038],[100.482121890000201,19.036697434000132],[100.482081395000137,19.036652900000036],[100.482036435000111,19.036635323000098],[100.481986872,19.036631239000087],[100.481923241000175,19.036636231000159],[100.481880877000037,19.036645545000056],[100.481827768000187,19.036665241000037],[100.4817916840002,19.036693351000054],[100.4817590520002,19.036736231000077],[100.481733551000104,19.036785777000091],[100.481698733000087,19.036848853000151],[100.481697701000144,19.036850758000071],[100.481650015000127,19.036938952000071],[100.48160263900013,19.037007670000037],[100.481580260000101,19.037051649000034],[100.481554758000129,19.037101185999973],[100.481538611000133,19.037141692000148],[100.481515486000092,19.037193459999969],[100.48149252800016,19.03726316400008],[100.481467236000185,19.037337387000093],[100.481448892000117,19.037395840000045],[100.481430607999982,19.037461025000027],[100.481414710000081,19.037530681000078],[100.481403465000142,19.037591327000143],[100.481401616000085,19.037619180000036],[100.481400184000165,19.037662762000082],[100.481412493,19.037704293000047],[100.481423263000181,19.037721871000088],[100.48144068900001,19.037741919000155],[100.481456755000124,19.037758193000059],[100.481479444000115,19.037774405000164],[100.48151142100005,19.037790551000114],[100.481540697000128,19.03780040200013],[100.481561115000034,19.037802188000057],[100.481580522000172,19.037803876000055],[100.48162828400018,19.03780474600012],[100.481719816000123,19.037804012000038],[100.481791439000119,19.037803437000093],[100.481890943000167,19.037805170000127],[100.481971873000134,19.037805774],[100.482030901000201,19.037806941000042],[100.482113294000158,19.037813506000134],[100.482131046000063,19.037814926000067],[100.482550768000124,19.037829151000096],[100.482933359000072,19.03783194600004],[100.483285466000154,19.037876068000173],[100.483498235000127,19.037899277],[100.48355150600014,19.037898849000157],[100.483645804000162,19.0378951080001],[100.483765316000074,19.037897131000022],[100.483869066000125,19.037896297000145],[100.483944502000156,19.037892708000129],[100.484035575000178,19.03788001200013],[100.484139121,19.037855259000139],[100.484217518000037,19.037830709000048],[100.484311656000159,19.037809014000118],[100.484408991000123,19.037793285000134],[100.484496972000045,19.037786595000114],[100.484575581000058,19.03778596300009],[100.484638623000137,19.037803403000112],[100.484695561000024,19.037841813000057],[100.484733665000192,19.037883373000113],[100.484774966000145,19.037930883000172],[100.484829132000186,19.038011191000066],[100.484880205000024,19.038097497000081],[100.484921800000052,19.038177896999969],[100.484951133000038,19.038294290000124],[100.484967816000108,19.038401803000056],[100.484987537000052,19.038497335000102],[100.485007142000143,19.038580903000138],[100.485026052000137,19.038639303000139],[100.485038393000195,19.038691669000059],[100.485050514000193,19.038729697000178],[100.485089004000201,19.038814613999989],[100.485122502000138,19.038868167999965],[100.485172484000145,19.038919347000046],[100.485220060000188,19.038966064000078],[100.485298658000147,19.039052900000172],[100.485346284000173,19.039104099000042],[100.485401139000146,19.039173186000028],[100.485448775000179,19.039226626000186],[100.485489390999987,19.039284614000167],[100.485513285000195,19.039320307000025],[100.485532844000147,19.039398643000084],[100.485528791000092,19.03947268700017],[100.485524656000166,19.039537749000033],[100.485504227000149,19.03962763100003],[100.485493042000201,19.039695],[100.485493760000111,19.039775729000041],[100.48548957700018,19.039836317999971],[100.485494818000177,19.03989459100012],[100.485499941000171,19.039941647999967],[100.485514438000052,19.039979649000031],[100.485538490000067,19.040033288000132],[100.485552988000052,19.040071297000168],[100.485562813000058,19.040116068000032],[100.485563152000168,19.040154201000064],[100.48556359100013,19.040203538000185],[100.485552307000034,19.04025969300011],[100.485553005000099,19.040338181000038],[100.485560713000041,19.040409889000102],[100.485565925000117,19.040465912],[100.485587750000036,19.040533015000165],[100.485633451000183,19.040633571000114],[100.485667207000176,19.040716283000052],[100.48569855900007,19.040794524000034],[100.48572491900012,19.040841412000191],[100.485770040000034,19.040876934000096],[100.485829239000054,19.040903369000091],[100.485895367000182,19.040914052000176],[100.485977861000094,19.040908904999981],[100.486039098000106,19.040899440000032],[100.486093155000049,19.040878816000088],[100.486137638000059,19.040842573000191],[100.486156149000124,19.040802056000132],[100.486162719000106,19.040745940000079],[100.486173772000029,19.040662866000162],[100.48620465200014,19.040527468000164],[100.48620448700018,19.040404709000029],[100.486208571000191,19.040332905000128],[100.486219664000146,19.040254322000123],[100.486228331000063,19.040169027000047],[100.486234831000047,19.040103937000026],[100.486243808000154,19.040052283000023],[100.486262150000073,19.03999382100011],[100.486290008000083,19.039944264000042],[100.486315608000041,19.039905923000163],[100.486357614000156,19.039856244000021],[100.486397392000072,19.039820039000119],[100.486439549000124,19.039788306000105],[100.486486436000177,19.039756534000105],[100.4865427000002,19.039717954000139],[100.486599053000134,19.039690581000116],[100.486626053000066,19.039671799000132],[100.48667405700013,19.039638395000054],[100.486727795000149,19.039581898000051],[100.486800115000108,19.039493848000063],[100.486864811000146,19.039427098000033],[100.486870226000121,19.039421514000139],[100.48693331000004,19.039355968000052],[100.486987167000109,19.039312926000036],[100.487034054000162,19.039281145000132],[100.487088011000139,19.039249316999985],[100.487149007000198,19.039212940000084],[100.487185332000081,19.039197393000165],[100.487207737000062,19.039187797000068],[100.48730872100009,19.039139884000065],[100.48737918300003,19.039107923000188],[100.487468475000128,19.039071318000083],[100.487553065000043,19.039036992000092],[100.487642457000163,19.03901160200013],[100.48773654200005,19.038983933000054],[100.487807193000094,19.038972149000131],[100.487875517000077,19.038964866000185],[100.487979288000076,19.038966280000125],[100.488043060000166,19.038976981000189],[100.488142297000138,19.038998610000135],[100.488258069000096,19.039022339000041],[100.488395127000103,19.039052637000054],[100.48849686900013,19.039089943000135],[100.488627100000201,19.03914944800016],[100.488648548000185,19.03915943100003],[100.488755959000116,19.03922781100016],[100.488801326000043,19.039257728000052],[100.488829323000118,19.039272634000042],[100.488858610000136,19.03928375400011],[100.488890498000103,19.039289806000056],[100.488919710000062,19.039293355000098],[100.488970092000159,19.039290425000047],[100.489057576999983,19.03928214900003],[100.489101303000098,19.039276750000056],[100.48916748400012,19.039261076000173],[100.489203159000169,19.039244393000104],[100.489228232000187,19.039230312000086],[100.489249223000058,19.039203654000062],[100.489268786000139,19.039165653000168],[100.489289621000182,19.039122584999973],[100.489306519000195,19.039083343000129],[100.489334044000032,19.039046540000186],[100.489356395000016,19.039023648000068],[100.489382729000113,19.039001994000046],[100.48941047600016,19.038989153000159],[100.489450178000084,19.038978739000186],[100.489498061000063,19.038966017000178],[100.48954025200004,19.038965341000107],[100.489594717000045,19.038964470000167],[100.489696219999985,19.038974856000095],[100.489804813000035,19.038987444999975],[100.489806534000081,19.038988013000051],[100.489904159000048,19.039020287000028],[100.489977617000079,19.039060061000157],[100.490022718000034,19.039093333000039],[100.490086870000198,19.039146647000052],[100.490127488000155,19.039204625000025],[100.490156365000132,19.039269430000161],[100.490180679000048,19.03935221800009],[100.49019820500007,19.039466455000024],[100.490196849000142,19.039578604000155],[100.490186167000104,19.039702042000044],[100.490173591000143,19.039879317999976],[100.490155630000174,19.039980386000025],[100.490121095000063,19.040074855000114],[100.490103996000187,19.040114416000051],[100.490084133000039,19.040160379000042],[100.490056297000024,19.04021218600019],[100.4900472610002,19.040257109000095],[100.490050078000138,19.040308667999966],[100.490076618000046,19.040375741000105],[100.490107792000117,19.040433804000031],[100.490145985000197,19.040485077000085],[100.490191527000036,19.040567695],[100.490241731000083,19.040643541000065],[100.490268172000071,19.040699391999965],[100.49032083200018,19.040786434999973],[100.490371168000081,19.040877977000093],[100.490459625000199,19.041011830000059],[100.490477895000083,19.041038964],[100.490678870000124,19.041460621000169],[100.491028632000109,19.041933116000109],[100.491235132000156,19.042254193000133],[100.491385243000025,19.042442800000174],[100.491415646000178,19.042475712000055],[100.491488366000112,19.042519975000062],[100.49158320000015,19.042576031000067],[100.491652801000157,19.042623310000181],[100.491713102000062,19.042685619999986],[100.491773589000047,19.042768857000056],[100.491796210000189,19.042837453000061],[100.491812791000086,19.042933009000137],[100.491829229000189,19.043013619000078],[100.491845569000134,19.043082257000037],[100.49186180200013,19.043138940000063],[100.491862611000101,19.043141210000044],[100.491881298000123,19.043193029000179],[100.491914376000011,19.043249250000088],[100.491957303000106,19.043302735000168],[100.491987628000061,19.043331078000108],[100.492030359000125,19.04336269900017],[100.49205876100018,19.043374241000038],[100.492095991000042,19.043384034000042],[100.492166893000046,19.043400277999979],[100.492235424000114,19.04340238900005],[100.492253586000061,19.043402940000021],[100.49226945200013,19.043401788000097],[100.492331363000176,19.043397272000107],[100.492379056000118,19.043390154000065],[100.492423099000121,19.043371296000089],[100.492456502000152,19.043347476000065],[100.492475587,19.043306955000162],[100.492494721000185,19.043269794000025],[100.49251028600014,19.043230977000121],[100.492517034000173,19.043193917000053],[100.492525520000129,19.043159172000117],[100.492528976000074,19.043145045000074],[100.492535453000187,19.043077713000059],[100.492520627000033,19.043002136999974],[100.492519284000196,19.04299921],[100.492489957000146,19.042935106000073],[100.492471859000091,19.042889838],[100.492460848000121,19.042844511999988],[100.49245675700007,19.042782305000117],[100.49245978100015,19.042725096000083],[100.492471766000165,19.042681261000098],[100.492489083000066,19.04263907700016],[100.49251698900008,19.042595114000164],[100.492557362000127,19.042561144],[100.492599516000041,19.042527168000049],[100.492647133000162,19.042511642000022],[100.49269697800014,19.042503580000073],[100.492701880000197,19.042502791000061],[100.492756650999979,19.04249561600011],[100.492841571000099,19.042498299000044],[100.49292659300005,19.042511059000049],[100.492957499000113,19.04252544600007],[100.493000765000147,19.042545585000084],[100.493008293000059,19.042549088999976],[100.493009219000101,19.04254975300006],[100.493051803000071,19.042580359999988],[100.493054577000123,19.042582358000175],[100.493122325000058,19.042642365000063],[100.493150302000174,19.042686204000063],[100.493167175000053,19.042712643000016],[100.493205073000183,19.04279644200011],[100.493227720000164,19.042907125000113],[100.493241298000044,19.043035096000153],[100.493245634000061,19.043177614000058],[100.493240714000194,19.043208401000186],[100.493219467000131,19.043341359000181],[100.493136422000077,19.043644949000054],[100.493077112000151,19.043801312000141],[100.493035288000044,19.043871179000121],[100.49299337400015,19.043932065000035],[100.492923474000065,19.044026829000074],[100.49287227300016,19.044103495000172],[100.492830530000163,19.044182326000055],[100.492816782000091,19.044227296000031],[100.492824353000117,19.044283299000142],[100.492848198000047,19.044312268000112],[100.492888648000189,19.044352308000043],[100.492936149000116,19.044390050000175],[100.492967052000097,19.044416712000043],[100.4930217120002,19.044463369000084],[100.493085473,19.044517294000059],[100.493147536000095,19.044556542000066],[100.493214007000176,19.04460534500015],[100.493261697000037,19.04466327300014],[100.493276327,19.044716977000121],[100.493286123000132,19.044757265999976],[100.493291238000097,19.044802083000093],[100.493279967000149,19.04486048800004],[100.493249875000117,19.044923519000179],[100.493215080000198,19.04498884700007],[100.493186393000201,19.045043017000125],[100.493173336000098,19.045067678000123],[100.493143124000085,19.045117263],[100.493112801000166,19.045155635000185],[100.493045197000072,19.04524364800011],[100.492991640000184,19.045320334000053],[100.492963863999989,19.045378864000099],[100.492957327000113,19.045439472000112],[100.492962530000057,19.04549326200015],[100.492969981000044,19.045535810000104],[100.492984470000124,19.04557381900014],[100.49302256500016,19.045613877999983],[100.493051173000197,19.04564729000009],[100.493086841000149,19.045680645000118],[100.493117836000124,19.045718512000121],[100.493137069000056,19.045758732000081],[100.493156371000055,19.045807917000161],[100.49315937,19.045879654000146],[100.493164674000127,19.045944658],[100.493170009000096,19.046014134000075],[100.493179906000137,19.046065636000094],[100.493189742000027,19.046110407000128],[100.493214355000021,19.046169121000048],[100.493240343000082,19.046231108000086],[100.493271949000189,19.046336266000083],[100.493348951000144,19.046508327000026],[100.493392140000083,19.046590961000106],[100.493409196000073,19.046651379000139],[100.493419194000182,19.046714094000095],[100.493419675000155,19.046767913],[100.493422544000111,19.046826204000126],[100.493432441000152,19.046877706000146],[100.493451645000107,19.046915677000129],[100.493482709000034,19.046960275000117],[100.493502143000057,19.047022914000081],[100.493504820000169,19.047058778000178],[100.493502785000089,19.047094679000054],[100.493475,19.047153209000101],[100.493444827000076,19.047207285000127],[100.493435534000128,19.047219281000025],[100.493409833000044,19.047257677],[100.493379735000019,19.047304596000117],[100.493341743000087,19.047357889000125],[100.493314276000035,19.047402263000095],[100.493286841000156,19.047449161000088],[100.493251513000075,19.047503693000124],[100.493217503000096,19.047558215000038],[100.493171606000146,19.047617880000075],[100.493136200000038,19.047663581000052],[100.493090316000178,19.04772576900001],[100.493085464000103,19.047733114000039],[100.493057597000018,19.047775233000038],[100.493044533000045,19.04779805000004],[100.4930329620002,19.047838511000123],[100.493022743000154,19.047882746000141],[100.493016493000198,19.047925687000031],[100.493014370000083,19.047984998000061],[100.493014655000195,19.048016849000135],[100.493014731000017,19.048025363000136],[100.493021815000077,19.048075766000125],[100.493040911000094,19.048134905000154],[100.493061468000064,19.048207903000161],[100.493084654000029,19.048278365000101],[100.493107888,19.04835512600016],[100.493134920000102,19.048410416000081],[100.493157871000165,19.048455645000047],[100.493186095000169,19.04849579200004],[100.4932121760001,19.048523657000146],[100.493214218000105,19.048525838000046],[100.493251560000033,19.048546977000115],[100.493311471000084,19.048571727000024],[100.493355367000163,19.048583990000054],[100.493404560000045,19.04859620000019],[100.493416337000042,19.048598505000143],[100.493460377000133,19.048607113000116],[100.493536028999984,19.048611548000054],[100.493614298000182,19.048610915000097],[100.493676638000181,19.048610410000151],[100.493757561000052,19.048609754999973],[100.493823912000096,19.048611733000143],[100.493884373000071,19.048623367000062],[100.493910456000151,19.048638862000189],[100.493955590000155,19.048674372999983],[100.494000775000075,19.048716624000065],[100.494029374000036,19.048750028000143],[100.494058054000106,19.048792413000172],[100.494083893000038,19.048852352999972],[100.494092241000033,19.048900805000073],[100.494095296000182,19.048937177000084],[100.494094681000036,19.048970112000063],[100.494091244,19.048993539000151],[100.494082349999985,19.049017875000175],[100.494072493000147,19.049036149000074],[100.494058972,19.049053597000125],[100.494039973000156,19.049068485000134],[100.494017317000043,19.049083395000082],[100.493989190000093,19.049097494000137],[100.493942818000164,19.049108263000051],[100.493890987000043,19.049121688000184],[100.493845523000061,19.049133324000081],[100.493813704000161,19.049141372000179],[100.4937837330001,19.049153756000123],[100.493755623000084,19.049168710000117],[100.493731187000151,19.049187975000052],[100.493711316000201,19.049208068000041],[100.493696054,19.049234186000035],[100.493688085000144,19.049260252000067],[100.493685590000041,19.049286267000184],[100.493683226000201,19.049327888000164],[100.493654406000132,19.049518664000118],[100.493643801000019,19.049551987000143],[100.493624693000072,19.049578480000093],[100.493579626000155,19.049611712],[100.493525922000174,19.049645014000134],[100.493459458000132,19.049701016000142],[100.493410214000164,19.049750711000058],[100.493365313000083,19.049802436000164],[100.4933441,19.049845745000141],[100.493323107000151,19.049913696000147],[100.493306465000046,19.049985733000142],[100.493287634000126,19.050053677000108],[100.493262373000107,19.050127830000122],[100.493230543000152,19.050191767000172],[100.493205594000131,19.050300841000137],[100.493181646000096,19.05036939900009],[100.493161299000064,19.050420342000166],[100.49313370100009,19.050473982000142],[100.493114640000044,19.050517274000185],[100.493093647000194,19.050585226000123],[100.493072801000039,19.050669615000061],[100.493067005000114,19.050745676000076],[100.493067446000055,19.050794968000048],[100.493080812000073,19.050840054000048],[100.493114280000043,19.050926005000122],[100.493152999000131,19.05101811000003],[100.493176857000151,19.05108484200008],[100.493212035,19.05113577700007],[100.493241269000123,19.05116159500011],[100.493253449000065,19.05117235],[100.493306282999981,19.051208823000081],[100.493368183000143,19.05123871100011],[100.493441482000094,19.051266335000037],[100.493530874000044,19.051306860000125],[100.493620306000139,19.051351726000121],[100.49368923500009,19.051401092000106],[100.493758176000199,19.051452636000135],[100.493833894000034,19.051495436000096],[100.493902824000088,19.051544809000177],[100.49393288400006,19.051587977000054],[100.493956144000038,19.051635549000082],[100.493979493000097,19.051693967000119],[100.493989089000195,19.051745991000132],[100.493989575000057,19.051800252000078],[100.493990099000087,19.051858861000085],[100.493981378000171,19.051904522000029],[100.493972618000157,19.051945834000037],[100.493952437000189,19.051987246000124],[100.493920929000069,19.052037426000027],[100.493884797000078,19.05208113700013],[100.493844083000113,19.052122708000127],[100.493805662,19.052166438000029],[100.493776475000175,19.052220940000097],[100.493729215000201,19.052297301000124],[100.493693897000128,19.05236131800018],[100.493789442000093,19.052394498000069],[100.493883058000051,19.052407002000052],[100.494179215000088,19.052412218000086],[100.494403156000089,19.052395185000023],[100.494706774000178,19.052339450000147],[100.495066550000104,19.052298489],[100.495458403999976,19.052264871999967],[100.49568206400005,19.052217398000153],[100.495921532000125,19.052146961000119],[100.49612871000005,19.052046352000048],[100.496295735000103,19.051930841000171],[100.496462904000168,19.051830550000091],[100.496622406000199,19.051768373000016],[100.496782121000194,19.051729032000082],[100.496974111999975,19.051719861000095],[100.497206454000036,19.051748416000066],[100.497454951000066,19.051792061000015],[100.497663220000163,19.051813206000077],[100.497871215000032,19.051803904000053],[100.498086739000144,19.051741272000186],[100.498182154000119,19.051672003000078],[100.498269297000149,19.05157236499997],[100.498419768000076,19.051396105000151],[100.498539057000073,19.051311421000037],[100.498705669000174,19.051150256000142],[100.498968257000058,19.050980699000036],[100.499175089000119,19.050842027000101],[100.499390330000097,19.050748957000053],[100.499717612000154,19.050654974],[100.499989428000106,19.050622325000063],[100.500315164000199,19.050593850000098],[100.500534813000172,19.050587617000019],[100.501000256000054,19.050711641000191],[100.501331186000073,19.050825144000044],[100.501821583000037,19.0510070630001],[100.502250888000162,19.051189478000026],[100.502593732000093,19.051268022000102],[100.502910979000148,19.051218965000032],[100.503227189000199,19.051053713000044],[100.503469978000112,19.050877446000129],[100.503773233000061,19.050630973000068],[100.504015496000136,19.050396616000114],[100.504306322000048,19.050127002000011],[100.504549011000108,19.049939115000029],[100.505096515000162,19.049679028000071],[100.505534892000071,19.049512777000075],[100.506217109000147,19.049286448000089],[100.50692396300019,19.049083149000069],[100.507606910000106,19.04893814400009],[100.508436047000032,19.048745460000134],[100.508802267000135,19.048707606],[100.509388510000065,19.048679571999969],[100.509975076000103,19.048686395000118],[100.510536783000134,19.04864694500003],[100.510963993000132,19.04859696699998],[100.511268698000038,19.048513138999965],[100.511634075000131,19.04838233900017],[100.511962698000104,19.048240213000156],[100.512303005000092,19.048039897000081],[100.51264321300016,19.04782796700016],[100.512873242000126,19.047593699000117],[100.513041972000053,19.047336686000108],[100.513184272000103,19.046859135000091],[100.513350262000131,19.046300049000024],[100.513384074000101,19.045986050000067],[100.513405661000036,19.045672156000023],[100.51357344000013,19.045310584000106],[100.513803260000145,19.045053076000158],[100.51413134000012,19.044852857000024],[100.514581816000089,19.04467487300019],[100.515056712000103,19.044496688000095],[100.515581121000082,19.04438781000016],[100.516081719999988,19.044348845000059],[100.51669259900018,19.044343826999977],[100.517352768000194,19.044384876000095],[100.518135952000137,19.044517870999982],[100.518771905000108,19.04458235300018],[100.519431643000132,19.044576924000182],[100.519834825000146,19.044573604999982],[100.520298879000165,19.04454654500006],[100.52082381300005,19.044495747000099],[100.521348634000049,19.044433322000032],[100.521811945000081,19.044324937],[100.522286416000043,19.044100255999979],[100.522711693000133,19.043841126000075],[100.523210386000073,19.043593005000048],[100.523599011000158,19.04333417600003],[100.524061470000163,19.043132838000076],[100.524634415000037,19.042988674000014],[100.525293722000129,19.042936753999982],[100.52574555800004,19.042909780000059],[100.526319344000115,19.042858563000038],[100.526685225999984,19.042785825000067],[100.527306616000089,19.042594769000061],[100.52781814400015,19.042416250000088],[100.528560849000201,19.042131248000146],[100.529145791000133,19.041963730000134],[100.529657962000101,19.041854921000095],[100.530144942999982,19.041664977000039],[100.530778649000013,19.041485437000119],[100.531388015000175,19.041317709000054],[100.531591458000037,19.041299548000097],[100.531961799000044,19.0412664750001],[100.532414048000078,19.041285963000121],[100.532744656000091,19.041364552000118],[100.533002495000176,19.041501839000034],[100.53324876500011,19.041708941000138],[100.533446056,19.041904829000146],[100.533632195000052,19.042216997000025],[100.533818549000046,19.042552403000116],[100.534129214000075,19.043119164000188],[100.534551222000175,19.043836045000091],[100.534738861000164,19.044310865000114],[100.5349265010002,19.044785692000062],[100.535027233,19.045110197000156],[100.535176838000041,19.045434286000045],[100.535326223000084,19.045735136000076],[100.535499939000033,19.046024171000113],[100.535697238000125,19.046220058000074],[100.535918546000119,19.046369264000134],[100.536176610000155,19.04652978300004],[100.53660539800012,19.046654026999988],[100.537082855000108,19.046754625000176],[100.537718917000177,19.046830661000058],[100.53825734500009,19.046919128000184],[100.538856538000061,19.046972227000026],[100.539370001000179,19.047002799000097],[100.540090837000093,19.046996786000022],[100.541043274000117,19.046930743000132],[100.541604638000024,19.046856342000126],[100.542116600000156,19.04672425300015],[100.542433070000186,19.046593802000075],[100.543126459000121,19.046262673000115],[100.543599834000133,19.045921755000165],[100.543964524000103,19.04572118599998],[100.544474650000041,19.045391580000057],[100.544960124000056,19.045038945000101],[100.545833327000082,19.044334489000107],[100.54613574200016,19.044006624000076],[100.546316849000107,19.043772728000079],[100.546485307000182,19.043492450000144],[100.546639286000072,19.042968302000133],[100.546769697000116,19.042537311000103],[100.54690117500013,19.042222489000153],[100.547065412000165,19.041751407000049],[100.547190109000098,19.041413735000049],[100.54733507800006,19.041141347000064],[100.547519634000082,19.040896683000028],[100.547704450000083,19.040680066000164],[100.547958692000179,19.040528320000021],[100.548242695000113,19.040404379000165],[100.548655119000159,19.040344821000019],[100.549136535000173,19.040303381000172],[100.549530071000049,19.040328128000169],[100.549702159000105,19.040343896000081],[100.549904035999987,19.040362392000191],[100.550229013000148,19.040415771000028],[100.550485422000122,19.040497774000187],[100.55073252800014,19.040635954000038],[100.550999293000132,19.040773976000139],[100.551335660000177,19.040995569000074],[100.551682044000017,19.041235775000018],[100.551902538000149,19.041510274000132],[100.551920786000096,19.041532991000111],[100.551978945000201,19.04164120500019],[100.552080883000087,19.041830870000183],[100.552291178000189,19.042240538000158],[100.552501220000124,19.042622150999989],[100.552652348000038,19.043013605000056],[100.552853254000127,19.043470106000086],[100.552973932000157,19.043758961000094],[100.553104279000195,19.04402903700003],[100.553313188000175,19.044289101000061],[100.553581093000048,19.044548668000175],[100.553828727000109,19.044742945000166],[100.554193730000179,19.044870783000079],[100.554558132000125,19.044933167000067],[100.55487303100017,19.044958571000052],[100.555236641000079,19.044936804000088],[100.555649421000112,19.044914628000072],[100.556307485000048,19.044834269999967],[100.556788388000143,19.044736714000067],[100.557082216000083,19.044612678000135],[100.557346122000069,19.044442140000058],[100.55750203700012,19.044291208000175],[100.557725821000133,19.04403685200009],[100.557900618000133,19.043801606000159],[100.558065063000129,19.043510348000041],[100.558227182000167,19.043179238000164],[100.558293214000116,19.043076754000026],[100.558418886000197,19.042881705000184],[100.558507616000099,19.042743994000034],[100.558721265000088,19.042370511000115],[100.559020218000057,19.041831119000108],[100.55923347900017,19.041416337000044],[100.559431618000133,19.040932855000051],[100.559616317000064,19.040559616000166],[100.559757718000128,19.040200506000076],[100.559884132000093,19.039786459000027],[100.559946509000042,19.039387792000184],[100.559966091000035,19.039262663000045],[100.560103507000065,19.038870173000078],[100.560135277000199,19.038779431000023],[100.560172362000174,19.038643153000123],[100.560283390000109,19.038235146000034],[100.560326804000169,19.038133947000063],[100.560816045000195,19.036993510000116],[100.561158987000169,19.036281339000084],[100.56145490300014,19.035525237000058],[100.561820521000186,19.034746387000098],[100.562327003000178,19.034077168000067],[100.562787902000196,19.033519152000054],[100.563250466000113,19.033138440000187],[100.563837378000187,19.032664923000027],[100.564523686000143,19.03221890400016],[100.56514895000015,19.031792482000014],[100.565797515000099,19.031365854000057],[100.56642381100005,19.031050246000063],[100.567050730000119,19.030801110000084],[100.567841192000174,19.030594926000049],[100.568702178000194,19.030454624000186],[100.569983260000129,19.030377247999979],[100.570961607000129,19.030324602000064],[100.57189479900012,19.030427483000153],[100.572850968000068,19.030551532],[100.573854816000164,19.030676769000024],[100.574717892000194,19.030758075000165],[100.576234936000105,19.030988940000157],[100.577565133000121,19.03117706800009],[100.578709114,19.031388939000124],[100.579805444000101,19.031490393000183],[100.580831229000182,19.03152593599998],[100.58083464900011,19.031525527000042],[100.581622714000048,19.031430505],[100.582716315000198,19.031243826000093],[100.583146982000187,19.031161689000157],[100.583450144000039,19.031056997],[100.583464666,19.031049664000022],[100.583672728000181,19.030944484000031],[100.583992902000034,19.030746065000073],[100.584214993000046,19.030582511000034],[100.584383337000077,19.030410905000053],[100.584551520000048,19.030222289000051],[100.584781672000076,19.029965077999975],[100.584958313000072,19.029725345000145],[100.585116258000085,19.029400692000024],[100.585274769000137,19.029135588000088],[100.585388629000136,19.028879376000077],[100.585529408000127,19.028631438000161],[100.585697022000147,19.028383275000124],[100.585838606000152,19.028220411000177],[100.586069489000181,19.028039768000042],[100.586327516000097,19.02789291400012],[100.58655048900016,19.027822938000043],[100.58675598800005,19.027795648000108],[100.587077679000117,19.027758852999966],[100.587517475000084,19.027811463999967],[100.587671084000078,19.027810144000057],[100.588463819000197,19.027847658000155],[100.589422958000057,19.027917351000099],[100.590189094000038,19.027921470000024],[100.590887561000045,19.027848964000043],[100.591371335000076,19.027730423000094],[100.591932924000105,19.027521399000022],[100.592513289000067,19.027258683000184],[100.593116211000051,19.026943183000185],[100.593579309000177,19.026628887000072],[100.5941123180001,19.026313988000084],[100.594645116000152,19.025976927000158],[100.595316031000152,19.025461352000036],[100.595747298000049,19.025080781999975],[100.596031422000124,19.024857123000061],[100.596253412000181,19.024685051],[100.596482455,19.024539486000151],[100.596511269000075,19.024521176000064],[100.596778149000158,19.024365726000156],[100.596973796999976,19.024244923000026],[100.597178550000137,19.024141061000137],[100.597383465000121,19.024054208000166],[100.597624484000107,19.024001083000087],[100.597928279000087,19.023964425000088],[100.598294770000166,19.023935729000186],[100.598589695000101,19.023907652999981],[100.598893490000137,19.023870993000173],[100.599099054000078,19.023852203000047],[100.599366989000146,19.02380733900003],[100.59969729400018,19.023736418000112],[100.599938067000153,19.023657767000088],[100.600160863999974,19.023570756000083],[100.600419123000165,19.023449416],[100.600588175000098,19.023354356000141],[100.600801622000063,19.023224889000176],[100.601032718,19.023069753000129],[100.601219012000172,19.022906491000128],[100.601422619000061,19.022683522000079],[100.601467494000133,19.022629161999987],[100.6015994710001,19.022469299000022],[100.60181185800019,19.022229235000054],[100.602050669000107,19.021946411999977],[100.602271840000071,19.021689259000141],[100.602397261000192,19.02154215000013],[100.602439912000079,19.021492124000076],[100.6026435980001,19.021277659000191],[100.602856306000092,19.021071630000108],[100.603122440000107,19.020839610999985],[100.603380039000172,19.02065020200007],[100.603602586000193,19.020537666000166],[100.603852457000187,19.020475941000086],[100.604200810000123,19.020421876000171],[100.60459673400004,19.020397966000132],[100.604935214000136,19.020377524000025],[100.605261407000057,19.020351710000057],[100.605477381000128,19.020334620000028],[100.605465387000038,19.020398698],[100.605455171000074,19.020453261000171],[100.605479442000046,19.020549284000026],[100.60572236500019,19.020764735],[100.606335584000192,19.021220024000115],[100.606823390000045,19.021584279000137],[100.607298750000155,19.022093408999979],[100.607635127000151,19.022537936999981],[100.60788873000007,19.023009513000147],[100.608170781000069,19.0235598000001],[100.60841080900002,19.024057810999977],[100.608566551000138,19.024424951000185],[100.608862818000034,19.025014594000027],[100.609228905000066,19.025669432000029],[100.609552214000075,19.026193036],[100.609930616000099,19.026689838999971],[100.610187880000069,19.026910504000057],[100.610536204000141,19.027157513000134],[100.610938857000122,19.027298771000119],[100.611813737000034,19.027620153000044],[100.612410490000116,19.027799196000046],[100.613021332000017,19.028004428000145],[100.613438472000098,19.028211356000043],[100.61380038100009,19.028431921000049],[100.614079021000066,19.028626893000023],[100.614289114000144,19.02888826800006],[100.614444753000157,19.029242238000052],[100.614489316000174,19.029557705000116],[100.614645077000034,19.029924838000056],[100.614785734000179,19.030160492],[100.615107164000165,19.03048669400016],[100.615638181000122,19.031021632000034],[100.616070812000089,19.031399504000035],[100.616599417000089,19.03168440800016],[100.617211176000126,19.031981745000166],[100.617740039000125,19.032292961000167],[100.618213679000064,19.032617824000113],[100.618632622000177,19.033008967000058],[100.61899505800011,19.033282162000035],[100.619140193000135,19.03341221300019],[100.619240173000094,19.033544103999986],[100.619289210000147,19.03364807700018],[100.619347108000113,19.033910779000053],[100.619335728000067,19.034095844000035],[100.619281239000088,19.034253530000115],[100.619076999000072,19.034597496000117],[100.618777302000069,19.035087058000158],[100.618505277,19.035576378000144],[100.618261560000178,19.036131252000189],[100.618073615000185,19.036701888000152],[100.617849067000066,19.037355930000103],[100.617705629000113,19.037716488000115],[100.617573700000094,19.037979748],[100.617499615000099,19.038117526000065],[100.617389025000193,19.038258224000174],[100.617190838000056,19.038456873000143],[100.616820540000163,19.038802291000138],[100.616326973000071,19.039280391999966],[100.615873523000062,19.03961337200019],[100.615613157000155,19.039837410000075],[100.61550737400006,19.039950294000164],[100.615462089000118,19.039998622999974],[100.615329273000157,19.04014597400004],[100.615205204000063,19.040340020000087],[100.615093812000111,19.040554582000084],[100.614980479000053,19.040832345000069],[100.6145412730001,19.041908767000109],[100.614272715000084,19.042308073000129],[100.61421221900008,19.042432461000089],[100.614161658000057,19.042520913000146],[100.61409403000016,19.042616034000105],[100.61402972500008,19.042701341000168],[100.613968788000079,19.042780100000186],[100.613890755000114,19.042862272000036],[100.613785418000191,19.042957722000153],[100.613663199000143,19.043079386000102],[100.613581639000131,19.043151812000019],[100.613503566000134,19.043230719000064],[100.613387894000198,19.043319740000072],[100.613251615000195,19.04340567700018],[100.612938261000181,19.043610507000039],[100.61279182800007,19.043709571000079],[100.612679579000087,19.043798562000063],[100.612563866000187,19.043884318000096],[100.612454978000073,19.043966759000057],[100.612346026000125,19.044042680000018],[100.612220034000188,19.044128526],[100.612090837000039,19.044237216000113],[100.611998865000089,19.044296692999978],[100.611896988000069,19.044395368000096],[100.61182234600011,19.04447424600005],[100.611740904000158,19.044559709999987],[100.611662798000054,19.044635354000036],[100.611574476000044,19.044717615000025],[100.611486091000131,19.044793355000081],[100.61135663500005,19.044875975000139],[100.611203384000078,19.044978355000069],[100.611097768000036,19.045044470000164],[100.610879988000136,19.045209343000181],[100.610774592000155,19.045298272000025],[100.610679374000085,19.045377329000075],[100.610567184000047,19.045472837000148],[100.610451352000041,19.045545560000051],[100.610335575000136,19.045624796000027],[100.610223291000068,19.045710523000082],[100.610138108000058,19.045763417000046],[100.609981361000109,19.04585931400004],[100.609848384000031,19.045932180000023],[100.609708520000197,19.046001850000152],[100.609544830000175,19.046088030000135],[100.609428956000158,19.046157483000115],[100.609278160000144,19.046232504000045],[100.608906770000146,19.046390207],[100.608766874000082,19.046456620000072],[100.608572296000148,19.04653979700015],[100.608384675000195,19.046632706000082],[100.608210569000164,19.046705929000041],[100.607995338000194,19.046779517000061],[100.607716189000143,19.046880273000056],[100.607414781000045,19.047002954],[100.607203098000014,19.04708955100017],[100.60697757600019,19.047163221],[100.606961938000154,19.047169858000132],[100.606687414000191,19.047286349000103],[100.606492865000178,19.047372788000075],[100.606287911000095,19.047446286000081],[100.606253298000127,19.047456153000098],[100.606052046000173,19.047513524000124],[100.605792323000117,19.047594016000062],[100.605570201000035,19.047664399000098],[100.605306913000106,19.047731882000107],[100.605163495000113,19.047788539000067],[100.605125614000087,19.047798716000102],[100.604975454999988,19.047839062999969],[100.604909542000144,19.047852571000021],[100.604742834000035,19.047886727000048],[100.604595733000053,19.047917333999976],[100.604458921000059,19.047947861000125],[100.604332514000191,19.047991336000052],[100.60422007000011,19.048060764000127],[100.604107813000155,19.048149749000117],[100.603978412,19.048238875000038],[100.603814999000122,19.048354378000113],[100.603696001,19.048456462],[100.60357355900004,19.048555313000122],[100.603454508000198,19.048650868000095],[100.603338724000196,19.048730100000114],[100.603222721000122,19.048786525000025],[100.603116788000136,19.048820038000088],[100.602983304000134,19.048840757999983],[100.602822364000133,19.048858451000115],[100.60277276100004,19.048867102000031],[100.602664960000084,19.048885899000084],[100.602494275000083,19.048959087000128],[100.602468532000159,19.048969393000107],[100.602361103000078,19.04901239700007],[100.602275926,19.049065289],[100.602176995000093,19.049115037000035],[100.601982128000031,19.049168882000174],[100.601817984000149,19.049209428000154],[100.601602338000077,19.049240637000139],[100.601431160000118,19.049261674000036],[100.601215411000112,19.049283097999989],[100.601013321000096,19.049297891000094],[100.600735886000166,19.04931985900015],[100.600653564000083,19.049324301000127],[100.60052005100016,19.049331506000101],[100.600290475000179,19.049340017000191],[100.60008142800018,19.049345094000159],[100.599841602000026,19.049356949000185],[100.599612306000097,19.04939479300009],[100.599417227,19.049425821],[100.599208460000057,19.049460222000107],[100.599033942000176,19.049491071999967],[100.598951934000183,19.049517854999976],[100.59887683900007,19.049551105999967],[100.598791752000068,19.049613772000043],[100.598665676999985,19.049693090000176],[100.598546529000089,19.049778870000182],[100.598461567000186,19.049854574000051],[100.598349243000143,19.04993703800011],[100.598236942000142,19.050022756000089],[100.598151911000116,19.050091950000137],[100.598022731000128,19.050203887000066],[100.597910469000055,19.050292868999975],[100.597784619000095,19.050395002000187],[100.597614428000156,19.050520342000084],[100.597461286999987,19.050635750000026],[100.597325400000045,19.050764043000072],[100.59719603200017,19.050856435000071],[100.597099203000084,19.050930495000159],[100.597066718000121,19.050955342000179],[100.596957951000093,19.051050805000159],[100.59693956100017,19.051064289000067],[100.596831998000084,19.05114316099997],[100.596692600000097,19.051261713000031],[100.596437405000188,19.051459494000142],[100.596328627000105,19.051554959000157],[100.596267656000123,19.051630456000055],[100.596182870000177,19.051725719000046],[100.596108341000161,19.051817629000027],[100.595976320000148,19.051991527000041],[100.595884928000032,19.052112921000116],[100.595766088000175,19.052231287000154],[100.595599637000191,19.052389187000074],[100.595494377000136,19.052494404000129],[100.595365100000038,19.052596564000055],[100.595232516000067,19.052711793000128],[100.595055651999985,19.052856741000028],[100.594882094000013,19.052988629000083],[100.594729105000056,19.05312033000007],[100.594596489000139,19.053232303000186],[100.594446892000065,19.053360712000085],[100.594320944000174,19.053453066000088],[100.594171005000078,19.053545634999978],[100.594068987000185,19.05363126300017],[100.593936309000014,19.053736716000117],[100.593807185000173,19.053855170000134],[100.593688125000085,19.053950729000121],[100.593555446000039,19.054056174000038],[100.593477140000118,19.054112267000164],[100.593378267000048,19.054168531000016],[100.593258894000201,19.05423149100011],[100.593122572000141,19.054314158000068],[100.593003262000195,19.054383646000133],[100.592883950999976,19.054453118000026],[100.592730360000189,19.054522900000109],[100.592604069000117,19.054579400000023],[100.592481202000158,19.05463587100013],[100.592331043000058,19.054705624000121],[100.592126080000071,19.054779099000086],[100.591965546000154,19.054839157000117],[100.591821986000127,19.054882766000048],[100.591644097000085,19.054920157000026],[100.591449002000047,19.054951176000031],[100.591243471000155,19.054965989000095],[100.591044829000055,19.054983999000171],[100.5908940770002,19.05499181800019],[100.590588962000083,19.054987929000163],[100.59030768000008,19.054967537000039],[100.590091680000171,19.05496287800014],[100.589899770000102,19.05496778800017],[100.589721717000032,19.054988883000021],[100.589605465000147,19.055019221000066],[100.58950649600007,19.055065706999983],[100.58942482700013,19.055128341000056],[100.589339850000101,19.055204042000184],[100.589237860000196,19.055292930000064],[100.589108577000104,19.055395087000079],[100.588921238000125,19.055520568000077],[100.588815661000183,19.055593183000155],[100.588645154,19.055685918000052],[100.588512190000017,19.055762033000065],[100.588389321000079,19.055818508000016],[100.588280047000126,19.055861818000039],[100.588218690000076,19.055898202000037],[100.588126608000096,19.055947884999966],[100.588048487000151,19.056023528000139],[100.587963571000046,19.056105749000096],[100.587868219000143,19.05617175600014],[100.587646727000106,19.056310568000072],[100.587544458000082,19.056370115000107],[100.587340195000138,19.056518556000071],[100.587135902,19.05666373300005],[100.587050799000167,19.056726395000112],[100.586952114000098,19.056802214000072],[100.586856792000049,19.056871484000112],[100.586744396000142,19.056947421000075],[100.58663199300014,19.05702335899997],[100.586495664000154,19.057106020000163],[100.586328331000061,19.05717265200019],[100.586208922000083,19.057232346000148],[100.586059004999981,19.057328165000172],[100.58592934,19.057391209000059],[100.585853751000059,19.057440728000131],[100.585803291000161,19.057473783000148],[100.585687430000064,19.057546484],[100.585571578999975,19.057619195000086],[100.585430016000089,19.057727065000108],[100.58526186500012,19.057853287000057],[100.585226254000133,19.057875035000109],[100.585077819000162,19.057965694000075],[100.5849790110002,19.058028473000036],[100.584863273,19.058114214000113],[100.584751091000157,19.058212966000099],[100.584645789000149,19.058314914000164],[100.584557508000046,19.058403681000129],[100.584469350000177,19.058505481000054],[100.584367634000102,19.058623701000045],[100.584269537000068,19.058737841999971],[100.584181185000091,19.058843694000075],[100.584116928000185,19.058935511000072],[100.583998572000155,19.059091516000137],[100.583920383000134,19.059175143],[100.583838864000086,19.059254076000059],[100.583777658000145,19.05930675500008],[100.583696171000099,19.059388945000137],[100.583590867000055,19.059490893000032],[100.583311780000145,19.059701901000096],[100.583121123000126,19.059840439000027],[100.582957651000072,19.059952661000068],[100.582777158000169,19.060078076000025],[100.582661757000096,19.060199669000042],[100.58254277900005,19.06030499700006],[100.582403509000073,19.060439829000018],[100.582294842000067,19.06054833100012],[100.582141990000196,19.060696320000034],[100.58204706500004,19.060807960000034],[100.581965785000079,19.060912964000011],[100.581894886000157,19.061027655000032],[100.581854713000155,19.061129043000051],[100.581804598000133,19.061266373000024],[100.581761705000076,19.061442762000183],[100.581689081000093,19.061736745000076],[100.581678139000076,19.061801654000192],[100.581656622000196,19.06192933400007],[100.58161740700001,19.062131764000128],[100.58159788800009,19.062242758000082],[100.581581925000137,19.062366755000141],[100.581562529000109,19.062490780000189],[100.58155018500014,19.062634306000177],[100.581527489000052,19.06277140100002],[100.581501422000144,19.062915045000011],[100.58147541500017,19.062995558000011],[100.581458135000162,19.063049060000026],[100.581421477000163,19.063160202000176],[100.581378035000114,19.063277913000036],[100.581324148000192,19.063379427000086],[100.581266859000152,19.063484225000025],[100.581216458000142,19.063592220000032],[100.581148866000092,19.063693851000153],[100.58107113900013,19.063811856000086],[100.581006724000019,19.063887379],[100.580932173000178,19.06397928500013],[100.580830329000094,19.064084465000178],[100.580735278000134,19.064183066000055],[100.580639981000161,19.064255588000037],[100.580497096000158,19.064370896000128],[100.580391478000138,19.064440260000026],[100.580269009,19.064539087000128],[100.58013258,19.06461197100009],[100.579975827000112,19.064711100000068],[100.579829230000144,19.06479710300016],[100.579699750000088,19.064879703000031],[100.579508783000165,19.064985645000093],[100.579341593000038,19.065068567000026],[100.579032562000123,19.065225246000125],[100.579027707000193,19.06522770800018],[100.578843564000124,19.065330335000056],[100.578686416000096,19.065387091000105],[100.578556494000168,19.065424060000055],[100.578413113000124,19.065487216000122],[100.578283284000122,19.065533961000028],[100.578160688000082,19.065619764000076],[100.578048367000122,19.065705472000047],[100.577884731000097,19.065801395000108],[100.577724574000058,19.065903816000116],[100.577570943000069,19.065970317000051],[100.577475241000172,19.066000472000155],[100.577362433000076,19.066034031000186],[100.577194749000057,19.066064801000039],[100.577023570000165,19.066089083000122],[100.57687664000008,19.06613923499998],[100.576569606000078,19.066298314000107],[100.576454988000194,19.066363392000142],[100.576388885000142,19.066400908000048],[100.576184147000106,19.066500446000134],[100.576024019000158,19.066606121000063],[100.575850154000079,19.066708651000056],[100.575730920000126,19.06678789700004],[100.575601772000141,19.066906347000042],[100.575435134000202,19.067047935000062],[100.575311733000035,19.067154691000155],[100.575275313000191,19.067186201000084],[100.575135824000142,19.067298212000026],[100.574979373000076,19.06742993600011],[100.574771868000198,19.067601208999974],[100.574496274000126,19.067821945000105],[100.574387635000107,19.067933700000026],[100.574296096000069,19.068042045000027],[100.574221479000073,19.068127430000118],[100.574140105000083,19.068222654000181],[100.574099648000185,19.068294707000177],[100.57406626500017,19.068389523],[100.574029757000176,19.068516957000099],[100.574003283000138,19.068618227000115],[100.57396316500018,19.068726133000155],[100.573905724000099,19.068814634000091],[100.573848154000132,19.068890096000132],[100.573780462000059,19.068981940000072],[100.573716041000125,19.069057461000057],[100.573634506000076,19.069136390000097],[100.573549514000149,19.069212079000067],[100.573481545000107,19.069274596000128],[100.573386272000107,19.069350379000127],[100.573270613000091,19.069445889],[100.573158355000032,19.069538121],[100.573042788000123,19.069643407],[100.572896769000067,19.069791337000026],[100.572808383,19.069870318000085],[100.572685628000045,19.069939815000055],[100.572569660000056,19.070002735000116],[100.572477473000163,19.070042634000117],[100.572361298000033,19.07008274500015],[100.572139121000077,19.07015309000019],[100.571999012000106,19.070199917000082],[100.571845152000151,19.070243600000026],[100.571729037000068,19.070290231000058],[100.571640244000093,19.070326837000096],[100.57156189300008,19.070379659000025],[100.571486913000115,19.070425931000102],[100.571425761000171,19.070485126000108],[100.57127279000008,19.070623329999989],[100.571106112000109,19.070761650000065],[100.570935795000139,19.070877186000075],[100.570724459000076,19.071006111000145],[100.570540274,19.07110546600012],[100.570407105000129,19.071162011000069],[100.570260223000048,19.071218678999969],[100.570072398000036,19.071295249000116],[100.569932279000056,19.071342075000075],[100.56979901800014,19.071388843000022],[100.569631479000066,19.071435904000111],[100.569491207000169,19.071466434000115],[100.569292723999979,19.071503980000045],[100.569166104000033,19.071527875000186],[100.569019006000076,19.071561719000101],[100.568904436000196,19.07158925300007],[100.568892447,19.07159213400007],[100.568745325000123,19.071622723000189],[100.568546873,19.07166352500019],[100.568409971000051,19.071687507000036],[100.568218275,19.071718474000022],[100.568026555000131,19.071746178000183],[100.567906792000088,19.071770014000037],[100.567814511000165,19.071800135000103],[100.567718927000101,19.071843325000145],[100.567640422000068,19.071879848000037],[100.567555272000106,19.071939247000103],[100.567473555000049,19.071998608000115],[100.567378537000138,19.072066436000057],[100.567319774000168,19.07210252100009],[100.567213839000033,19.072148374000051],[100.567145198000105,19.07218079300003],[100.567074534000142,19.072207615000082],[100.566995964000057,19.072230756000124],[100.566909545999977,19.07225771300017],[100.566803444000072,19.072286708000149],[100.566743634000147,19.07230718500017],[100.566724911000108,19.072313597000175],[100.566497392000201,19.072418541000161],[100.566369827000187,19.072468320000098],[100.566203285000086,19.072563375000016],[100.566060130000039,19.072632018000149],[100.565915113000074,19.072711907999974],[100.565864165999983,19.072740434000025],[100.565840849000097,19.072774345000084],[100.565825586000187,19.072826912000096],[100.565819105000116,19.072866018000127],[100.565816260000133,19.072883185000023],[100.565810938000027,19.072945028999982],[100.565815454000074,19.073006804000045],[100.56583580400013,19.073075928000094],[100.565871786000116,19.073131802000091],[100.5659254050002,19.073178171000109],[100.565993486000025,19.073220041000184],[100.566018528000143,19.073235444000147],[100.566295771999989,19.073392278000142],[100.566454228000168,19.073484581000059],[100.566598704000057,19.073556399000154],[100.566683819000048,19.073600622000129],[100.566749276000053,19.073648761000129],[100.566785136000192,19.073691532000055],[100.566819028000168,19.073734318000049],[100.566839238000057,19.073788462000039],[100.56684389600008,19.073876099000131],[100.566844018000097,19.073878322000041],[100.566841330000045,19.073933230000137],[100.566840718000151,19.073945775000027],[100.566837338000084,19.074005739000029],[100.566829953000081,19.074058238000191],[100.566812819000063,19.074122061000025],[100.566798349000123,19.074140510000063],[100.566775837000193,19.074169200000142],[100.566724995000072,19.074208958000042],[100.566678008,19.07423932800009],[100.566613272000154,19.074267972000143],[100.566536591000158,19.074283605000062],[100.566455905000055,19.074291782000159],[100.56632207500013,19.074304160000111],[100.56622758300017,19.074310583],[100.566083916000082,19.074324915000147],[100.565846782000165,19.074341179000044],[100.565579152000055,19.074349371000039],[100.565305241000033,19.074351697000054],[100.565000262000126,19.074360207000041],[100.564782276000187,19.074350217000074],[100.564605171000039,19.074369154000124],[100.564494950000039,19.074398332999976],[100.564404654000043,19.074432812999987],[100.564349719,19.074455752],[100.564257527000052,19.074497738000105],[100.56416920900017,19.074532201000068],[100.564110313000128,19.074553302000083],[100.564033834000099,19.074589534999973],[100.564017908000039,19.074597276000191],[100.563974999000095,19.074618128000168],[100.563935925000067,19.074652172000128],[100.563931752000144,19.074657562000027],[100.563906730000042,19.074689875000104],[100.563883536000105,19.074736896000047],[100.563870239000153,19.074789453],[100.563864784000145,19.074838187000125],[100.563859421000132,19.074896298000056],[100.563854178000156,19.074967510000079],[100.56385296600007,19.075048057000117],[100.563862998000161,19.07523999100016],[100.56385310100012,19.075512359000129],[100.563836373000186,19.075719678000155],[100.563839704000031,19.075916328000062],[100.563850497000089,19.076071613000067],[100.563879760000134,19.076204550000114],[100.563936705000117,19.076301732],[100.564007403000119,19.076372168000148],[100.564030303000038,19.076384808000114],[100.564114987000153,19.076431552000088],[100.564134139000146,19.076442119000149],[100.564284326,19.076525194],[100.564453245000038,19.076612557000033],[100.564603359000046,19.076686748000043],[100.564753349,19.076747625000053],[100.564950240000087,19.076830304000055],[100.565029291000144,19.076861528000109],[100.565203319000148,19.076930265000044],[100.565451612000174,19.077016945000139],[100.565458794000051,19.077018743999986],[100.565639407000162,19.077063934000023],[100.565709024000114,19.077081356],[100.565764884000146,19.077105561000167],[100.565990335000038,19.07720326599997],[100.566290315000174,19.077325019],[100.566501253000069,19.077412016000039],[100.566778055000043,19.077551724000045],[100.566924959000119,19.07760307],[100.56698886800018,19.077625405],[100.567180925000173,19.077690369000038],[100.567363682000064,19.077759842000034],[100.567663749000133,19.077890476],[100.567846923,19.078004341999986],[100.568001876000153,19.078096250000158],[100.568028483000091,19.078111122000166],[100.568143128000088,19.078205903000082],[100.568175687000064,19.078256467000188],[100.568191311000078,19.078292650000037],[100.568206995000139,19.078336102000094],[100.568218096000066,19.078379587000086],[100.568224757,19.078437637000093],[100.568226835000189,19.078495729000053],[100.568227532000151,19.078569804999972],[100.568224889000192,19.078613412000152],[100.568222403000163,19.078674445000104],[100.568218226999988,19.078700236000032],[100.568210851000117,19.078745721000132],[100.568200564000051,19.078789394000125],[100.568185644000039,19.078827285000159],[100.56815691800017,19.078859494000085],[100.568128097000169,19.078881525000043],[100.568102329000169,19.078903538000134],[100.56804611300015,19.078937428000131],[100.56799285500017,19.078961123000056],[100.567959383000073,19.078975938000099],[100.567928921000032,19.07898636200008],[100.567880131000095,19.07899694200006],[100.567803798000114,19.079003405000151],[100.567745765000154,19.079006803000084],[100.567690751000043,19.079005815000187],[100.567640241000163,19.078996079000092],[100.567611078000141,19.07898180400008],[100.567568006000101,19.078951661000133],[100.567535571000178,19.078914172000168],[100.567465903000084,19.078817429000026],[100.567403984000066,19.078732247000119],[100.567354586000022,19.078678923000155],[100.567309957000191,19.078644434000012],[100.567248392000124,19.078597022],[100.567194718000167,19.078575685000146],[100.567125695000186,19.078547225000079],[100.567062914000076,19.078533228000083],[100.56701554600005,19.078532175000078],[100.566960634000111,19.078542814000173],[100.566919579,19.078563500000087],[100.566878651000195,19.078598709000062],[100.566762039000139,19.078708657000107],[100.56667571800017,19.078790741000148],[100.566636212000105,19.07881431800007],[100.566608811000094,19.078824716000042],[100.566564288000052,19.0788288870001],[100.566509868000139,19.07881902500003],[100.566463156000168,19.078802554000163],[100.566452635000132,19.07879884800019],[100.566426865000096,19.078785136000135],[100.566425065000146,19.078784180000071],[100.56635709000011,19.078748010000083],[100.566264231000162,19.078694563],[100.566206852000107,19.078658894000171],[100.566127820000133,19.078631155000096],[100.56599569500014,19.078623842000127],[100.565751556000123,19.078625916000078],[100.565415640000197,19.078655407000156],[100.5653158020001,19.078670828000099],[100.565120107000155,19.078701053000032],[100.564931748000106,19.078734654000016],[100.564774392000061,19.078765971000053],[100.56472071900015,19.078779214000178],[100.56466057300014,19.078794059000074],[100.56452030100013,19.078826237000044],[100.564347610000141,19.078876124000033],[100.564223823000077,19.078927537000084],[100.564128569000047,19.078980640000168],[100.56398255400012,19.079051602000163],[100.563877138000066,19.079106733000174],[100.56378201800004,19.079173395],[100.563711170000033,19.079222418000086],[100.563613993000104,19.079287165000039],[100.563571705000129,19.079339819000097],[100.563545748000195,19.079396209000151],[100.563527939000039,19.079452528000104],[100.563514467000175,19.079535933000159],[100.563511339000115,19.079636677000167],[100.563511939000136,19.079700586],[100.563518573000181,19.079756700000075],[100.563539359000117,19.079801079000106],[100.563566206000132,19.079839586000162],[100.563611352000123,19.079874071000063],[100.56371571700015,19.079923539999982],[100.563830354000117,19.079982618000088],[100.563906195000072,19.080032330000108],[100.56398402300016,19.080076217000112],[100.564068833000078,19.080137383000022],[100.564074279000124,19.08014130700019],[100.564168540000026,19.080200548],[100.56428129000011,19.080275135000022],[100.564361303999988,19.080334499000173],[100.564422836000119,19.080378523999968],[100.564457805000075,19.080415028000175],[100.564513285000032,19.080464920000054],[100.564560629000084,19.080516814000077],[100.564595696000197,19.080563005000045],[100.564641090000066,19.080624595000188],[100.56469891200004,19.080707394],[100.564760919000094,19.080801778000023],[100.564818752000178,19.080886502999988],[100.564874361000079,19.080949953000129],[100.564967226000022,19.081077004000065],[100.565031018000184,19.081144251000183],[100.565076357000123,19.081200035],[100.565150385000038,19.081273009000029],[100.565191651000077,19.081328827],[100.565214643000161,19.081390614000043],[100.565221339,19.081452541000147],[100.565222030000143,19.081526136000093],[100.565215622000153,19.081712132],[100.565204737000045,19.081853623000086],[100.565203643000132,19.08195435000016],[100.565212572000121,19.082037558000138],[100.565229396000063,19.082093590000113],[100.565262860000189,19.082186276000186],[100.56532065500005,19.082265194000115],[100.56538038400015,19.082334415999981],[100.565440329000182,19.082383997000079],[100.565452244000198,19.082393848000095],[100.565536380000083,19.082458990000191],[100.565610271000025,19.082516471000019],[100.565645332000202,19.082562661000111],[100.565668233000054,19.082614762999981],[100.565681146000145,19.082688248000125],[100.565685820000169,19.082752131000177],[100.565692882000064,19.082852788000082],[100.565697630000102,19.082924418000118],[100.565700311000057,19.08297654900008],[100.565702613000042,19.083021219000045],[100.565713359000029,19.083081170000128],[100.565732568000158,19.083173977000115],[100.565745226000104,19.083220357000187],[100.565772202000062,19.083272424000143],[100.565823621000106,19.083324281999978],[100.565928754000197,19.083455101000084],[100.565963805000194,19.083490598000083],[100.566142820000152,19.083687651000162],[100.566173637000134,19.083722851],[100.566278368000155,19.083830555000077],[100.566371258000061,19.083959051000022],[100.566470077000133,19.084068616000138],[100.566547355000125,19.084162384000081],[100.566559877000088,19.084194235000155],[100.566564817000142,19.084231965000072],[100.566561982,19.08425523000011],[100.566552990000162,19.084274190000087],[100.566537907000054,19.084294655000065],[100.566516687999979,19.084313723999969],[100.566486375000068,19.084340126000029],[100.566460573000086,19.084357779000186],[100.566407287000118,19.084378570000183],[100.566341763000196,19.084398009000097],[100.566286873000081,19.084410096000113],[100.566199810000057,19.084413746999985],[100.566076083000041,19.08441770100012],[100.566055510000012,19.084416843999975],[100.565988959000094,19.084414082000137],[100.565939942000057,19.084401424000134],[100.56588937500004,19.08438587500018],[100.565840207000065,19.084357239000099],[100.565789313000096,19.084306831000049],[100.565756659000101,19.084246094999969],[100.56572100700015,19.084178373000043],[100.565720875000125,19.084178119000057],[100.565689798000165,19.084123183000088],[100.565660600000058,19.084106006000013],[100.565617738000071,19.084097646000032],[100.565581169000154,19.084108128000025],[100.565553760000057,19.084118527000101],[100.565528081000195,19.084149254000067],[100.565502489000039,19.084190147000129],[100.565496604000145,19.084196874999975],[100.565469232,19.084228199999984],[100.565446625,19.084261806000143],[100.565434642000184,19.084288051000101],[100.56543043500011,19.084298684000146],[100.56542127900002,19.084328840000182],[100.565420256000039,19.084382598000161],[100.565420720000077,19.084431987000073],[100.565435305000165,19.084520475000147],[100.565455996000139,19.084608911000146],[100.565481272000113,19.084697314000096],[100.565512493000142,19.084766771000091],[100.56553915500001,19.084840632000066],[100.565581068000199,19.08491000700019],[100.565624380000088,19.084966293000036],[100.56566922900015,19.085024019000059],[100.565681521999977,19.0850453380001],[100.565703407000115,19.085083294000071],[100.565725343000167,19.085141210000074],[100.565739479000058,19.085181764000026],[100.565758163000055,19.085219376000111],[100.565793550000194,19.08524522700003],[100.565839630000085,19.085270980000132],[100.56597015400007,19.085339600000111],[100.566023940000093,19.085372555000106],[100.566064007000136,19.085408532000145],[100.566100953000159,19.085437271000103],[100.566144020000081,19.085467409000159],[100.566190086000177,19.085491714000113],[100.566308389000085,19.085560437000026],[100.566337690000125,19.085589241000093],[100.566377956000053,19.08564700900007],[100.566413793000095,19.085720785000149],[100.566449620000128,19.085793121000108],[100.566474549000134,19.085843748000116],[100.56649933500006,19.085879855000144],[100.566531922000195,19.085933327000134],[100.566590680000104,19.086006916000088],[100.566643134000174,19.086060220000093],[100.566767846000175,19.086160847000144],[100.566907979000121,19.086275866000165],[100.566997412000148,19.086362269000119],[100.567054313000142,19.086401005000084],[100.567097244000081,19.086416618000044],[100.567123837000054,19.086418139000102],[100.567141574000175,19.086419152000076],[100.567210191000072,19.086404038000069],[100.56726041700017,19.086383273000081],[100.567284663,19.086361281],[100.567313308000166,19.086320356000101],[100.567345061000083,19.086285223000118],[100.567375347000052,19.08625591200007],[100.567414691000124,19.086214902000052],[100.567437337000058,19.086185656000168],[100.567450781000105,19.086153583000055],[100.567461165000054,19.086120082000036],[100.567457730000058,19.086079436000034],[100.567455748000043,19.086031516],[100.56746142500009,19.085984980000035],[100.567473386000131,19.08595727800008],[100.567505126000071,19.085920692000059],[100.567536982000036,19.085895725000057],[100.567570526000168,19.085888178000062],[100.567574459000014,19.085888748000116],[100.567617958000142,19.085895036000068],[100.567685413000163,19.085919158000138],[100.567736063000098,19.085943424000163],[100.567785287000049,19.085977865000075],[100.567831448000049,19.086012342],[100.56786544300013,19.086052727000094],[100.567908824000085,19.086116272000083],[100.567933209000046,19.086182705000169],[100.567940189000069,19.086201715000129],[100.56795720100007,19.086248129000069],[100.568028935000143,19.086376735000044],[100.568080132000034,19.086459103000095],[100.56812214100006,19.086538640000015],[100.568164115000172,19.086615281999968],[100.56822459100016,19.086709185000018],[100.56828202600002,19.086804576000191],[100.568340929000044,19.08689413500008],[100.568398283000136,19.086980811000103],[100.568458430000078,19.087039862000097],[100.568549271000052,19.087113169000077],[100.568643162000058,19.087185003000116],[100.568686188000072,19.08721078800005],[100.568729146000067,19.087229304000175],[100.568773476000047,19.087231836],[100.568822413000078,19.087235779000082],[100.568881958000134,19.087230912000109],[100.568939931000045,19.087221703000182],[100.569009984000047,19.087196410000104],[100.569121093000092,19.087150429000133],[100.569215426000198,19.087107497000147],[100.569262454000182,19.08708498600015],[100.569314292000172,19.087060174000044],[100.569397988,19.087023135999971],[100.569515159000048,19.08697130000013],[100.569585134000022,19.086938745],[100.569630785000186,19.086918020000155],[100.569684118000055,19.086903033000056],[100.56972381800017,19.086899792000054],[100.569755912000119,19.086900974000173],[100.569797266000194,19.086910795],[100.569838693000122,19.086929324000039],[100.569878666000193,19.086955127000124],[100.569903301000181,19.086975254000095],[100.569932671000117,19.087011329000177],[100.569949915000109,19.087057662000177],[100.569951911000089,19.087107037000067],[100.569946367000171,19.087166650000142],[100.569931507000035,19.087211801000024],[100.569901469000172,19.087267263],[100.569853066000178,19.08731997000001],[100.569786480000175,19.087390144000153],[100.569701442000053,19.087502279000091],[100.569617392000055,19.087605245000077],[100.569588058000079,19.087641669000107],[100.569499588000042,19.087751521000143],[100.569445244000178,19.087821714000142],[100.569416627000066,19.087865537000141],[100.569392545000198,19.087904961000049],[100.569379210000079,19.087948660000166],[100.56937052100011,19.08799957400015],[100.569366463000165,19.088056262],[100.56936562400017,19.088128909000091],[100.569366131000152,19.088182647999986],[100.569369568000127,19.088223294000159],[100.569376257000101,19.088284249000139],[100.569390605000194,19.088348049000103],[100.569409599000153,19.088417608999976],[100.569430370000191,19.088513313000078],[100.569449395999982,19.088587239000162],[100.569460629000105,19.088643796000156],[100.569479815000136,19.088733699000045],[100.569501876000061,19.088804689000028],[100.569516087000125,19.088853960000108],[100.569534820000115,19.088895930000035],[100.569561151000073,19.088933478000115],[100.569603030999986,19.088999940000122],[100.569644809000067,19.089054789000102],[100.569684953000035,19.08909947300009],[100.56973276399998,19.089145555000187],[100.569830256000046,19.089208302000145],[100.569871844000147,19.089232204000155],[100.570289990999981,19.089500288000124],[100.570437025999979,19.089616356000136],[100.570597174000113,19.089747187000057],[100.570632537000108,19.089770126000076],[100.570675468,19.089785738000103],[100.57071769200013,19.089787372999979],[100.570764070000052,19.089783528000112],[100.570852554999988,19.089768250000077],[100.570877850000045,19.089762611000083],[100.570974536000051,19.089741058000129],[100.57106899200005,19.089711197999975],[100.571136025000044,19.089690289000146],[100.571195158000194,19.089681119999966],[100.571239437000031,19.089674258000116],[100.571283509000125,19.089676953000094],[100.57132120700004,19.089686840000127],[100.57134822800009,19.089703973000042],[100.571366655000077,19.089721179000037],[100.571386273000144,19.089750632000062],[100.571400519000065,19.089780130000179],[100.571402913000099,19.089805652000166],[100.571400961999984,19.089827118000187],[100.571392648000199,19.08985680800015],[100.571383326000159,19.089893663000055],[100.571364353000092,19.089932629000089],[100.57133909300012,19.089988007000045],[100.571304406000195,19.090068990000134],[100.571280523000098,19.090125768000178],[100.571271703000036,19.090150594000136],[100.571265642000185,19.090167662999988],[100.571247057000164,19.090222295999979],[100.571236059000114,19.090271419999965],[100.571221410000078,19.090338725000151],[100.571218093000084,19.090391417000035],[100.571214972000064,19.09046589400009],[100.571211756000139,19.090529474],[100.571212253000112,19.090582128000108],[100.571224254000128,19.090640134000125],[100.571238945000175,19.090716691000125],[100.571261884000023,19.090781451000169],[100.571287154000174,19.090828441000156],[100.571327896000184,19.090895282000076],[100.571370550000154,19.090962105000187],[100.571432329,19.091032401000177],[100.571478319999983,19.091083139000091],[100.571721600000046,19.091271891000076],[100.571820894000098,19.091336908000017],[100.571928868000157,19.091408619],[100.572011029000123,19.091462392000096],[100.572063009000146,19.091505527000038],[100.572115041000188,19.091554113000143],[100.572155534999979,19.091594619000148],[100.572200455000143,19.091648717000169],[100.572232374000066,19.091692023],[100.572251332000178,19.091727269000103],[100.57226323000009,19.091773471000181],[100.572263577000058,19.091810242000122],[100.57225234800012,19.09183485],[100.572233929999982,19.091856799000141],[100.572213101000159,19.091865500000097],[100.572208090000174,19.091867589000174],[100.572203967000121,19.09186931000005],[100.57214390900009,19.091880719000187],[100.572078096000098,19.091889450999986],[100.572006537000107,19.091896866000184],[100.57197843199998,19.091894767000099],[100.571924827000089,19.091890759000137],[100.571834470000169,19.091879275000053],[100.571739728000125,19.091858290000175],[100.571669439000118,19.091847994000034],[100.571523281000111,19.091843789000166],[100.571390079000082,19.091846292000071],[100.571329967000054,19.091852257000141],[100.571290013000123,19.091868939000108],[100.571261628,19.091897777000156],[100.571249058000035,19.09193193200008],[100.571246622000047,19.091976898000041],[100.571255846000099,19.092043549000152],[100.571277909000059,19.092104646000166],[100.571306489000108,19.092156468000155],[100.571307057000126,19.092157505000159],[100.57132153900011,19.092173729000081],[100.571350368000083,19.092192552000142],[100.571386352000047,19.092211310000096],[100.571458156000119,19.092229765000127],[100.57151098900016,19.092245241000114],[100.571564881000143,19.092254865000029],[100.571631903000196,19.092273220000038],[100.571668971000065,19.092284955000025],[100.571700182000086,19.092300535000106],[100.571715438000069,19.092311205999977],[100.571725523000111,19.092335620000085],[100.571730254000045,19.092355026000064],[100.571732723000196,19.092376614000102],[100.571733954000194,19.092426304000128],[100.571733567000081,19.092465931000106],[100.571731546000194,19.092491880000011],[100.57172830899998,19.092510719000074],[100.571727950000081,19.092512795000061],[100.571726171000194,19.092519578000179],[100.571722833000081,19.092532294000023],[100.571713902000113,19.092549655000084],[100.571699685000112,19.09256850800017],[100.571683134000068,19.092580895000026],[100.571660520000137,19.092594059000021],[100.57163031500005,19.092604392000112],[100.571577361000095,19.092613490000133],[100.571527742000171,19.092620028000169],[100.571440462000055,19.09263167000006],[100.571328884000081,19.092648962000055],[100.571227295000085,19.09266072500003],[100.571138616000155,19.092676463000089],[100.571069946000136,19.092685219000145],[100.570879008000134,19.092708650000191],[100.57085975200016,19.092709810000144],[100.570804960000089,19.092713119000109],[100.570767256000124,19.092713441000171],[100.57072674300008,19.092703551000056],[100.57069563400006,19.09268972600006],[100.570668512000168,19.092670748999979],[100.570641446000025,19.092644326000027],[100.570638602000145,19.092641552000146],[100.57060859600017,19.092602104000093],[100.570584020000069,19.092567736000092],[100.570548661000089,19.092532188000177],[100.570514713000136,19.092503017000126],[100.57047006900018,19.092482910000172],[100.57042817100006,19.092467898000166],[100.570363395000015,19.092455641000129],[100.570291920000102,19.092447292000088],[100.570208380000111,19.092444159000081],[100.570079034000059,19.092441422000093],[100.569996844000173,19.092439557000034],[100.569922773000201,19.092441467000015],[100.569793489000119,19.092445135000162],[100.569716775000188,19.092452194000145],[100.569617200000039,19.092463287000044],[100.569544524000037,19.092470304000187],[100.569449048000138,19.092487766000033],[100.569340136,19.092509190000044],[100.569239264000032,19.092525412000157],[100.569146493000062,19.092544137000175],[100.569106160000047,19.092552158000046],[100.569061852000061,19.09256790500018],[100.569017570000142,19.092586211000082],[100.568974677000085,19.092608344000098],[100.568948770000134,19.092622593000101],[100.568934468,19.092630460000123],[100.568876902000056,19.092668088000039],[100.568819358000098,19.092708274000188],[100.568773874000044,19.092741960000126],[100.56874042100003,19.092765290999978],[100.568696768000052,19.092790271000126],[100.568688164000093,19.092795197000157],[100.568653286000199,19.092810856000142],[100.568594228000109,19.09283313200001],[100.568537836000075,19.092852821000122],[100.568514902000118,19.092863560000069],[100.568495959000074,19.092875264000156],[100.568476267000051,19.092894328000114],[100.56845359600004,19.092918847000078],[100.568438980000053,19.092940747000114],[100.568417872999987,19.092987028000152],[100.568399647000092,19.093055052000068],[100.568393235000087,19.09308968400012],[100.568393513000103,19.093119134000062],[100.568397819000097,19.093141947999982],[100.568404660000056,19.093157790000078],[100.568413142000054,19.093170448000023],[100.568422143000191,19.093178321999972],[100.568445130000043,19.093190850000155],[100.568541357000072,19.093223434000151],[100.568591162000018,19.093241566000074],[100.568617475000167,19.093252476000089],[100.568633744000181,19.093262414000037],[100.568652267000061,19.093274978000181],[100.568666326000027,19.09328758200013],[100.568683207000106,19.093303346000027],[100.568699808000133,19.093320781000159],[100.568736086000115,19.093369785000107],[100.568773094000164,19.093437337000182],[100.568802983000069,19.093490003000113],[100.568829366000045,19.093546785000171],[100.568847171000186,19.093578857000182],[100.568871895000086,19.093629873000111],[100.568889949000152,19.093687343999989],[100.568897827000114,19.093714787000067],[100.568905041000164,19.093747566],[100.56890834100011,19.093780676000108],[100.568915622000077,19.093838239000149],[100.568913599000155,19.093909971000016],[100.568910188000132,19.093976596000118],[100.568905192000102,19.094017614000165],[100.568893261000085,19.094046709000168],[100.568889387000127,19.094056164000165],[100.568868048000013,19.094079401000045],[100.568841337000038,19.094103963000123],[100.568811918,19.094125980000058],[100.568769053000096,19.094151959000158],[100.568705857000054,19.094178348000128],[100.568684520000147,19.094187257000044],[100.568594561000054,19.094218754999986],[100.568520706000072,19.09424371800003],[100.568461682000191,19.094269832000066],[100.568434947000185,19.094291828999985],[100.568409661000032,19.094324062999988],[100.568399181000075,19.094356170000083],[100.568394112000078,19.094389504],[100.568394426000111,19.094422800000075],[100.568401451000057,19.094453471000065],[100.56841250399998,19.094482829000185],[100.568449307000094,19.094528625000066],[100.568495604000134,19.094582016000118],[100.568543267000052,19.09463667600005],[100.568597775000171,19.094702801000096],[100.568638624000073,19.094748554000034],[100.5686808600002,19.094799420000186],[100.568734347000088,19.094859678000034],[100.568759827000065,19.094888392000087],[100.568822453000109,19.09495829399998],[100.56885241100008,19.094992616000184],[100.56887298900017,19.095032136000043],[100.568888135000179,19.095066585000154],[100.568889655000135,19.095074152000166],[100.568899441000042,19.095122834000108],[100.568908140000133,19.095188069000073],[100.568909920000124,19.09523416400009],[100.568903786000135,19.095298245000151],[100.568892161000178,19.095350843000062],[100.568879141000139,19.095398343000056],[100.568860734000168,19.095447159000059],[100.56884484200009,19.095475467000085],[100.568823513000154,19.095499982000035],[100.568786039000088,19.095525915000167],[100.56876657000015,19.09553615700014],[100.568753872000173,19.095542838000028],[100.568717599000138,19.095553392000056],[100.568687983000132,19.095555267000123],[100.568647596000119,19.095557826000061],[100.56858298800006,19.095563501000072],[100.568530538000175,19.095572913000126],[100.568502347000049,19.095583398000031],[100.568484982000143,19.09559891400005],[100.568477212,19.095632278000153],[100.568477514000051,19.095664287000034],[100.568489200000158,19.095824143000129],[100.568488632000083,19.095904580000138],[100.568485191000093,19.095940546000065],[100.568482616000097,19.095967469000072],[100.568466494,19.096080720000145],[100.568466135000108,19.096182516000056],[100.568465458000105,19.096250389000033],[100.568468649000124,19.096309424000083],[100.568479715000137,19.09636085700015],[100.568498575000092,19.096398398000133],[100.568524182000033,19.096449707000033],[100.568553791000056,19.096506011000088],[100.568579449000026,19.096563602000117],[100.56860642100014,19.096619929000099],[100.568633458000193,19.0966762810001],[100.568646822,19.096698755000034],[100.568676428000174,19.096753806000038],[100.56870353100004,19.096823948000178],[100.568715891000124,19.096872856000118],[100.568728190000172,19.096915482000099],[100.568736436000165,19.096949345000155],[100.568763598000089,19.097025777999988],[100.56877976700008,19.097058312],[100.568802492000145,19.097084509000126],[100.568826432000151,19.097100645000069],[100.568863593000117,19.09711540800015],[100.568896736000113,19.097125184000049],[100.568935192000083,19.09713742100007],[100.568990873000189,19.097154539000087],[100.569053607,19.097180333000097],[100.56912224600012,19.097207462000085],[100.569160867,19.097237300000074],[100.569193923000114,19.097267422000073],[100.569209820000083,19.097293739000065],[100.569225752000136,19.097323919000075],[100.569236509000064,19.097357435000163],[100.569242555000187,19.097384391000105],[100.569244456000092,19.097400910000147],[100.569244653,19.097421854000061],[100.569243090000157,19.097441146000108],[100.569240377000199,19.097460464999983],[100.56923590800011,19.097478687999967],[100.569225705000065,19.097503021000136],[100.569216010000048,19.097520186000054],[100.569183345999988,19.097560150000163],[100.56916325100002,19.097580712000081],[100.569151180000176,19.097591835],[100.569139070000062,19.097597999000186],[100.569130820000112,19.097600033000163],[100.56912518900009,19.097601425000107],[100.569105493000052,19.09760324399997],[100.569086937000122,19.097602847000076],[100.569066665000037,19.097604677000049],[100.569051614000102,19.097607010000104],[100.569037169000069,19.097611538000137],[100.569025056000044,19.097618258000182],[100.569010651000042,19.09762719600019],[100.568993415000193,19.097643877000053],[100.568953273000091,19.097689958000046],[100.568913036000197,19.097732051000094],[100.568890878000161,19.097766175000061],[100.568855709000161,19.097821777000036],[100.5688204180002,19.097864800000139],[100.56879045400018,19.097911560999989],[100.568768333000037,19.097949452000023],[100.568743631000132,19.097992393000141],[100.568724260000067,19.098041569000088],[100.568697915000087,19.098105842],[100.568672400000196,19.098150087000022],[100.56864121100017,19.098206909000112],[100.568603430000167,19.098266301000081],[100.568567047000101,19.098333216000185],[100.568543821000105,19.09839373900013],[100.568533691000198,19.09844158500016],[100.568526298000165,19.098498204000123],[100.568522930000086,19.098562324000113],[100.568522145000088,19.0986188870001],[100.568523984000194,19.09867416700007],[100.568542040000068,19.098727835000034],[100.568559988000118,19.098773728000026],[100.568580968000106,19.09881273600007],[100.568594702000155,19.098847891000048],[100.568606412000065,19.098887956000056],[100.568620172000124,19.098926052000024],[100.568628775000036,19.098964190000174],[100.568638407000151,19.099002314000131],[100.568645940000124,19.099035565000122],[100.568649457000163,19.09908158200011],[100.568656025000166,19.099121691000107],[100.568660514000101,19.099160844999972],[100.56866288000009,19.099193152999987],[100.568666265000104,19.099224481000135],[100.568670548000057,19.099237769000126],[100.568674755000131,19.099250860000097],[100.568678836000174,19.099260302000118],[100.568689510000183,19.099285022000061],[100.568711613000175,19.099333820000027],[100.568728411000109,19.099366992000114],[100.568770188000087,19.09942541700002],[100.568800366000119,19.099455530000114],[100.568820208000147,19.099483771000052],[100.568838999000036,19.099509084000147],[100.568862050000064,19.099549058000036],[100.568867520000197,19.099558117000186],[100.568880889000127,19.099580248000166],[100.568893454000033,19.099600715000179],[100.56891424000014,19.099619155000084],[100.568947456000046,19.099644344000126],[100.569008621000194,19.099682036000047],[100.569065482000042,19.099701140000036],[100.569102624000095,19.099705727000128],[100.569163394000157,19.099702265000019],[100.569209711000155,19.099695014000076],[100.569310416000064,19.099663786000121],[100.569354086000089,19.099650003000136],[100.569371038000099,19.099644653000041],[100.569388932000152,19.099637671000039],[100.569422379000173,19.099624627000026],[100.569454230000019,19.099614554000141],[100.569492271000058,19.099604436],[100.569518025000093,19.099603228000092],[100.569537626,19.099605029000145],[100.569561412000041,19.099613640000086],[100.569595591000109,19.099631966000175],[100.569617418000064,19.099651376000168],[100.569642391000059,19.099676635000037],[100.569660171000123,19.099704894000183],[100.569681125000102,19.099740970000141],[100.569705262000014,19.099786803000086],[100.569726263000064,19.099827776000041],[100.569750353000131,19.099868722000053],[100.569778573000121,19.099910603000012],[100.569802673000197,19.099952528000017],[100.569815331000143,19.099983777000034],[100.569820759000095,19.100013121000188],[100.569829443000117,19.100059095000063],[100.569829878000064,19.100105139000163],[100.569829189000075,19.100141391000136],[100.569823295000106,19.100171810000063],[100.569811114000061,19.100204743000063],[100.569806207000113,19.100218011999971],[100.569801269000095,19.100240582000083],[100.569801499999983,19.100265072000127],[100.569809017000182,19.100297343000079],[100.569817583000201,19.100331558000164],[100.569823075000102,19.100367764000111],[100.569823463000148,19.100408912000148],[100.569819777000191,19.100454985000113],[100.569801879000124,19.100523718000034],[100.569789267000147,19.100569125000163],[100.569782676000045,19.100606309000057],[100.569782886000041,19.100628585000095],[100.569788255000049,19.100645867000139],[100.569796241000176,19.100663949000023],[100.569825987000172,19.100689273000171],[100.569891477000056,19.100731621000136],[100.56992457500013,19.100743710000131],[100.569958476000181,19.100749200000052],[100.569987108000078,19.100748128000134],[100.570016558000191,19.100742105000108],[100.570043376000115,19.100732799000014],[100.570060600000147,19.100718630000188],[100.57008629000012,19.100688944000069],[100.570087216,19.100687876000109],[100.570105209000189,19.10066296500014],[100.570121225000094,19.100646840000138],[100.570132212000033,19.100638700000161],[100.570145864000096,19.100636731000066],[100.570158220000053,19.100636008000095],[100.570169976000102,19.100639622000074],[100.570223044000045,19.10067568],[100.570283233000168,19.100707962],[100.570337499,19.100733483999988],[100.570376716000169,19.100750477000076],[100.570406151000043,19.100765694000188],[100.570481479000023,19.100815802000056],[100.570525351000128,19.100843274],[100.570554184000116,19.100863444000083],[100.570574562,19.100883695999983],[100.570589053000049,19.100902754000174],[100.570597687000088,19.100920627000107],[100.570604418000187,19.100943465000057],[100.570609191000131,19.100966321000158],[100.570612719000053,19.100995989000126],[100.570615110000176,19.101041761000033],[100.570609229000127,19.101070610000022],[100.570606399000098,19.101084531000026],[100.570595011000194,19.101119903000097],[100.570577915,19.101170173000185],[100.570548022000139,19.101244066000163],[100.570535948000042,19.101275729000179],[100.570527190000178,19.10131354900011],[100.570517766000137,19.101349523000067],[100.570505172000139,19.10139479500009],[100.570488679000107,19.101440111000102],[100.570487384999979,19.101444195999989],[100.570459603000188,19.101531943000055],[100.570446337000135,19.101574759000073],[100.570436332000099,19.101618157000075],[100.570436559000029,19.101642287000118],[100.570436746000155,19.10166208600009],[100.570440817000076,19.101679378000085],[100.570446808000099,19.101693560000058],[100.570456031000049,19.101705860000152],[100.570484186000158,19.101722322000114],[100.570509680000157,19.101733866000188],[100.570537112000125,19.101744149000069],[100.570608811000113,19.101765850000163],[100.570709706000173,19.101788089000138],[100.570798435000142,19.101809611000135],[100.570823714000198,19.101820952000082],[100.570836881000162,19.101837332],[100.570844898000189,19.101858721000099],[100.57085306200014,19.101895779000131],[100.570858510000051,19.101921311000126],[100.570863887000087,19.101939415000061],[100.570874487000026,19.101959124000132],[100.570888644000092,19.101987888000053],[100.5709010180002,19.10201170300013],[100.570915144000139,19.102036339000051],[100.570930951000094,19.102056005000065],[100.570951123000157,19.102078110000036],[100.570976496000071,19.10209934400001],[100.571017533000145,19.102125400000034],[100.571048525000037,19.102145069000187],[100.57108464200013,19.102170064],[100.571102229000076,19.102195218000134],[100.57110700200019,19.102209480000113],[100.571116671000198,19.102253400000166],[100.571125084000073,19.102286335000144],[100.571132349000095,19.102320374000044],[100.571146461000183,19.10234445500015],[100.571174488999986,19.102371718000029],[100.571201138000163,19.102392668000164],[100.571224664000169,19.102403142000128],[100.571251109000116,19.102411272000097],[100.571271141000182,19.102413422000097],[100.571294100000046,19.102414160000137],[100.571320966000144,19.102415777000033],[100.571345396000197,19.102417895000031],[100.571366406000152,19.102419570000052],[100.57138645200007,19.1024231130001],[100.571409930000016,19.10242666400012],[100.571456328000124,19.102438372],[100.571499559000074,19.102457883000113],[100.571538292000184,19.102475648000109],[100.571576007000033,19.102489056000138],[100.571620094000195,19.102500783000096],[100.571666440000115,19.102506988000187],[100.571712712000021,19.102505490000055],[100.571761356000138,19.102509476000023],[100.571822684000097,19.102508953000097],[100.571877118000145,19.10251289100006],[100.571924522000131,19.102509187000123],[100.571966183000143,19.10250883100008],[100.5720287420001,19.102515991000132],[100.572085531000084,19.102525414000127],[100.572135366,19.102532683999982],[100.572165316000167,19.102539300000046],[100.572175486000162,19.102540969000074],[100.572181514000079,19.102544428000101],[100.572186645999977,19.102550085000132],[100.572192267,19.102558808000026],[100.572194661000196,19.102568440000141],[100.572193021000089,19.102589514000101],[100.57219240500001,19.102622420000159],[100.572192591000032,19.102642157000105],[100.57219316700008,19.102653993],[100.572196488000088,19.102663617000076],[100.572201201000041,19.102674103000084],[100.572207743000035,19.102682818000176],[100.572217055000124,19.102691958000037],[100.572250587000042,19.102724132000048],[100.572281251999982,19.102745804000051],[100.57228234500019,19.102746572000115],[100.572296110000195,19.102756203000126],[100.572306316000152,19.102760943000135],[100.572319260000143,19.102763461],[100.572337731000175,19.102765500000089],[100.572366824000142,19.102767007000125],[100.5723972830001,19.102767622000101],[100.572416689000136,19.102770526000143],[100.572431414000164,19.102775791000113],[100.572437065000202,19.102777808000042],[100.572449592000055,19.102785164000124],[100.572460332000105,19.102798228000154],[100.572479152000199,19.102837110000166],[100.572493159000032,19.102854098000137],[100.572504394000191,19.102871111000013],[100.572504630000196,19.102871532000165],[100.572517532000177,19.102894248000098],[100.572531085000151,19.102912121000031],[100.572541867000155,19.102929571000061],[100.572552166000037,19.102945717000182],[100.572561544000109,19.102960990000099],[100.572569978999979,19.102974515000085],[100.572577492000164,19.102988487000175],[100.572586881000177,19.103005082000038],[100.572597698000095,19.103026924000062],[100.572603892000075,19.103047042000128],[100.572606361000169,19.103067604000046],[100.572606894000103,19.103072021000116],[100.572607532000177,19.103091320000033],[100.572607292000157,19.103114137999967],[100.572607233000042,19.103114659000084],[100.572607138000137,19.103115480999975],[100.572605591000126,19.103129497999987],[100.572603892000075,19.103145305000169],[100.572603190000166,19.103169002000072],[100.572603856000057,19.103190489000156],[100.572606892000124,19.103218105000167],[100.572612526000057,19.10330747900008],[100.572611773000062,19.103350385000056],[100.572609804000194,19.103386709000063],[100.572605568000199,19.103428548000068],[100.572594534000189,19.103484749000188],[100.572588080000173,19.103536508000104],[100.572580426000059,19.103583874000094],[100.572577981000109,19.103616804000183],[100.572579201000053,19.103635993000069],[100.572583037000186,19.10365860200011],[100.572586836000085,19.103676787999973],[100.572592145000044,19.103690525000161],[100.57259902200019,19.103706216000091],[100.572614800000053,19.103731684000081],[100.57263002600007,19.103753701000073],[100.572644150000201,19.103768350000109],[100.572656161000054,19.103779082000131],[100.572665192000159,19.103785023000171],[100.57267387800016,19.103790745000083],[100.572694710000121,19.103803854000034],[100.572713419000138,19.103810586000066],[100.572736279000083,19.103818270000147],[100.572757563000096,19.103823498000054],[100.572770011000046,19.103824449000058],[100.572780877000071,19.103825273000098],[100.572808845000054,19.103825522000022],[100.572829040000045,19.10382534900009],[100.572845631000064,19.103827676000037],[100.572858613000108,19.103831501000116],[100.572874223000156,19.103839238000091],[100.572889364000048,19.103852404000122],[100.572920684000167,19.103878227000052],[100.57295823000004,19.103905964000148],[100.57297748600007,19.103922336000039],[100.573022390000062,19.103955629000041],[100.573028172000193,19.103964439000094],[100.573031939000032,19.103979175000063],[100.573032028000114,19.103988527000126],[100.573032232000173,19.104010186000039],[100.573028758000021,19.104026459000067],[100.573022201000128,19.10404473400007],[100.573017130000153,19.104056098000115],[100.57300687500009,19.104067013000019],[100.572994528000038,19.104075489000024],[100.572982649000039,19.104079527000181],[100.572967664000146,19.104082117000019],[100.572946972000182,19.104084755000088],[100.572915911000052,19.104086008000081],[100.572873946000186,19.104083905000039],[100.572839733000137,19.104079768000133],[100.572829332000083,19.104079151000178],[100.57281796500007,19.104078472000026],[100.572806591000017,19.104080051000039],[100.572793683000043,19.104084097000054],[100.572782852000103,19.1040891130001],[100.572772568000175,19.10409609200002],[100.572766424000179,19.104104022000172],[100.572763965000092,19.104117826000049],[100.572763118000069,19.104138020000164],[100.572765416000095,19.104162115000065],[100.572768229000076,19.104185719999975],[100.572774169000184,19.104211273000089],[100.572777946000087,19.104226990000029],[100.572784295000133,19.104241706000039],[100.572795362000079,19.104261797000163],[100.572804802000178,19.104274512000075],[100.572816370000055,19.104292625000028],[100.572828417000096,19.104307291],[100.572842548000096,19.104323414000191],[100.572856125000044,19.104335111000182],[100.572872797000173,19.104345310000042],[100.572889449000172,19.104354026000067],[100.572911300999976,19.104365167000026],[100.572933112000101,19.104371872000115],[100.572967366000114,19.104379458000039],[100.573059172000058,19.104395405000048],[100.573100185000158,19.104405886999984],[100.57316098900003,19.104428502000189],[100.573172047000071,19.1044319720001],[100.573216043000173,19.104445757000121],[100.573262777000139,19.104459633000033],[100.573314728000071,19.104477401000054],[100.57337046400005,19.104494334000151],[100.573375846000147,19.104495971000176],[100.573406133999981,19.104505172000131],[100.573411526000086,19.104507958],[100.573481069000081,19.104543915000079],[100.573563986000067,19.104529133000085],[100.573617335000165,19.104521826999985],[100.5736791180002,19.104517306000105],[100.573740912000176,19.104514496000036],[100.573756924000065,19.104514495000103],[100.573808735000171,19.104514487000131],[100.57387059500013,19.104518523000081],[100.573904858000049,19.104523937000181],[100.573949366000193,19.104533826000022],[100.574004774000173,19.104553321000139],[100.574030884000194,19.104563937000137],[100.574058397000044,19.104575118000071],[100.574100565000151,19.104591300000152],[100.5741548270002,19.104617081000072],[100.574200099000052,19.104644082999982],[100.5742737180002,19.104685675000042],[100.574387472000183,19.104753561000166],[100.57439625,19.104758803999971],[100.574463863,19.104799875000083],[100.574509735999982,19.104826868000089],[100.574544138000192,19.104847115000098],[100.574585156000012,19.104868449000094],[100.574614121000195,19.104884747000028],[100.574641861000032,19.104898773000116],[100.574677416000043,19.104913871000122],[100.574707536,19.104925599000012],[100.57475028600004,19.104939494],[100.574816535000082,19.104963463000161],[100.574852674000113,19.104976846999989],[100.574886995000043,19.104987969000035],[100.574938749000069,19.105002355000181],[100.575045235000175,19.105028835000041],[100.575123475000055,19.105050985999981],[100.575181242000156,19.105066470000054],[100.575238387000184,19.105079674000081],[100.575306350000176,19.105094497000152],[100.575320746000159,19.105097681000075],[100.575363486000128,19.105107130000022],[100.575420618000066,19.105118622000077],[100.575481637000053,19.105128659000115],[100.575559628000178,19.105139147000102],[100.575646206000044,19.105154637000169],[100.575717896000128,19.105175325000062],[100.575787514000012,19.105203130000177],[100.575897860000111,19.105249857000047],[100.575961110000037,19.105280762000177],[100.576001830000166,19.105298668000046],[100.576039279000156,19.105309508000062],[100.576083105000066,19.105317249999985],[100.576111907000154,19.105317003999971],[100.576147099000195,19.105314673000066],[100.576213126000084,19.105300924000062],[100.576285514,19.105283056000189],[100.576324898000109,19.105272574000026],[100.576350427000136,19.105264245000171],[100.576373772000068,19.105250856],[100.576415097000165,19.105220073000055],[100.576544274000128,19.105114489000186],[100.57670099500001,19.104987366000046],[100.57680483900009,19.104910404000123],[100.576921492000054,19.104834345000086],[100.577047668000034,19.104750088000173],[100.577107014000148,19.104706975000056],[100.577166378000072,19.104665896000142],[100.577208761000122,19.104634087000079],[100.577245811000182,19.104603340000097],[100.57728387800006,19.104566497000178],[100.577320877000147,19.104529661000129],[100.577345088000129,19.104494970000189],[100.577375456000141,19.10444792200019],[100.577416444000164,19.104382149000173],[100.577476992000186,19.104269037000051],[100.577557898000123,19.10410858500012],[100.577635734000182,19.103961851000065],[100.577698686000076,19.103848726000024],[100.57773257700012,19.103793662000044],[100.5777460380001,19.103778329000136],[100.577761104000103,19.103764505000072],[100.57778101800011,19.103754445000106],[100.577800984000191,19.103749711000091],[100.577831382000056,19.103748690000089],[100.577975468000034,19.103752019000069],[100.578125945000181,19.103755291000027],[100.578194755000197,19.103753943000072],[100.578239564000057,19.103752798000073],[100.578290725000102,19.103747031000012],[100.578341065000188,19.103738993000093],[100.578399385000068,19.103727845000037],[100.578445698000053,19.103717557999971],[100.578492016000155,19.103707269000097],[100.57855903300009,19.10368539500007],[100.578607697000052,19.103669006000075],[100.578656320000107,19.103648808000173],[100.57873518700012,19.10361084900012],[100.578847464000091,19.103552075000039],[100.579004226999984,19.103457913000113],[100.579115705000163,19.103399146000129],[100.579193752000151,19.103358916000161],[100.579226378000158,19.103338854000071],[100.579247033,19.103323464000084],[100.579265278000037,19.103306570000086],[100.579278717000136,19.103288958000064],[100.579331429000092,19.103193410000131],[100.579423473000077,19.103026016000172],[100.579447098000117,19.10298549800018],[100.579466061,19.102960225000118],[100.57948587400017,19.102939516000106],[100.579511270000125,19.102917239000135],[100.579540674000043,19.10289568100012],[100.57959320100008,19.102864800000134],[100.57973486700007,19.102782188000049],[100.579844684000193,19.102717342000176],[100.579960034000123,19.102644840000039],[100.580036373000155,19.102593215000127],[100.58008726800017,19.102559304000067],[100.580116648000114,19.102534707000075],[100.58014762,19.102510101000178],[100.580165830999988,19.102489404000153],[100.580191211000169,19.102464842000074],[100.580209390000164,19.102441102000057],[100.580225124000037,19.102412819000108],[100.580240794000076,19.102377693000051],[100.580251654000108,19.102341081000077],[100.580253835000178,19.102318238],[100.580254402000151,19.102293890000169],[100.580250701000125,19.102240667000103],[100.580246246000172,19.102192779000063],[100.580239490000167,19.102156318000141],[100.580229608000025,19.102126736000173],[100.58021257200005,19.102102540000146],[100.580163295000148,19.102054276000047],[100.580101871000068,19.101990134000062],[100.580074352000167,19.101957660000039],[100.580051622000042,19.101923622000072],[100.580032152000058,19.101895642000045],[100.580025848000048,19.101878904999978],[100.580020636000143,19.101863546000061],[100.58001576200013,19.101848501000177],[100.580012263000071,19.10183505100008],[100.580009080000082,19.10181967300008],[100.580007598000179,19.101806209000017],[100.580006029000117,19.101783435000073],[100.580006162000018,19.101761612000132],[100.580006621000166,19.101739137000152],[100.580008148000047,19.101721476000023],[100.5800100350001,19.101707016999967],[100.580012631000102,19.101696081000171],[100.580016914000055,19.101684813000134],[100.580022884000186,19.101673847000086],[100.580030556000111,19.101663832000042],[100.580045922000124,19.101646688000073],[100.580069005000155,19.101624345000062],[100.580089752000049,19.101604914000177],[100.580127268000126,19.101573781000184],[100.58017420200008,19.101538714000185],[100.5802579610002,19.101488378000113],[100.580377848000069,19.101409179000029],[100.580439313000056,19.101372134000087],[100.580464948000156,19.101353657000061],[100.580486992000033,19.101336351000043],[100.580502437000177,19.10131967500007],[100.580524416000117,19.101295522000157],[100.580545734000111,19.101265101000024],[100.580591358000163,19.101203084000133],[100.580628094000133,19.101153130000057],[100.580636364000156,19.101139364000176],[100.580645237000056,19.10112502800007],[100.580652239000131,19.101103856000066],[100.580657987000052,19.101076985000077],[100.580660649000095,19.101041591000183],[100.580665298000042,19.100962246000108],[100.580665509000141,19.100921730000096],[100.580664642000158,19.100893210999971],[100.580660780000187,19.100865856000098],[100.580653829000084,19.100828832000047],[100.5806432010001,19.100784415000021],[100.580626026000175,19.100745767000035],[100.580585587000087,19.100658816000021],[100.580528782000101,19.100554891000058],[100.580470074000061,19.100440140000046],[100.580437049000068,19.100375379000127],[100.580413699000076,19.100329079],[100.580392626000048,19.100290317000031],[100.580376665000074,19.100269056000116],[100.580358458000035,19.100247817000024],[100.580346641000062,19.100235938000026],[100.58033303600007,19.100225352000052],[100.580321724000044,19.100219459000186],[100.580305008000096,19.100212760999966],[100.580242282000199,19.1001966070001],[100.580132198000172,19.100169735000179],[100.580037919000063,19.100149153000075],[100.579972957000052,19.100134305999973],[100.579939563000096,19.100125602000162],[100.579919228000108,19.100116789000026],[100.579897936000123,19.10010285200002],[100.579883401000075,19.100089283999978],[100.579871556000114,19.1000744050001],[100.579857390000143,19.10005227400012],[100.579844088000129,19.100025858000095],[100.579835310000135,19.100002399000175],[100.579828296000073,19.09997464200012],[100.579823508,19.099944305000179],[100.579821435000099,19.099915649000081],[100.579821133999985,19.099883985000133],[100.579823594,19.099858718000121],[100.579827441000077,19.099837290000096],[100.579832641000166,19.099816274000148],[100.5798436500001,19.099790079],[100.579852469,19.099770745],[100.579872858000044,19.099737191000088],[100.579894146000186,19.099703632000057],[100.579926526000179,19.099652859],[100.579973543000108,19.099579284000072],[100.580014265999978,19.099506613000187],[100.580062023000153,19.099416769000015],[100.580084586000112,19.099375064000071],[100.580121206000115,19.099296438000124],[100.580138370000157,19.099255641000013],[100.580161138000051,19.09918825900013],[100.580185587000074,19.099108457000114],[100.580234268000083,19.098958777000178],[100.580252848000043,19.098880841000096],[100.580269827000109,19.098802635000027],[100.580293034000135,19.098695732000124],[100.580307188000063,19.098631025000032],[100.580323134000139,19.098567990000049],[100.580336272000181,19.09852126300018],[100.580347221000125,19.098491971000101],[100.580357033000041,19.098467733],[100.580370936000179,19.098438973000157],[100.580390132,19.09840736100017],[100.580416991,19.098373992000177],[100.58042982000012,19.098356473000081],[100.580442643000197,19.098338392000073],[100.580453113000146,19.098320893000107],[100.580462925000063,19.098296662000166],[100.580470361000152,19.098270763000073],[100.58047310000012,19.098248275000174],[100.580476677000149,19.09818983700012],[100.580475776000185,19.098156713000037],[100.580473185000017,19.098133149000034],[100.580467084000134,19.098112424000192],[100.580459840000117,19.098096197000189],[100.580447264000099,19.098078334000036],[100.580429379000122,19.098061078000057],[100.580384206000076,19.09803226300005],[100.580299284000148,19.097985258000165],[100.580136001000199,19.097898488999988],[100.580063560000156,19.097859232000019],[100.580047470000068,19.097844774000066],[100.5800337390001,19.097829163000142],[100.580022331000066,19.097810173000141],[100.580014500000175,19.097793947000071],[100.580008996000117,19.097774343000026],[100.58000760800013,19.097753012000112],[100.580008613000132,19.097733909000056],[100.580012569000132,19.097715341000139],[100.580022434000114,19.097696725],[100.580041102000109,19.097671853000065],[100.58006793900006,19.097636242000078],[100.58009179700008,19.09759785100016],[100.580103376000068,19.097573040000157],[100.580106750000198,19.097555044000103],[100.580108347000078,19.097537052],[100.58010581100018,19.097518544000081],[100.580100907000144,19.097499492000111],[100.580085264,19.097469859000057],[100.5800618990001,19.09743524400011],[100.580042141000092,19.097407894000185],[100.580034877000173,19.097389426000063],[100.580032367000172,19.097373724000022],[100.580033419000074,19.097360234000121],[100.580036858000085,19.09734897300018],[100.580044976000067,19.097333180000021],[100.580056023000168,19.097314548000099],[100.580068867000136,19.097298715000136],[100.580080548000126,19.097284013000149],[100.580094620000068,19.097273223000116],[100.580111073000126,19.097264094000025],[100.580129918000125,19.097257762000027],[100.580157016000101,19.097249662000024],[100.580192421000106,19.097245430000044],[100.580249671000047,19.09723988200011],[100.580331205,19.097240869000132],[100.580458254000121,19.097244833000104],[100.58063845700002,19.097247215000095],[100.580709357000046,19.097248292000131],[100.580744804000062,19.097248549000028],[100.580763687000115,19.097246702000177],[100.580773703000034,19.097243248000041],[100.580781917000195,19.097237558000131],[100.580789498000172,19.097227389000068],[100.58079174,19.097215016],[100.580799104000107,19.097057138000082],[100.580801297,19.097039151000104],[100.580807672000105,19.097026180000057],[100.580818803000057,19.097015974000101],[100.580833516000098,19.097010234000152],[100.580849446000173,19.097007851],[100.580873651000161,19.097006519999979],[100.580918563000125,19.097007819],[100.580972380000048,19.097014098000102],[100.581046363000041,19.097029187000032],[100.581068880000032,19.097036292000155],[100.581092008000155,19.097045639000157],[100.581109208000157,19.097052790000077],[100.581138900000155,19.097068828000033],[100.581226301000186,19.097128166000118],[100.581357091000143,19.097215211000105],[100.581434387000172,19.097267337000176],[100.581502125999975,19.097308877000046],[100.581549029000087,19.097333744000082],[100.581582271000173,19.097350309000092],[100.581615493000072,19.097364625000068],[100.581637406000198,19.097371178000174],[100.581655770000111,19.097376075000113],[100.581674098000178,19.097377603000041],[100.58169711100004,19.097375158000148],[100.581723061000048,19.097370442000113],[100.581741308000062,19.097363544000075],[100.581765433000044,19.097353792000149],[100.581791859000077,19.097336713000061],[100.581827061000126,19.097311141000091],[100.58190195800006,19.097235808000164],[100.582030027000087,19.097098241000026],[100.582072688000153,19.097049572],[100.582103725000138,19.097020665],[100.582140672000094,19.096992269000168],[100.582199331000027,19.096948524000027],[100.582253366000145,19.096915485000011],[100.582294488000173,19.096891546000109],[100.582344477000163,19.096868091000033],[100.582428622000123,19.096832545000098],[100.582532758000184,19.096787848000019],[100.582575134000137,19.096771198000056],[100.582635185000072,19.096749905000024],[100.58275536900004,19.096715174000053],[100.582889699000134,19.096677519000025],[100.582953350000196,19.0966618060001],[100.582978701000059,19.0966565330001],[100.583003499000142,19.096654634],[100.58303424200011,19.096657740000126],[100.583083954000131,19.096666861000074],[100.583148521000055,19.096685405000187],[100.58319771000015,19.096701827000118],[100.583260585000119,19.096728805000055],[100.583299737000118,19.096745875000011],[100.583322271000043,19.096755229999985],[100.583337084000107,19.096759594],[100.58335660400013,19.096762234000039],[100.58341925000019,19.096765065],[100.583604764000086,19.096767403],[100.583673283000167,19.096766251000133],[100.583713444000182,19.096765341000037],[100.583748287000105,19.096764483000129],[100.583776036000188,19.096762559000183],[100.583799040000144,19.096758430000079],[100.583863797000106,19.096733035],[100.583975587000111,19.096689208000043],[100.584052155000052,19.096626057000037],[100.584151086000134,19.096511090000035],[100.584207674000197,19.096450832000016],[100.58430125700005,19.096373954000057],[100.584394942000074,19.096307937],[100.584451556000147,19.096250393000048],[100.584472958000163,19.096213272999989],[100.58449091600005,19.096182131000091],[100.584518718000197,19.096100384000181],[100.584526086000096,19.09606491500017],[100.584535115000051,19.096021453000105],[100.584545849000051,19.095947999000089],[100.584545099000138,19.095869214000061],[100.584555906000048,19.095803911000075],[100.584575369000163,19.095746691000102],[100.584614807000037,19.095686576000048],[100.5846713950001,19.095626315000118],[100.584756583000058,19.095568523000111],[100.584819119000088,19.095532665000178],[100.584898669000097,19.095483081000168],[100.58498697400006,19.095452431000126],[100.585120926000116,19.095413239999971],[100.585226327000044,19.095377014000178],[100.585264932000143,19.095360097000139],[100.58529981800018,19.0953413740001],[100.585334006000153,19.095326211000156],[100.585359074999985,19.095314753000082],[100.585380748000091,19.095306953000147],[100.585395221000169,19.09530465000006],[100.585422323000103,19.095306595000125],[100.585459725000135,19.09530772100004],[100.585483023000108,19.095310784000048],[100.585509788000138,19.095316721000074],[100.585528520000082,19.095320909000066],[100.58553581200016,19.09532556],[100.585538932000077,19.095332423000116],[100.585531710000168,19.095375285000102],[100.585526616000095,19.095397882000157],[100.585517030000176,19.095440403],[100.58550397800019,19.095493814000065],[100.585483729000032,19.095551587000159],[100.585467213000072,19.095621361000042],[100.585455972000091,19.095675616],[100.585451805000048,19.095712619000153],[100.58545033900009,19.095748735000143],[100.585451673000193,19.095793430000185],[100.58545213900004,19.095842423000079],[100.585449882000148,19.095890587000156],[100.585445123,19.095960261000016],[100.585442930999989,19.096014399000069],[100.585443380000129,19.096061540000164],[100.585443615000088,19.096086199000126],[100.585443787000088,19.09610432900007],[100.585444714000062,19.096121004999986],[100.585446383000146,19.096136226000112],[100.585450737000144,19.096152873000165],[100.585464041000137,19.096187574000112],[100.585475355000199,19.09621394900006],[100.58548702100012,19.096237061000011],[100.585494686000118,19.096249550999971],[100.585496320000061,19.096252212000138],[100.58550635500012,19.096264094000048],[100.585515209000107,19.096272721000105],[100.585543642000061,19.09629387800004],[100.58557049500007,19.096315107000066],[100.585576312000114,19.096319706000031],[100.585581304000186,19.096324453000136],[100.585596718000033,19.096339114000045],[100.585619069000188,19.09636249800019],[100.585639130000175,19.09638625700012],[100.585654590000047,19.09640679600011],[100.585665064000182,19.096425205000116],[100.585675189000028,19.096446516000015],[100.585686554000176,19.096478331000071],[100.585698350000087,19.096515587000169],[100.585707452000122,19.096549599000127],[100.5857131140001,19.09658327600016],[100.585718530000179,19.096631107000121],[100.585721215000149,19.09667315300004],[100.585721578000062,19.096711227000185],[100.585721122000052,19.096743148000087],[100.585718378000138,19.096775813000022],[100.585711148000087,19.096837350000044],[100.585693641000148,19.096921963],[100.585671195000089,19.096986628000138],[100.585636187000034,19.097084930999983],[100.585615747000077,19.097146357000099],[100.585609835000128,19.097166399000173],[100.585610007000184,19.097184449000054],[100.585612182000091,19.097199261000071],[100.585620493000135,19.097217241000124],[100.585630122000111,19.097231342000157],[100.585647890000189,19.097245375000114],[100.585669690000032,19.097255506000181],[100.585707056000103,19.097262274],[100.585745722000127,19.097263229000191],[100.585782995999978,19.097260329000108],[100.585849415000098,19.097255244000166],[100.585908346000053,19.097247646000085],[100.585959807000165,19.097238822000065],[100.586005838000119,19.097229394000124],[100.586057923000112,19.097214765000103],[100.586105947000135,19.097201455000061],[100.586143817000107,19.097189524000044],[100.586182366000173,19.097178233000079],[100.586228999000014,19.097161067000116],[100.586271522000118,19.097139423000101],[100.586304564000159,19.097119795000026],[100.586329504000105,19.097103462],[100.586347631000081,19.097083963000102],[100.586373154000171,19.097057953000103],[100.586399328000198,19.097028717000171],[100.586435779000112,19.096976013000074],[100.586437459000081,19.096973582000146],[100.586469651000073,19.096935266000173],[100.586506513000074,19.096889172999965],[100.586522512000101,19.096860018000143],[100.586549147000085,19.096808209000017],[100.586582232000069,19.096721528000046],[100.586607383000057,19.09665619600014],[100.58662722400004,19.096603150000192],[100.586637838,19.096578559000022],[100.586647159000165,19.096560424000018],[100.58665722100011,19.096548734000123],[100.586670011000137,19.096538309999971],[100.586682821000124,19.096530462000032],[100.586699035000038,19.096523874000013],[100.586715947000187,19.096519217000093],[100.586736248000193,19.096514525000089],[100.586761322000143,19.096512372000177],[100.586793858000135,19.096510159000047],[100.586844044000031,19.096510375999969],[100.586950596000122,19.096517834000053],[100.58707617400006,19.09652965000015],[100.587159145999976,19.096537689],[100.587186152000072,19.096540306000179],[100.58721738100013,19.096543907000182],[100.587243865000175,19.096547547000114],[100.587264942000047,19.096552523000184],[100.587280610000107,19.096559481000043],[100.58729905500013,19.096574149000048],[100.587313440000173,19.096588856000096],[100.587325867,19.096611316000178],[100.587332841000091,19.096631886000068],[100.587337836000017,19.096657632000074],[100.587340102000041,19.096682115000078],[100.587340984000093,19.096703387000048],[100.587339197000063,19.096729192000168],[100.587331451000125,19.096770518000028],[100.587320981000175,19.096798684000021],[100.587299709000149,19.096855900000151],[100.587281822000193,19.09690054500004],[100.58725924200013,19.096950382000159],[100.587242619000051,19.096985342000039],[100.587225892,19.097009343000138],[100.587185031000104,19.09706320700019],[100.587100576000125,19.097167745000093],[100.587077049000015,19.097194728000147],[100.58705696800007,19.097217766000085],[100.58703291,19.097255368000162],[100.586976219000064,19.097355790000108],[100.586971795000011,19.09736937100007],[100.586970149000081,19.0973767320001],[100.586970249999979,19.09738733800009],[100.586970681000139,19.097402566000085],[100.586972552000191,19.097418871000116],[100.586974073000022,19.097428377000028],[100.586976467000056,19.097439240000085],[100.586982924000154,19.097456047000151],[100.586991993000083,19.097477188000028],[100.586999861000038,19.097492076000037],[100.587010321000037,19.097508578000145],[100.587024247000102,19.097528860000068],[100.587041069000065,19.09755265300015],[100.587055560000124,19.097572109000168],[100.587065403000167,19.097584268000048],[100.5870758370001,19.097598051000034],[100.587087692000125,19.097611276000123],[100.587097798000059,19.097620705000111],[100.587111359000062,19.097632561000012],[100.587125484000069,19.097643589000029],[100.587135851000085,19.097650302000147],[100.587146212000164,19.097656469000071],[100.587154825000084,19.097659927000166],[100.587169164000102,19.097663071000056],[100.587181762000114,19.097664322000071],[100.587201220000111,19.097664696000095],[100.587222397000176,19.097664788000088],[100.587247562000186,19.097663207999972],[100.587275007000073,19.097661069000083],[100.587293006000039,19.097658466000098],[100.587304431,19.097655918999976],[100.587324685000112,19.097649487000183],[100.587351758000125,19.097638376000077],[100.58738341600008,19.09762749600003],[100.587401101000012,19.09762162800007],[100.587416520000147,19.09761877700015],[100.587428805000172,19.097616765000112],[100.587445682000066,19.097616078000158],[100.587469433000194,19.097616143000096],[100.587508354000136,19.097617444000093],[100.587576236000018,19.097624469000039],[100.587718011000163,19.09763956900008],[100.587797032000196,19.097650267000063],[100.587874429000124,19.097658306000085],[100.587917714000071,19.09766324900005],[100.587950290000094,19.09766587200005],[100.587985902000185,19.097666049000111],[100.588053532000117,19.097664017000113],[100.588116571000057,19.097660084999973],[100.588159793000102,19.097658260000117],[100.588180919000081,19.097656564000147],[100.588186728000096,19.097656095],[100.588211115000092,19.097652987000117],[100.588233955000192,19.097647949000077],[100.588253726000119,19.097640527000124],[100.58827522100006,19.097632541],[100.588301820000197,19.097616898000069],[100.588322554000172,19.097603667000101],[100.588345275000165,19.097586063999984],[100.588360374999979,19.097569489000136],[100.588374447000092,19.097551961000079],[100.588399048000099,19.097517901000117],[100.588426169000115,19.097470030000181],[100.588446882000142,19.09742736200019],[100.588465833000043,19.097384247000093],[100.588487945000054,19.097334363000016],[100.588509447000092,19.097288156000047],[100.588517057000161,19.097271814000123],[100.588523846000101,19.097260366000057],[100.588529223000137,19.097253072000171],[100.588535351000075,19.097248531000048],[100.588545479000061,19.097244649000061],[100.588554180000131,19.097243534000086],[100.588566163000166,19.097243431000152],[100.588581801000032,19.097246407000057],[100.588611664000098,19.097255812000014],[100.588655031000201,19.097273728000062],[100.588699159000157,19.097294745000113],[100.588726167000061,19.097309352000025],[100.588746992000097,19.097322979000182],[100.588764910000179,19.097336977000055],[100.588786131000063,19.097354051000082],[100.588809533000017,19.097371790000011],[100.588840240000195,19.097393616000033],[100.588860747000183,19.097412073999976],[100.588877303000118,19.097435056000108],[100.588890925000044,19.097454956000149],[100.588900912000042,19.097473851000018],[100.588908691000086,19.097490353000182],[100.588916906000122,19.097514095000179],[100.588922189000129,19.097535447000155],[100.588928710000062,19.097571972000082],[100.588931858000137,19.097597487000144],[100.588934289000065,19.097623694999982],[100.588935338000056,19.097657857000172],[100.588937007000084,19.09768884000016],[100.588937543000156,19.09769890299998],[100.588942964000125,19.097734061000097],[100.588945743000124,19.09775889000008],[100.588947731000076,19.09777681200012],[100.5889489770002,19.097793371000023],[100.588948974000118,19.09779898000005],[100.58894896400011,19.097829956000112],[100.588948341000162,19.097879313000192],[100.588945171000091,19.097965276000082],[100.588943321999977,19.097999462000075],[100.588941684000019,19.098018114000013],[100.58893826100001,19.098039887000141],[100.588935148000019,19.098056135000093],[100.588929571,19.098080339000148],[100.588920762999976,19.098108373000116],[100.588909780000051,19.098137112000131],[100.588894486000072,19.098170375000109],[100.588857177000079,19.098255255000026],[100.588812987000153,19.098341574000131],[100.588792957000067,19.098373495000033],[100.588778988000058,19.098392945000057],[100.588756425999975,19.098425580000026],[100.58872343500019,19.098468315000048],[100.58869186700008,19.098508278999986],[100.588660311000126,19.098549274000106],[100.588647399000138,19.09856595499997],[100.588637743000049,19.098581571000011],[100.588630992000105,19.098596467],[100.588618952000161,19.098628667000185],[100.588604457000145,19.098669174000065],[100.588600253000152,19.098685428000181],[100.588598949000186,19.098700969000163],[100.588599101000057,19.098716848000095],[100.588598938000132,19.098737557000163],[100.58860125700005,19.09875272000005],[100.588604664000059,19.098767187000135],[100.588608415000067,19.098779577000073],[100.588615087000107,19.098794016000113],[100.588621742000043,19.098806728999989],[100.588628746000097,19.09881771400012],[100.588636853000139,19.098830067000165],[100.588645623000161,19.09883655200008],[100.588656223000157,19.098843705000036],[100.588671902000101,19.098850822000031],[100.588689390000127,19.098857572000043],[100.588708685000199,19.098863269000049],[100.58874507000013,19.098871583000061],[100.588788354000144,19.09887983800013],[100.58884470300012,19.098887980000086],[100.588894872000083,19.098895142000117],[100.588924674000054,19.098898336000047],[100.588948654000092,19.098900546000039],[100.588970442000118,19.098901048000073],[100.588989689000186,19.098901570000123],[100.589005296000153,19.098901435000016],[100.589026341000192,19.09889952900005],[100.58905281300008,19.098896540000055],[100.589086530000145,19.098891762000051],[100.589102836000052,19.098888514000123],[100.58912817800018,19.098881049000113],[100.589173434000202,19.098867887000097],[100.589229179000142,19.098850841000115],[100.589317129000108,19.098822473000041],[100.589366711000139,19.098806169000113],[100.589417740000158,19.098789508000095],[100.589499492000186,19.098758089000057],[100.589581942000109,19.098724241000127],[100.589694006000116,19.098674263000078],[100.589781481000159,19.098634166000011],[100.589863900000125,19.098596872000144],[100.589911408000148,19.098578089000114],[100.589959387000135,19.098559121000108],[100.590022664000116,19.098532689000081],[100.590044366000143,19.098524216000158],[100.590088095000112,19.098503131000086],[100.590187069000137,19.098450854000134],[100.59029111500007,19.098397151000029],[100.590375678000044,19.098356382000134],[100.59042467900008,19.098332508000112],[100.590430878000177,19.098328714000161],[100.590522216000068,19.098272770000165],[100.590607575000149,19.098222949000046],[100.590692999000112,19.098178646000179],[100.590773943000045,19.098139292000099],[100.590835629000139,19.098110534000057],[100.590901151000082,19.098078062000013],[100.590987764000033,19.098024552000027],[100.591032700000198,19.097999002000051],[100.591062901000157,19.097984632000134],[100.591085429000032,19.097978303000048],[100.591101527000149,19.097974480000175],[100.591127302000075,19.097969960000114],[100.591147314000125,19.097970404000023],[100.591173161000199,19.097973861000185],[100.591214549000085,19.097982096000067],[100.591255978000049,19.097995236000088],[100.591298106000124,19.098013893000143],[100.591332471000044,19.098030159000075],[100.59135454,19.098042858000156],[100.591387025000131,19.098065278000036],[100.591435175000015,19.09810596900013],[100.591510046999986,19.098174039000071],[100.591611590000127,19.098263967000037],[100.591659116000187,19.098307123000041],[100.591690346000121,19.098332619000018],[100.591731927000069,19.098361712000042],[100.591785827000081,19.098396218000062],[100.591886447000093,19.098456707000025],[100.591982512000129,19.09851355100011],[100.592070754000133,19.098562486000162],[100.592205774000092,19.098642925000149],[100.592270031000169,19.098681022000164],[100.592300578000163,19.098703461000184],[100.592362385000172,19.098754464000024],[100.592450224000061,19.098828559000026],[100.592519182000103,19.098885637000137],[100.592559545000142,19.098922100000038],[100.592605104000086,19.098961593000013],[100.592616358000157,19.098970129],[100.592653865000159,19.098998593999966],[100.592686970000159,19.0990185550001],[100.592718111000124,19.099034853000035],[100.59274789900013,19.099045640000156],[100.592784558000062,19.099054950000038],[100.592789954000125,19.099056319000056],[100.592835877000084,19.099066356000094],[100.592914776000157,19.099082846000044],[100.593028584000137,19.099105180000095],[100.593119797000156,19.099127092000117],[100.593197434999979,19.099146668000174],[100.593256981000138,19.099163949000058],[100.593288064000149,19.099175337000133],[100.593324378000091,19.099192810999966],[100.593358126000055,19.099212158000057],[100.593394499000169,19.099236388000122],[100.593468665000046,19.099297711000133],[100.593540948999987,19.099364581000145],[100.593648425000197,19.09946734100015],[100.593690178000202,19.099513609000041],[100.593720206000171,19.099549549000187],[100.593741208000154,19.099585569000169],[100.593744924000077,19.099592644000097],[100.593767505000073,19.099635650000096],[100.593793115000096,19.099681448000183],[100.593842401000074,19.099773668000182],[100.593856806000133,19.099796086000083],[100.593892197000116,19.099851159000082],[100.593951210000114,19.099948205000146],[100.593985337000163,19.10000680700017],[100.593996560000107,19.10003309700005],[100.594002579000176,19.10005513100009],[100.594006662000083,19.100077186000078],[100.594006826999987,19.100094364000029],[100.594005074000108,19.10011339600004],[100.594001396000181,19.100133676000098],[100.593992575000073,19.100155842000163],[100.593977356000153,19.100184199000125],[100.59394798,19.100216970000076],[100.593858526000076,19.10031162000007],[100.593744744000105,19.100426729000105],[100.593607774000134,19.100546942],[100.593468923999978,19.10069684399997],[100.593337286000121,19.100849236000158],[100.593195032000096,19.101011901000049],[100.593145924000112,19.101073894000081],[100.593129734000172,19.101101644000096],[100.593121199999985,19.101120588000072],[100.593118450000134,19.101136715000052],[100.593118617000073,19.101154201000099],[100.593120734000138,19.101173047000032],[100.593124773000056,19.10119049900004],[100.59312874699998,19.101201048000121],[100.593136629000128,19.101215246000095],[100.593162600000028,19.101248152000153],[100.59319785800011,19.101290645000176],[100.59323803400008,19.101340915000094],[100.593266428000106,19.101374260000057],[100.593285517000197,19.101396186000102],[100.593297738000047,19.101408503000187],[100.59331382400012,19.101420330000167],[100.5933425610001,19.101438491000181],[100.593401382000081,19.101464671000031],[100.593451953000113,19.101488622000147],[100.593480625000154,19.101500337000118],[100.593518504000201,19.101512892000187],[100.593589361000113,19.101532070000189],[100.593649053000092,19.101547658000015],[100.59371941500001,19.101565912000126],[100.593754340000146,19.101572974000192],[100.593786347000048,19.10157913900008],[100.593809116000102,19.10158078500001],[100.593843978000109,19.101581861000113],[100.593871080000042,19.101581627000087],[100.593910763000054,19.101580366000064],[100.593941246000156,19.101578719000031],[100.593970256000091,19.101575247000085],[100.59401374000015,19.101566586],[100.594066841000199,19.101551405000066],[100.594108856,19.101541379000139],[100.594147511000074,19.101533680000102],[100.594189539000183,19.10152457099997],[100.594225773000176,19.101517353000133],[100.594263474000172,19.10151104800002],[100.594314225000062,19.101503705000027],[100.594343237000146,19.101500233000138],[100.594378567000035,19.101499006000097],[100.594428910000033,19.101499030000127],[100.594504440000037,19.101500676000057],[100.594561087000045,19.101502027000095],[100.594597929000088,19.101507229000163],[100.59465125000014,19.101515052000025],[100.594692482000141,19.101523897000106],[100.594722080000111,19.10153100499997],[100.594780383000057,19.10155396600004],[100.594838259000028,19.101582458000053],[100.594870859000082,19.101599662000069],[100.594900094000081,19.101619657000072],[100.594937146000177,19.101646947000177],[100.594973196000126,19.101671023000051],[100.59499997,19.10168643500009],[100.595016031,19.101695042000131],[100.595025747000136,19.101699096000118],[100.595037868000134,19.101701294000122],[100.595091609000065,19.101701746000174],[100.595253252000191,19.101698047000127],[100.595331164000072,19.10169598900012],[100.595366495000064,19.101695227000107],[100.595391686000085,19.101697309000087],[100.595416904000047,19.101702148000015],[100.595458646000111,19.101713753000183],[100.595504300000187,19.101729464000186],[100.595547531000136,19.10174519800006],[100.595573763000175,19.101754633000041],[100.595611655000084,19.101768571000093],[100.595637382000177,19.101775707000172],[100.595669392000161,19.101782330999981],[100.595706251000081,19.10178937600017],[100.595748421000053,19.10179545200009],[100.595806586000151,19.101803233000112],[100.595854082000187,19.101809263000121],[100.595900610000115,19.101815301000045],[100.59593331200017,19.101817231000041],[100.595952219000196,19.101814615000023],[100.595969369000045,19.101807920000056],[100.59598473300008,19.101794695000137],[100.595997449000038,19.101774953000131],[100.596017474000178,19.101731668000184],[100.596024427000145,19.101716636000162],[100.596061582000118,19.101641868],[100.596098766000182,19.101571196],[100.596124175000057,19.101528432000066],[100.596141098000089,19.101509571000179],[100.596154531000082,19.101497183000049],[100.596176319000108,19.101481041000113],[100.596207085000174,19.101458690000129],[100.596246211,19.101433189999966],[100.596282163000126,19.101413247000039],[100.596317461000069,19.101392081000029],[100.596348915000192,19.101374013000168],[100.596373330000119,19.101362756000185],[100.596393275000082,19.101355833000071],[100.596416463000082,19.101351342000157],[100.59645576600002,19.101344252999979],[100.596502186000123,19.101338938000026],[100.596559582000111,19.101334143000031],[100.596597643000166,19.101331976000154],[100.59664668500011,19.101330935000135],[100.596686052000109,19.101330594000046],[100.596727365000049,19.101330852000046],[100.596764181000083,19.101333601000022],[100.596802289000038,19.101336951000121],[100.596842357000128,19.101342124999974],[100.596895399000061,19.101354548000074],[100.596956262000049,19.101374271000168],[100.597006126999986,19.101391626000122],[100.597055392000073,19.101413907000051],[100.597122191000039,19.101447070000063],[100.597199412000123,19.101490576000117],[100.59730783100008,19.101556516000073],[100.597426770000084,19.101642608000077],[100.597528136000108,19.101713514000096],[100.597602854000115,19.10176501899997],[100.597638528,19.101786755000035],[100.597653492000177,19.101795873000071],[100.597685954000042,19.101815223000074],[100.597717114000147,19.101833975000034],[100.597743046000119,19.10184601800006],[100.597781269,19.10186102800003],[100.597812984000086,19.101870571],[100.597835626000176,19.101875893000113],[100.59788670100005,19.101884651000148],[100.597997199000133,19.101897806000068],[100.598101883000083,19.101911009000162],[100.598114941000119,19.101913185000171],[100.598143901000185,19.10191800900003],[100.59817753700014,19.101925078000022],[100.59820278300009,19.101932840000131],[100.598222213000099,19.101940642000045],[100.598246874000097,19.101954542000158],[100.598292342000093,19.101984209000022],[100.598406109000052,19.102069122000046],[100.598466374000111,19.102114264000022],[100.598544581000112,19.10217284099997],[100.598716935000141,19.10231000400006],[100.59876142100012,19.102345867999986],[100.598884106000071,19.102444768],[100.598982368000179,19.102528583000094],[100.599061806000179,19.102600910000149],[100.599130222000156,19.102667804000191],[100.599208551000174,19.10275915699998],[100.599278350000191,19.102835860000027],[100.599316912000177,19.102886450000142],[100.599339141000144,19.102915708000069],[100.599341242000037,19.102918648000127],[100.599357458000156,19.10294132000007],[100.599374481000041,19.102966325000068],[100.599386365000157,19.102993831000049],[100.599414751000154,19.103059849000033],[100.599446365000119,19.103125841000121],[100.599468785,19.103175342000043],[100.599486036000144,19.103223663000051],[100.599521158000186,19.103319073000137],[100.599550468000132,19.103413924999984],[100.599579091000066,19.103504479000037],[100.59961450100019,19.103629340000168],[100.599632609000082,19.103700353000079],[100.59965444400018,19.103756001000079],[100.599669702000199,19.103798813000026],[100.599680985000191,19.103831237000065],[100.59969544400002,19.103858107000178],[100.599718381000059,19.103894107000144],[100.599764850000099,19.103961192000099],[100.599796173000129,19.10399650700009],[100.599819001000071,19.104021468000099],[100.599842429000034,19.104041509000069],[100.599863224000046,19.104056057000037],[100.599886599000115,19.104070574000048],[100.599921584000072,19.104084385000078],[100.599977914000135,19.104102302],[100.600078223000196,19.104130265000094],[100.600151964000133,19.104147418000025],[100.600219888000083,19.104162783000163],[100.600297495,19.104179288000182],[100.600395752000054,19.104195],[100.600497890000156,19.104211292000173],[100.600561425000194,19.104222326000183],[100.600696372000073,19.10424576600019],[100.600852197000108,19.104274472000043],[100.600911726000106,19.104289913000173],[100.600937612000166,19.104298303000178],[100.600961482000173,19.104309980000153],[100.600985380000168,19.104325226000185],[100.601030024000124,19.104352172000119],[100.601077160000159,19.104378505000057],[100.601111095000192,19.104397224000081],[100.601135579000072,19.104407706000075],[100.601151235000145,19.104411133999974],[100.601170618000083,19.104411564000031],[100.601199312000119,19.104405368000073],[100.601254765000192,19.104385872000023],[100.601351235000152,19.104342250000172],[100.601418502000115,19.104316705000087],[100.601447169000096,19.104307544000108],[100.601462772000048,19.10430502700018],[100.601482155000156,19.104305452000119],[100.601497172000052,19.104307109],[100.601516595000192,19.104311690000145],[100.601536059000182,19.104320437000069],[100.601566245000186,19.104339190000076],[100.60160470500017,19.10437331900016],[100.601654659000076,19.10443230900006],[100.601725029000193,19.104534500000057],[100.601749861000087,19.104581822000114],[100.601782867000168,19.104633236999973],[100.601789863000022,19.104644577000045],[100.601819695000188,19.104692933000138],[100.601843798000175,19.10472897],[100.601855181000133,19.104742537000163],[100.601868397000146,19.104751931000067],[100.601881572000082,19.104757165000137],[100.601900944000079,19.104756405000046],[100.601913417000162,19.104753324000058],[100.601944550000155,19.104740572000082],[100.602014225000119,19.104705501000126],[100.602114916,19.104645199000117],[100.602194969000152,19.104584486000135],[100.602327769000169,19.104483499000025],[100.602397270000097,19.104429646000085],[100.602405332000103,19.104423399000041],[100.602477285000077,19.104365134000091],[100.602511359000061,19.104333341000029],[100.602533039000093,19.104312355000104],[100.602547231000187,19.104293810000058],[100.602558280000096,19.104272318000085],[100.602569278000146,19.104246078000187],[100.602572821000194,19.104224659000124],[100.602574503000142,19.10420443400011],[100.60257429100011,19.104182449000177],[100.60257157000018,19.104159301000038],[100.602565659000106,19.104129637000085],[100.602557245000128,19.10410000100012],[100.602545039000177,19.104066235000175],[100.602527862999978,19.104034889000047],[100.602503122000201,19.10399766800009],[100.602465225000174,19.10395639900014],[100.602425451000045,19.103916341000172],[100.602393926000047,19.103888092000091],[100.602340367000124,19.103843987000062],[100.602261634000115,19.103782281000122],[100.602198674000192,19.10373588200008],[100.602086622000172,19.103654855000059],[100.601984794000089,19.103596312000093],[100.601907536999988,19.103558363000047],[100.601842243000135,19.103528623999978],[100.601810143000137,19.103513974],[100.60179318400003,19.103505652000024],[100.601792950000061,19.103505470000016],[100.601782317000129,19.103497278000077],[100.601773787000127,19.103487548000146],[100.601769950000062,19.103478665000011],[100.601768897000113,19.103466639000089],[100.601769701000137,19.103452821000189],[100.601772857000071,19.103439420000086],[100.601776503000167,19.103428693000183],[100.601782984000124,19.103420168000071],[100.601794157000029,19.103412050000088],[100.601815209,19.103407412000081],[100.60187748300018,19.103399291000017],[100.601918399,19.103393798000013],[100.602012348000073,19.10338251800016],[100.602078399000106,19.1033765950001],[100.602157139000042,19.103374129000088],[100.602213402000189,19.103374945000155],[100.602214810000135,19.10337496700015],[100.602271561000123,19.103377147000174],[100.602326461000018,19.103382017],[100.602372944000081,19.103389189000097],[100.602429780000136,19.10340028100012],[100.602529876000062,19.103424811000025],[100.602610278000157,19.103448624000123],[100.602677502000063,19.103467651000187],[100.602751275000173,19.103484832000106],[100.602805902000171,19.103501815000186],[100.602868626000031,19.103523849000055],[100.602914422000083,19.103541279000069],[100.602978467000185,19.103570430000048],[100.603046944000027,19.103605489000017],[100.60308969600004,19.10363126600015],[100.603149452000196,19.10366936700018],[100.603202356000111,19.103710504000105],[100.603288828000188,19.10377980700008],[100.603305046000116,19.103792805000069],[100.603401450000092,19.103872185000057],[100.603434961000119,19.103898050000168],[100.603452464000043,19.10391155800005],[100.603487071000131,19.103935023000133],[100.603507819000072,19.103947323000057],[100.603524742000161,19.103951929000118],[100.603541016000065,19.103954162000036],[100.603558505000194,19.103952824000089],[100.603562060000058,19.103952475000142],[100.603578488000153,19.103950869000187],[100.603595953000081,19.103946555],[100.603615878000028,19.103938658000175],[100.603631409000172,19.103928422000024],[100.603648110000051,19.103910445000054],[100.603699959000153,19.103841659000068],[100.603763393000065,19.103743056000155],[100.603771982000183,19.103730621000068],[100.603850940000143,19.103616315000068],[100.603913233000071,19.103529016000039],[100.603977461000056,19.103447640000013],[100.604037365000181,19.103371652000135],[100.604082475000041,19.103317776000154],[100.604156777000128,19.103244038000071],[100.604238514000031,19.103163100000131],[100.604356119000101,19.103042636000112],[100.604434107000145,19.102961730000175],[100.604545053000095,19.102863312000181],[100.604659795000032,19.102770200000123],[100.604772684000181,19.102678896000043],[100.604914075000067,19.102561190000074],[100.605017657000133,19.102477686999976],[100.605117252000127,19.102401452000151],[100.605244798000172,19.102317147],[100.605357475000176,19.102247237000086],[100.605462709000165,19.102183723000167],[100.60552237100012,19.102147549000051],[100.605569595000134,19.102117818000124],[100.605615076000106,19.102094029000057],[100.605665479000095,19.102070413000035],[100.605703293000033,19.102053591000072],[100.605735060000086,19.102041729000177],[100.605758882000089,19.10203260500009],[100.605778975000078,19.102025747000084],[100.605798607000111,19.102019338000161],[100.605819648000136,19.102014251000185],[100.605836038000064,19.102012325000032],[100.605855254000062,19.102011708000077],[100.605873542000154,19.102011548000064],[100.605888083000195,19.102012761000083],[100.605906392,19.102014833000055],[100.605920039000182,19.102020504000109],[100.605934677000164,19.102030627000147],[100.605950728000153,19.102042521000044],[100.605975810000075,19.102066814000182],[100.606020822000062,19.102115891000096],[100.606061135000118,19.102164120000054],[100.606110479000108,19.10222430400006],[100.606138467000164,19.102258373000154],[100.606156057000192,19.102283623000119],[100.606166594000058,19.102306707000025],[100.606181032,19.102345800000023],[100.606203262000065,19.102414240000144],[100.606212497000058,19.102448034000133],[100.606216945000085,19.102471613000034],[100.60621907500007,19.10249788800013],[100.606217616000038,19.102541133000102],[100.606211933000168,19.102632101000154],[100.606204974000036,19.102688764000106],[100.60620337600011,19.10271730200003],[100.606203374000074,19.102718318000086],[100.606203273000176,19.102755185000035],[100.606205575,19.102799285000117],[100.606208243000026,19.102833133000104],[100.606212470000116,19.102882567000108],[100.606220093000161,19.102943562000064],[100.606233753000197,19.103047283000024],[100.606241527000122,19.103075739000076],[100.606263415000171,19.103157551000095],[100.606293712000081,19.103284754000072],[100.606316240000183,19.103384388000109],[100.606329806000076,19.103429727000048],[100.606353554000066,19.103510188000087],[100.606368770000074,19.103556235000042],[100.606378307000114,19.103583979000064],[100.606393665000098,19.103620690000128],[100.606410875000108,19.103655008000146],[100.606424856000103,19.103678651000052],[100.606438803000117,19.103698737000116],[100.606452681,19.1037116870001],[100.606467157000168,19.10372226000004],[100.606481571000131,19.103725699000051],[100.606495321000182,19.103725579000013],[100.606526545000122,19.103722334000054],[100.606573349000087,19.103714198999967],[100.606660673000192,19.103694424000025],[100.606741794000072,19.103679455000133],[100.606794238000134,19.103673052000033],[100.606860425000036,19.103665346000128],[100.606914774000131,19.103661304000127],[100.606984148000038,19.10366010700011],[100.607036027000163,19.103659654000182],[100.607089828000085,19.103663935999975],[100.607138026000143,19.103670649000094],[100.607188754999981,19.103680305000182],[100.607241962000046,19.103688163000129],[100.607293915000184,19.103695434000088],[100.6073327040001,19.103698659000088],[100.607382130000076,19.10370298100014],[100.607471548000035,19.103705768000054],[100.607543455000041,19.10370751500011],[100.607576582000036,19.10370722600004],[100.607596023000099,19.103705792000085],[100.60761755700014,19.103702487000078],[100.607635336000101,19.103698763000125],[100.607657762000144,19.103690550000067],[100.607691844000158,19.103675542000076],[100.607742213000165,19.103648359000033],[100.607806057000118,19.103608582000049],[100.60784603400009,19.103582421000112],[100.607899236000094,19.103547603000038],[100.607935134,19.103526345000091],[100.607977588000153,19.103505027999972],[100.608042006000176,19.103475939000134],[100.60812834900014,19.103435520000119],[100.608176394999987,19.103410145000055],[100.608214165000106,19.103389313000093],[100.608243046000098,19.103369895000071],[100.608267706,19.103350517000081],[100.608330960000103,19.10329782000008],[100.608374201,19.103260448000185],[100.608401639000192,19.103237481000122],[100.608414671000162,19.103228007000098],[100.608427275000167,19.103222100000039],[100.608442689000185,19.103216176000046],[100.608453451000173,19.103213857000128],[100.608465620000061,19.103211962999978],[100.608478283000125,19.103212301000042],[100.608490956000196,19.103213971000173],[100.60850506200012,19.103218305000155],[100.608519194000053,19.103224868999973],[100.608537125000169,19.103237188000037],[100.60855650100018,19.103253066000093],[100.608590124000045,19.10328753500005],[100.608614328000101,19.103318074000128],[100.608635211000149,19.103344632000017],[100.608657119000156,19.103379647],[100.608676675000197,19.103414238000141],[100.608688186000165,19.103441329000134],[100.608694459000048,19.103459547000057],[100.608700347000195,19.10348668000006],[100.608700399000043,19.10348696200009],[100.608710771000176,19.103546309000137],[100.608729870000047,19.103630818999989],[100.608756502000119,19.103766520000136],[100.608774324000194,19.103863967000109],[100.608780224000157,19.103892886000096],[100.608785974000057,19.103905759000043],[100.608793581999976,19.103916390000109],[100.608803983000087,19.103925660000129],[100.608815757000173,19.103930905000141],[100.608832667000115,19.10393387400012],[100.608852360000071,19.10393459200003],[100.608904409000047,19.103935475000185],[100.608939097000075,19.103934728000183],[100.608967203000077,19.103932699000097],[100.609005140000079,19.103928355000107],[100.609043052000061,19.103921785000125],[100.609083735000127,19.103911181000115],[100.609123458000113,19.103897909000068],[100.609178580000048,19.103876923000144],[100.609211718000154,19.10386148300006],[100.609235983000076,19.103849682000089],[100.609251347000111,19.103838409000105],[100.609262020000017,19.103827172000024],[100.609269889000075,19.103816852000023],[100.609278180000103,19.103801629000088],[100.609281347000149,19.103789566999978],[100.60928300900008,19.103767709000124],[100.609282306000125,19.103743205000058],[100.609279175000097,19.10371025500018],[100.609253262000038,19.103600399000129],[100.609246047000056,19.103581298999984],[100.609235057000035,19.10356],[100.60913156100014,19.103426754999987],[100.609071291000134,19.103351071000134],[100.609053680000045,19.103324038000096],[100.60903702700017,19.103298781999968],[100.608988293000039,19.103204277000088],[100.608970697000188,19.103160547000186],[100.608966673,19.103150542000151],[100.608958925000081,19.103124757000046],[100.60895588000011,19.103100717000189],[100.608952813000144,19.103074450000065],[100.608950669000137,19.103046834999986],[100.60895042400017,19.10302143600012],[100.608953428000063,19.102992442000016],[100.608957786000076,19.102958977000185],[100.608973482000124,19.10288441400013],[100.608997062000128,19.102802199],[100.609032640000066,19.102699832000155],[100.609067567000181,19.102586842000051],[100.609107113000107,19.102474186000165],[100.609147410000162,19.102374595000185],[100.609185713000045,19.102263140000105],[100.609219625000151,19.102150530000188],[100.609277576000068,19.101937289000034],[100.609329027000172,19.101763319000042],[100.609372719000021,19.101627452000059],[100.609389197000155,19.101586306000058],[100.609399649000125,19.101568390000182],[100.60941445200001,19.10154745900013],[100.609430576000136,19.101534248000178],[100.609447342000067,19.101522811000052],[100.609463523000102,19.101515538000058],[100.609480374000157,19.101512417000038],[100.609502867000174,19.101511032000019],[100.609529107000185,19.101510211000061],[100.609549136000169,19.101512411000044],[100.609564188000149,19.101517631000149],[100.609580518000087,19.101525802000026],[100.609596866,19.101535768000133],[100.60961450800005,19.101549873000124],[100.609631542000045,19.101566363000074],[100.609647947000099,19.101582262000079],[100.609659998000097,19.101599985],[100.609672174000025,19.101630778000185],[100.609683145000133,19.101666336000108],[100.609712890000196,19.101768876000051],[100.609740923000118,19.101888076000137],[100.609761768000169,19.101975248000088],[100.609773066000059,19.102044669000065],[100.60978539700011,19.102156284000102],[100.609799901000201,19.102298180000162],[100.609813885000108,19.102451367000128],[100.609816554000076,19.10250731800005],[100.609818589000156,19.102549970000041],[100.609819176000144,19.102675348999981],[100.609821575000069,19.102729402000136],[100.609826531000124,19.102789376000089],[100.609843098000169,19.102886689000059],[100.609862347000046,19.103002398000172],[100.609881221000194,19.10307947900003],[100.609912021000071,19.103225990000169],[100.609937422000144,19.10333154],[100.609945357000186,19.103376633000096],[100.609955920000061,19.103434777000132],[100.609960850000107,19.103491780000127],[100.609961961000124,19.103542280000056],[100.609961153000086,19.103588044000105],[100.609959132000142,19.103637382000102],[100.609949813000185,19.103708179000023],[100.609934897000187,19.103781401000049],[100.609922857000072,19.103829046000158],[100.6099027690002,19.103885079000065],[100.609862383000063,19.103975162000154],[100.609823275,19.104068203000111],[100.609791919000088,19.104122557000039],[100.609757453999975,19.104178118000107],[100.609726046000048,19.104227122000054],[100.609681672000136,19.104280714000026],[100.609645325000201,19.104314309000074],[100.609602320000135,19.104348754000171],[100.609563469000193,19.104382373000192],[100.60953287100017,19.104407203000108],[100.609496522000086,19.104440795000073],[100.609478401999979,19.104463139000131],[100.6094602820001,19.10448548100004],[100.6094488720002,19.104512524000029],[100.609438368000042,19.104546685000116],[100.60942801200008,19.104585299000121],[100.609423882000101,19.104610885000113],[100.609421612000119,19.104634675000113],[100.609421387000168,19.10467568200005],[100.609422285000051,19.104704198000093],[100.60942639700005,19.104741597999976],[100.609429805000161,19.104770686000109],[100.609435020000149,19.104792627000052],[100.609444648000022,19.104818688000137],[100.60945799100017,19.104841156000077],[100.609478249000063,19.104867123000133],[100.609509229000139,19.104903694000086],[100.609527537000076,19.104921955000066],[100.609543320000057,19.104937862000043],[100.609575451000126,19.104964324000093],[100.609610056000065,19.104987197000128],[100.609644618000061,19.10500590800018],[100.609677891000047,19.10502047500006],[100.609716139000057,19.105032617000177],[100.609767528000134,19.105045837000034],[100.609793816000149,19.105049171000132],[100.609816952000131,19.105050157000051],[100.609848188000058,19.105048104000105],[100.609888140000123,19.105042406],[100.609929315000102,19.105033725999988],[100.609966728000074,19.105023889000165],[100.609999752000135,19.105012904000034],[100.610038354000153,19.104997117000096],[100.610067614000059,19.104984382000168],[100.610098093000033,19.104968666000104],[100.610122324000145,19.104953596000144],[100.610144653000134,19.104935577000163],[100.610171901000115,19.104909193000083],[100.610200337000151,19.104876259000036],[100.610221329000069,19.104848741000069],[100.61023490000008,19.104830200000038],[100.610247713000149,19.10479800100012],[100.610262274000036,19.104752117000032],[100.610290714000087,19.10465500700019],[100.610318611000139,19.10456622300012],[100.610336192000091,19.104509614000165],[100.610353308000072,19.104469650000055],[100.610380805000148,19.104404048000106],[100.610393596000051,19.104369467000026],[100.610407138000085,19.104347955000037],[100.61044486500009,19.104306030000032],[100.610472101000084,19.104278457000134],[100.610493731000076,19.104252717000122],[100.610514163000175,19.104232332000151],[100.610534641000072,19.104216702000087],[100.610567555000159,19.104194430000177],[100.610622221000028,19.104158891000168],[100.610662619000038,19.104134767000119],[100.610700568000027,19.104115422000064],[100.610736029000066,19.104097878],[100.610764655000082,19.104084554000167],[100.610778609000192,19.104079879000039],[100.610811469000055,19.104069060000143],[100.610861427000145,19.104053834000126],[100.610909043000163,19.104041631000086],[100.610940611000103,19.104033584000035],[100.610958244000074,19.104030173000183],[100.610971678000112,19.104028051],[100.610985382000138,19.104027429000155],[100.610999091000167,19.104026807000082],[100.611013336000156,19.10402718500012],[100.611031803000174,19.104027773000155],[100.611047386000166,19.104030397000031],[100.611064037000176,19.104034263000187],[100.611087301000168,19.104039823000107],[100.611107399000048,19.10404591300005],[100.61113440400004,19.104056458000116],[100.611157701000138,19.10406603000007],[100.61117996500019,19.104077368000105],[100.611200366,19.104087468000046],[100.611225029000195,19.104101541000034],[100.61123646600015,19.10411122000005],[100.611250580000103,19.104125386000135],[100.611275892000037,19.104152236000061],[100.611299896000048,19.104180356000086],[100.611327916000107,19.104214454000044],[100.611347411000168,19.104239102000179],[100.61139183500012,19.104305899999986],[100.611429613000041,19.10436724200008],[100.611439771,19.104381192000176],[100.611456218000058,19.104400957000109],[100.611502920000191,19.104446900000141],[100.611622889000046,19.104570639000144],[100.611716372000046,19.104670246000126],[100.611754902000087,19.104711506000172],[100.611791561000189,19.104752779000137],[100.611848541000086,19.104827158000148],[100.61193597200014,19.104947615000071],[100.61202976800007,19.105079312000044],[100.612059529000135,19.105118862000097],[100.612101846000144,19.105163651000169],[100.612184580000076,19.105250877000117],[100.612269922000053,19.105348771000024],[100.612369786000158,19.10546199099997],[100.612428676000036,19.105539916000112],[100.612469123000096,19.10558531800018],[100.612501475000101,19.105633758000067],[100.612534563000168,19.105694083],[100.612569433000033,19.105744287000107],[100.612655056000108,19.105871296000032],[100.612733038000158,19.105984112000101],[100.612766560000125,19.106024822000109],[100.612786802000187,19.10604900900006],[100.61280321400011,19.106065500000113],[100.612827157000027,19.106084902000134],[100.61285422300017,19.106104275],[100.612890065000101,19.106125951000024],[100.612935933000188,19.10614991000017],[100.612976757000183,19.10616975500011],[100.613030138000056,19.106194841000047],[100.613069048000057,19.106211139000152],[100.613104153000052,19.106220931999985],[100.613143634000039,19.106231282000124],[100.613181220000115,19.106239274000075],[100.613201882000055,19.106242657000109],[100.613223782000091,19.106244843000127],[100.613248171000066,19.106245816000126],[100.613267543000063,19.106245055000102],[100.613285647000168,19.106242520000023],[100.613308088000167,19.106236379000109],[100.61332614600002,19.106229092000149],[100.613349129000085,19.106214033000072],[100.613379530000032,19.106189996000126],[100.613418539000122,19.106151623000017],[100.613462459000061,19.106103702000041],[100.613497102000167,19.106066554],[100.613528618000089,19.106028842000114],[100.613560082000049,19.105985777000171],[100.613578597000071,19.105961253000089],[100.613599310000097,19.105941195000014],[100.613601508000102,19.105939067],[100.613623194000127,19.105918671000097],[100.613646149000147,19.105900645000077],[100.613665406000052,19.105887996000149],[100.613682833000155,19.105880121000155],[100.613700913000059,19.105875206000178],[100.61372460400014,19.105869060000032],[100.613742086000173,19.105866527000046],[100.613762086000065,19.105866351000032],[100.613787740000021,19.105869097000095],[100.613810896000189,19.105871863000175],[100.61383409400014,19.105878197000152],[100.613874920000171,19.105890393000095],[100.613909286000137,19.105905242000176],[100.613960172000077,19.10593065300003],[100.614017699000158,19.105964906000111],[100.614080886000124,19.106002236],[100.614116752000086,19.106026432000078],[100.614174815000183,19.106067372000098],[100.614213060000054,19.10609467],[100.614231050000114,19.106112785],[100.614253305000091,19.106135761000132],[100.61427422800017,19.106165885000166],[100.614288012000031,19.106184927000129],[100.614299402000086,19.106199535000087],[100.614307044000043,19.10620631200004],[100.614308864000179,19.106207923000056],[100.614325867000048,19.10622114],[100.614359804000117,19.106239564000134],[100.614436093000108,19.106274549000091],[100.61458256300017,19.10634278800012],[100.614625878000084,19.106361129000163],[100.614695073000064,19.10638993800012],[100.614761895000072,19.106415200000072],[100.614788262000047,19.10642655700002],[100.614836259000185,19.106444854000074],[100.614875762000167,19.106457432000013],[100.614911970000151,19.106468255000095],[100.614946282000176,19.106477315000177],[100.614974019000044,19.106485094],[100.615001776000099,19.10649465299997],[100.615026730000068,19.10650557800011],[100.615044178000062,19.106516118000059],[100.615072501000043,19.106536373999973],[100.615101332,19.106559741000069],[100.615143882000154,19.106596358000161],[100.615214374000118,19.106661701000121],[100.615258843000163,19.106702757000164],[100.615287712000168,19.106730579000157],[100.615305224000167,19.106747810000059],[100.61532414900006,19.106765026000062],[100.615350630000194,19.106788415000153],[100.615370013000131,19.106804733000047],[100.615391281000086,19.106822819000172],[100.615409236000062,19.106836922000184],[100.615429505000066,19.106847889000107],[100.615464831000168,19.106864958000187],[100.615512360000082,19.106883261000178],[100.615569271000084,19.106901925000102],[100.615615342000069,19.106914445000086],[100.615631349000068,19.10692143600005],[100.61565116100013,19.106933739999988],[100.615665821000107,19.106946983000114],[100.615682873000083,19.106964658000095],[100.615699030000087,19.106987247000063],[100.615711420000025,19.107007639000187],[100.615724807000163,19.107034264000163],[100.615734402000157,19.107056908000061],[100.615746956000123,19.107094236000137],[100.615758614000015,19.107136029000117],[100.615768300000127,19.107168029000093],[100.615779849000091,19.107198235000112],[100.61579086200004,19.107222204000038],[100.615803295000092,19.107247052000162],[100.615816196000196,19.107271896999976],[100.615830059000189,19.10729940900012],[100.615843855000094,19.107320233999985],[100.615857636000044,19.107339276000175],[100.615870912000105,19.107354758000042],[100.615887969000198,19.107372881000174],[100.61590216500008,19.10738612900002],[100.615916342000105,19.107397591000108],[100.615933811000048,19.107410362000167],[100.615948429000184,19.107419146000041],[100.61596585500007,19.107427015000042],[100.615985607000084,19.107433528000115],[100.616028389000064,19.107445629000154],[100.616096075000144,19.107463307000046],[100.616108302000043,19.107467212000074],[100.616119610000055,19.107472909000137],[100.616137529000014,19.107483447999982],[100.616180446000101,19.107509368000024],[100.616195564000122,19.107521265],[100.616226310000172,19.107549075],[100.616264206000153,19.107588852000049],[100.616294512000138,19.107619783000189],[100.616319600999987,19.107644520000179],[100.616353652000043,19.107674972000041],[100.616383908000103,19.10770100100018],[100.616422648000082,19.107731416000092],[100.616459514000098,19.107761394000079],[100.61649913500014,19.107786005000094],[100.616531674000043,19.107805776000021],[100.61656750200018,19.107825962000106],[100.616611325000179,19.107848307999973],[100.616668303000097,19.107874101999982],[100.616745952000201,19.107903723000049],[100.616824075000181,19.107934237999984],[100.616889478000189,19.107958175000135],[100.616939323000111,19.107973778000087],[100.616987767000069,19.107989399000019],[100.617046523000113,19.108004481000023],[100.617128772000058,19.108025596000118],[100.617164971000136,19.108035974000074],[100.617190349000111,19.108041995000121],[100.617226038000126,19.108047920000161],[100.617279103000158,19.108056814],[100.617384298000104,19.108074605000184],[100.61748664300012,19.108088861000113],[100.617592745000195,19.108103527000083],[100.617670018000069,19.108112405000099],[100.617715251,19.10811760200005],[100.617783804999988,19.108128141000122],[100.617843907000179,19.108137866000163],[100.617881017000059,19.108144669000069],[100.617920972000093,19.108155904000057],[100.617953454000087,19.108168991000127],[100.617981703000055,19.108181219000073],[100.618017497000153,19.108197838000137],[100.618041077000157,19.10821234000008],[100.618063284000129,19.108229974000153],[100.61809211800005,19.108253788000127],[100.618127603,19.10828645600003],[100.618156502000033,19.108317400000089],[100.618162116000121,19.108323916000074],[100.618177839999987,19.108342167999979],[100.618205903000103,19.108383817000174],[100.618236779000199,19.108424991],[100.618253831000175,19.108442668000123],[100.618275602000097,19.108463871000026],[100.618296867000197,19.108480618999977],[100.618319993000114,19.108496462000176],[100.618354479000175,19.108523343000172],[100.618394131000059,19.108550628000046],[100.618420049000065,19.108564212999966],[100.618456809000065,19.108583949000035],[100.61852895300018,19.108626097000126],[100.618559617000074,19.108645437000121],[100.61857894700006,19.108656407000183],[100.618592162000198,19.108665651000024],[100.618603517000167,19.108676247],[100.618613039000024,19.108691317000023],[100.618622646000063,19.108714853000038],[100.618628135000051,19.108749124000099],[100.618631822000111,19.108790537000061],[100.618630263000057,19.108823086000029],[100.618625858000144,19.108852094000099],[100.618611524000187,19.108920852000097],[100.618606205,19.108952542000054],[100.618601889,19.108990911000149],[100.618596313000069,19.10904399400016],[100.618591281000192,19.109105095000132],[100.618590583000127,19.109129612000118],[100.618590219000112,19.109140311000033],[100.618592189000083,19.109150545000034],[100.61859789500005,19.109158516000036],[100.618605462000062,19.109165136000058],[100.618615360000149,19.109170397000071],[100.618635112,19.109176910000144],[100.618668477000199,19.109184638999977],[100.618691950000084,19.109187996000173],[100.61871964300019,19.109190875000138],[100.618767944000183,19.109191788000146],[100.618857951000052,19.109190997000155],[100.618930154000111,19.109190804000036],[100.619032736000065,19.109180990000141],[100.619148920000043,19.109171942999978],[100.619253876000073,19.109165672000131],[100.619298873000105,19.109163940000144],[100.619333105000123,19.109164532000023],[100.619357511000032,19.109167434000085],[100.619387562000099,19.109172075],[100.61941151700006,19.10917728700008],[100.619428908000145,19.109181070000147],[100.619477790000076,19.109193118000064],[100.619520593000175,19.109207896000044],[100.619555433000016,19.109222742000043],[100.61959547400005,19.109242001000098],[100.619635079000034,19.109264824000149],[100.619685066000045,19.109294691000059],[100.619724257000144,19.109322870000142],[100.619782341000189,19.109365591000028],[100.619845621000081,19.1094122720001],[100.619905187000199,19.109463001000108],[100.620004066000149,19.10955394299998],[100.620078819000184,19.109623252000119],[100.620110054000179,19.109653731000094],[100.620130381000195,19.109670934000178],[100.620146445999978,19.109683275],[100.620165316000168,19.109695585000168],[100.620197370000142,19.109713127000191],[100.620235049000144,19.10973017800012],[100.620316047000074,19.109766900000125],[100.620388563000063,19.109799242000122],[100.620441774000085,19.109822843000018],[100.62046439,19.109834676000048],[100.62047854900004,19.109843907000027],[100.620491789000084,19.109855825000125],[100.620512623000195,19.109877037000103],[100.620526356000198,19.109890283000084],[100.620536330000107,19.10990401700019],[100.620548234000012,19.109922627000117],[100.620557355000187,19.109944385000119],[100.620564166000122,19.109969726000031],[100.620569096000168,19.109994642000117],[100.620573533000083,19.110016889000121],[100.62057560900007,19.110037369],[100.620575649000102,19.110038364],[100.620576832000097,19.110066774000074],[100.620577114000127,19.110095743000045],[100.620575009000049,19.110120272000017],[100.620571893000147,19.110137234000035],[100.620565522000049,19.110156901000153],[100.620555897000202,19.110179713000093],[100.620543437000094,19.11020032700003],[100.620526314000188,19.110223205000125],[100.620510573000047,19.110243400000115],[100.620499895000194,19.110254635000047],[100.620484060000024,19.110265470000172],[100.620461659000057,19.110276364000185],[100.620429933000082,19.110291796000013],[100.620353805000036,19.110322325000141],[100.620264083000052,19.110352532000093],[100.620224834999988,19.110366250000141],[100.62020384300007,19.110377573000108],[100.620185689000152,19.110391106000066],[100.620174559000134,19.110403680000047],[100.620165787000076,19.110417576000145],[100.620157514000198,19.110434585],[100.620151579000151,19.110450678],[100.620146593000129,19.1104685520001],[100.620143962000157,19.11048729100014],[100.620144674000016,19.110512243000073],[100.620149561000176,19.110532256],[100.620153888000061,19.110543357000154],[100.62016100600016,19.110552654000116],[100.620172844000081,19.110564139000076],[100.620187486000191,19.110575596000047],[100.6202120330002,19.11059276300017],[100.620282764000081,19.110634033],[100.62037989200013,19.110689782000065],[100.620449615000155,19.110724375000189],[100.620501421000142,19.110747985000046],[100.620529223000119,19.110762],[100.620561707000149,19.110775975000024],[100.620614833000104,19.110791105000033],[100.620670819000111,19.110810671000081],[100.62071366400005,19.110829012000067],[100.620751804000179,19.110846056000071],[100.620772520000116,19.110854786000061],[100.620791793000194,19.110859964000156],[100.620807274000128,19.11086072400019],[100.620824618000142,19.110860571000103],[100.620847095000158,19.110857699000064],[100.62086019100019,19.110854461000145],[100.620875620000106,19.110849867000127],[100.620896620000053,19.11084032600013],[100.620917585000143,19.110826323000083],[100.620942716000172,19.110806939000099],[100.620982702999981,19.110773164000079],[100.621024086000148,19.110737589000053],[100.62108027700009,19.110681829000043],[100.621170440000185,19.11060081200003],[100.621249064000096,19.110537726000132],[100.621354293000195,19.110463266000181],[100.621426346000192,19.110413716000153],[100.621477716000186,19.110378390000108],[100.621574547000137,19.110308011000029],[100.621651802000201,19.110249390000092],[100.621692259000099,19.110215162000088],[100.621723935000034,19.110193939],[100.621748191000108,19.110181691000037],[100.621773419000078,19.110172112000043],[100.621793515000149,19.11016569800006],[100.6218243940001,19.110158738000052],[100.621852950000175,19.110154025000099],[100.621880592000139,19.110152005000089],[100.621908233,19.110149974000024],[100.621936824000159,19.110148836000121],[100.621964965000075,19.110150365000152],[100.621997335000117,19.11015186700007],[100.622023608000063,19.110154309000109],[100.622057442000198,19.110162032000119],[100.622101631000021,19.110173671000098],[100.622132684,19.110185431],[100.622159989000068,19.11019678100007],[100.622182647000159,19.11021218000019],[100.622202995000066,19.110231608],[100.622228133000192,19.110261251000054],[100.622240073000114,19.110283425000148],[100.622257818000094,19.110324275000153],[100.622267977000149,19.110356269000135],[100.622278114000153,19.110386486000039],[100.622285839000199,19.110409595000078],[100.622288817000083,19.110426060000123],[100.622289017000071,19.110446561000117],[100.622284226000147,19.110532618000036],[100.622281299000178,19.110616876999984],[100.622282551000069,19.110745216000055],[100.62227776900005,19.110831722000114],[100.622275669000032,19.110904830000095],[100.622274139000126,19.110940054000025],[100.622274443000151,19.110971249000045],[100.622274704000063,19.110997989000111],[100.622274960000084,19.111024279000162],[100.622277090000068,19.111050554000087],[100.622279605000188,19.11106836200014],[100.62228445400018,19.111084360000063],[100.622291637000103,19.111099454000055],[100.6223030700001,19.111118067000064],[100.622317312,19.111136663000025],[100.62233389700009,19.111154341000088],[100.622348096999986,19.11116847500017],[100.622364166000182,19.111181258999977],[100.622374076000085,19.111187858000108],[100.622388689000161,19.111195750000036],[100.622409868000034,19.111204033000092],[100.622432908000178,19.111210960000051],[100.622449817000074,19.111214375000088],[100.622470931000066,19.111215972000082],[100.622509849000039,19.111216077000051],[100.622619057000065,19.111212441000077],[100.622763901000098,19.111209380999981],[100.622909736,19.111211659],[100.622984296000141,19.111213233000171],[100.623012936,19.111216989000127],[100.623037375000195,19.11122346000019],[100.623066073000075,19.111233010000092],[100.623097604000122,19.111245208000014],[100.623123508000106,19.111257463000072],[100.6231513150002,19.111271926000143],[100.623179144000119,19.111289060000104],[100.623194248000118,19.111299622000104],[100.623213639000198,19.111316832999989],[100.623231154000166,19.111334058000125],[100.623251984000092,19.11135437900009],[100.623265727000103,19.11136940800003],[100.623276193000038,19.111384914000041],[100.623285776000046,19.111406224000064],[100.623293553000053,19.111434679000183],[100.6233000470001,19.111475176000056],[100.623303389000171,19.111529519000044],[100.623313341000085,19.111636394000072],[100.623316689000035,19.111738870000011],[100.6233165390002,19.111771850000082],[100.623314886000173,19.111794594],[100.623312238000096,19.111811556000191],[100.623304497999982,19.11183524400019],[100.623262478000072,19.111901574000171],[100.623226442000089,19.111956267000153],[100.623206069000105,19.111982292000107],[100.623191213000155,19.111997578000114],[100.623173063000024,19.112011556000027],[100.623143718,19.112030977000131],[100.623118517000137,19.112043234000168],[100.623035366000124,19.112074266999969],[100.62296112700011,19.112106122000057],[100.622915403000036,19.112128808000136],[100.622900027000185,19.112138748000064],[100.622887932000197,19.112148216000151],[100.622875420000184,19.112163475999978],[100.622862952000048,19.112183198000025],[100.622855662000177,19.11220465700012],[100.622849361000078,19.112231448000102],[100.622846268000103,19.112251087000061],[100.622841927000195,19.11228678000009],[100.622841650000055,19.112305945000116],[100.622843727000145,19.112327322000056],[100.622847727000135,19.112352246000171],[100.622851140000137,19.112366027000121],[100.622856473000127,19.112383808000118],[100.622866053000052,19.112404670000046],[100.622876130000066,19.112428201000114],[100.622899496000059,19.112468553000099],[100.622940477000157,19.112536378000129],[100.622965655000144,19.11257002800005],[100.622982263000097,19.112590384000157],[100.623011670000096,19.112624888000141],[100.62305998700009,19.112675712999987],[100.623134282000137,19.112745474000178],[100.623211418000096,19.112818333000064],[100.623316879000072,19.112911439000129],[100.623360381999987,19.112949381000078],[100.623387816000161,19.112973657000168],[100.623412308000013,19.113000368000144],[100.623432498000113,19.113025833],[100.623444444000199,19.113048030000186],[100.623454039000194,19.113069507999967],[100.623460460000103,19.113086550000162],[100.623464144000081,19.113103238000122],[100.623467124000115,19.11312811800002],[100.62346739200018,19.113155619000111],[100.623466781,19.11317310000004],[100.623465753000119,19.113187606000167],[100.623465737000117,19.113187661999973],[100.623463121000043,19.113198405000105],[100.623456950000161,19.113207383000145],[100.623448829000154,19.113216746000091],[100.623437959000114,19.113225017000161],[100.62342552500013,19.113232934],[100.623409951000099,19.113239760000056],[100.623383846000195,19.113249284000119],[100.623349170000154,19.113262229000043],[100.62330829400014,19.113281175],[100.6232760110002,19.113298556000132],[100.623252695000076,19.113313628000128],[100.623236393000127,19.113326038000082],[100.623218935000125,19.113340318000041],[100.623205757999983,19.113352699000075],[100.623191082,19.113371042000097],[100.623178345000156,19.11338862600013],[100.623165670000049,19.113411782000071],[100.623153823000052,19.113440137],[100.623147365000079,19.113459521000038],[100.623140561000184,19.113483741999971],[100.623134236000112,19.113516134000179],[100.623129859000187,19.113548884000068],[100.62312669500011,19.113584968],[100.623125457000185,19.113618802000133],[100.623124942000061,19.113645940000083],[100.623125282999979,19.11368088100005],[100.6231263640002,19.113711719000094],[100.623131159000138,19.113761855000178],[100.623137203999988,19.113820162000081],[100.623140584000112,19.113846147000061],[100.623150517000113,19.113902188000168],[100.623156715000107,19.113936330000115],[100.623161272000061,19.113962679999986],[100.623166142000116,19.113981221000188],[100.623171009000032,19.113998653000067],[100.623180148000188,19.114024938000171],[100.623191640000073,19.114062502000081],[100.623230755,19.11421618300011],[100.623320781000189,19.114435031000085],[100.623373113000071,19.114606910000191],[100.623516003000191,19.114926713000102],[100.623556117000135,19.115042471999971],[100.623587543000042,19.115147283000056],[100.623599446000071,19.115233879000129],[100.623608529000194,19.115315241000076],[100.623612244000071,19.115412418000062],[100.623626986000033,19.115506867000136],[100.62363878400015,19.115582952000125],[100.623653398000101,19.115664267],[100.623673974000042,19.11579019200002],[100.623694344000114,19.115895103000128],[100.623720275000039,19.116002591000097],[100.623754618000135,19.11612314000007],[100.623794233000126,19.116217370000015],[100.623833742999977,19.116301095000097],[100.623867653000161,19.116376984999988],[100.623906965,19.116439692000142],[100.623962927000036,19.116510134000123],[100.624030204000178,19.116606750000074],[100.624080697000181,19.116682493000042],[100.624147950000179,19.116776480000112],[100.624201385000049,19.116870586000061],[100.62424366100015,19.11695428500019],[100.624276313000053,19.117036734000123],[100.624286170000062,19.117061627000169],[100.62432852600017,19.117153208],[100.624371085000064,19.117265802000077],[100.624397010000166,19.117373290000103],[100.624419916000079,19.117454531000192],[100.624434886000074,19.117572627000186],[100.624460738000096,19.117672232000132],[100.624480932000154,19.11775875],[100.624504172000115,19.117874144000155],[100.624524595000139,19.117984310000054],[100.624531150000053,19.118089342000189],[100.624551881000116,19.118231029000128],[100.624556110000185,19.118380745000081],[100.624563407000153,19.118561957000111],[100.624562387000083,19.118740619000164],[100.624564184000121,19.118924509000124],[100.624576860000104,19.119089911000117],[100.624572638000132,19.119223939],[100.624562792000177,19.119347506000054],[100.624563742000078,19.119444707000184],[100.624567509000144,19.119547137000097],[100.624573959000145,19.119641659000138],[100.624577722000197,19.119744089000051],[100.624595539000154,19.119870038000101],[100.624616040000149,19.119988081000031],[100.624650891000101,19.120189888000084],[100.624691296000151,19.120382526000071],[100.624727009000196,19.120461873000124],[100.624766459000057,19.120531323000023],[100.62486582400004,19.120642537000151],[100.624975152000047,19.120767678000107],[100.625084568000034,19.120902160000071],[100.625214005000146,19.121073832000036],[100.625267937,19.121164230999966],[100.625304137000171,19.121245848000058],[100.625349774000142,19.121390235000035],[100.625380896000195,19.121558103000041],[100.625421010000139,19.121673832000113],[100.62547947600018,19.121809645000098],[100.625497486000086,19.121862691000047],[100.625488562000044,19.12190377800016],[100.62547480600017,19.121928285000138],[100.625450549,19.121951773000148],[100.625422749000052,19.121970859000101],[100.625383323000165,19.121993374999988],[100.625340324000035,19.122008164000079],[100.625303507000126,19.122024839000119],[100.625290401000086,19.122030772000187],[100.62526841500005,19.122047595000083],[100.625249908,19.122063276],[100.625236102000144,19.122082239000065],[100.625229319000198,19.122104467000156],[100.625227272000132,19.122133301000019],[100.625233568000112,19.122180901999968],[100.62524571300014,19.122230671000125],[100.625269619000164,19.122290315000043],[100.625289862000159,19.122333361000074],[100.625306478000084,19.122363138000139],[100.625327684000069,19.122385117000078],[100.625352375000091,19.122405958000115],[100.625401691000036,19.12244099500009],[100.625412846000188,19.122448652000116],[100.625446304000093,19.122471634000078],[100.625545986000191,19.122529496000027],[100.625601119000066,19.122569119000048],[100.625602353000147,19.122570007000093],[100.625604251000141,19.122571101],[100.625660989000039,19.12260384700005],[100.62570087000006,19.122627880000039],[100.625740757000074,19.122651913000141],[100.625774785000033,19.122673778000092],[100.625798277000172,19.122691304000114],[100.625821778999978,19.122709939000174],[100.625837125000032,19.122728645000109],[100.625863122000112,19.122763880999969],[100.625882100000126,19.12279696600018],[100.625909323000144,19.122837734000143],[100.625928790000046,19.122873895000055],[100.625929512000141,19.122875240000042],[100.625947513000085,19.122927173],[100.625958730000036,19.123001335000083],[100.625959715000022,19.123025034000023],[100.625963302000059,19.123111023000092],[100.625960432,19.123175334],[100.625961039000174,19.123237398000185],[100.625960890000044,19.123238510000078],[100.625954509000167,19.123285111000143],[100.625944419,19.123326216000066],[100.625929544000144,19.123355162000166],[100.625911204000033,19.123387466000167],[100.625891650000199,19.12341273100003],[100.625890472000094,19.123414250000053],[100.625869790000138,19.123445466000192],[100.62584327400009,19.123476736999976],[100.625816772,19.123509112000079],[100.625782097000069,19.12354045100011],[100.625753198000098,19.123566197000116],[100.625727730000108,19.123585269000102],[100.625687135000078,19.123607796000101],[100.625637237000035,19.123632622],[100.625601244000165,19.123648455000023],[100.625575722000178,19.123661981000055],[100.625547934000167,19.123673198000176],[100.625542039000152,19.123675577000085],[100.625510729000041,19.123693589000027],[100.625485218000108,19.12370822400004],[100.625467914000126,19.123727219000102],[100.625452019000136,19.123744007000084],[100.625442523000061,19.123754041000041],[100.625427590000186,19.123777452000127],[100.625417337000101,19.123801927999978],[100.625410699000099,19.123838559000092],[100.625407471000187,19.123866295000084],[100.625405507000039,19.123903996000081],[100.625401280000119,19.123948373000133],[100.625397165000038,19.124004932999981],[100.625388093000197,19.12406431200003],[100.625382377000051,19.124115591000077],[100.625366235000172,19.124161055000116],[100.625350061000063,19.124202577],[100.625323899000193,19.124247536000098],[100.625323553000158,19.124248131000058],[100.625295111000128,19.124307496000085],[100.625264637999976,19.12437081600018],[100.625232102000155,19.12443612800007],[100.625193434000153,19.124509375000173],[100.625145533000193,19.124624123000103],[100.625102587000185,19.12475527800018],[100.625059418000092,19.124863084000026],[100.625001645000168,19.12498503400019],[100.624953740000194,19.125111564000179],[100.624891372000036,19.125266246000024],[100.62483332700009,19.125577331000102],[100.624767586000075,19.126001386000098],[100.624735814000132,19.126325496000049],[100.624712776000194,19.126649530000066],[100.62468997600007,19.126998469000057],[100.624658853000085,19.127389004000122],[100.624689197000066,19.127812205000055],[100.624692688000096,19.128169220000018],[100.624687202000189,19.128501401000051],[100.62469004400009,19.128791995000142],[100.624664051000138,19.129046316000142],[100.624606831,19.129216201000077],[100.624521021000191,19.129374722000136],[100.624418065000043,19.129566606000026],[100.624316079000096,19.129858126000158],[100.624213853000185,19.130124734],[100.624094402000139,19.130416407000098],[100.623983516000067,19.130691399999989],[100.623855491000199,19.130999751000047],[100.623787636000031,19.131207936000123],[100.623720511000045,19.131490845000144],[100.623670692000076,19.131756990000042],[100.62362969600008,19.132031362000191],[100.623624043000063,19.132346939000115],[100.62356882,19.132953572000133],[100.623554837000199,19.133310736],[100.623530580000079,19.133510233000095],[100.623479625000186,19.133660144000146],[100.623411039000189,19.133793605000108],[100.623342210000089,19.133902154000111],[100.623260449000156,19.134039794000103],[100.62313980600004,19.134170637000182],[100.623042803000089,19.134246711000117],[100.62295917300014,19.134295102000124],[100.622909234000133,19.134315528],[100.622870575000093,19.134331236999969],[100.622812501000055,19.134347124000158],[100.622768989000178,19.134362880000026],[100.622722257000078,19.13438020000001],[100.622686901000122,19.134403574000032],[100.62265803300005,19.13442842000012],[100.6226404370002,19.13444856000018],[100.622622860000092,19.134470238],[100.622603680000111,19.134493461999966],[100.622583089999978,19.134538220000138],[100.622570471000131,19.134570614000154],[100.622564423000142,19.134613707000085],[100.622565279000014,19.134701319000044],[100.622562942000116,19.134793571000046],[100.622563378000166,19.134838144000071],[100.622583895000162,19.13495171500017],[100.622602391999976,19.135023801999978],[100.62261898200012,19.135080397000138],[100.622632507000105,19.135126527000068],[100.622657307000168,19.135181646000092],[100.622670737000078,19.135232252000037],[100.6226777010001,19.135282914000129],[100.622683095000184,19.135338210999976],[100.622688729000117,19.135418090000087],[100.622689735000051,19.135521072000131],[100.622701624000058,19.13557938100007],[100.622713427,19.135628466000128],[100.622723641000164,19.135680642000182],[100.622738720000086,19.135734311000078],[100.622753726000099,19.135780290000071],[100.622775334000096,19.135840050000013],[100.622788650000132,19.135878362000028],[100.622808462000194,19.135919692000073],[100.622828301000141,19.135964093000098],[100.622848206000072,19.136014644000113],[100.62285662000005,19.136048390000042],[100.622865086000047,19.136086744000181],[100.622863960000132,19.136137481000048],[100.622861946000171,19.136262009000063],[100.622855400000162,19.136451661000081],[100.62285219000006,19.136646019000182],[100.622849262000159,19.136784759000136],[100.622819117000063,19.136923228000114],[100.622784142000114,19.137006128000053],[100.622738997,19.137093975000141],[100.622684136000032,19.137187223000012],[100.62267866100018,19.137196531000086],[100.62263890800017,19.137313478000067],[100.622629778000146,19.137425299000029],[100.622631392000073,19.137590467000166],[100.622627706000117,19.137736244000052],[100.6226292730002,19.137896554000179],[100.62263050700011,19.13802285800017],[100.622611676000076,19.138188200000172],[100.622582479000016,19.138339066000015],[100.62257372900018,19.13848974800004],[100.622574231000044,19.138541191000172],[100.622577140000033,19.138564133999978],[100.622600232000195,19.138610048000089],[100.622619893000092,19.138636008000105],[100.622646115000123,19.138671130000148],[100.622686952000038,19.13871227400017],[100.622737659000109,19.138770241000088],[100.622742002000166,19.138774669000099],[100.622789935000128,19.13882357500006],[100.622845951000158,19.138883488000147],[100.622919984000134,19.13897092600007],[100.623079096000197,19.139160498000138],[100.623184110000182,19.13933984300013],[100.623226425000041,19.139485216000026],[100.623232960000109,19.13963090600015],[100.623234527000136,19.139791213000024],[100.623241352000093,19.139966050000169],[100.623254380000105,19.140040477000014],[100.62326925900004,19.14009226800016],[100.623301235000156,19.140127515000131],[100.623370747000081,19.140178824000031],[100.623512748000167,19.140292346000024],[100.623787943000139,19.140500337000049],[100.624014021000164,19.140684164999982],[100.624158896000154,19.140797662000068],[100.624260489000164,19.140895142000147],[100.624359320000053,19.140987335000034],[100.624367861000167,19.14099530500016],[100.624443388000088,19.141073885000083],[100.62451607100013,19.14115522700007],[100.624551317000055,19.141231432000097],[100.624569481000151,19.141324188000112],[100.624579068000116,19.141422481000177],[100.62458765800011,19.14160384000013],[100.624589446000073,19.141895156000089],[100.624595130000046,19.142182345000151],[100.624545512000168,19.142645987000151],[100.624537669000176,19.142888966999976],[100.624560393000081,19.143121959999974],[100.624562009000044,19.143287127000065],[100.624583550000125,19.143398678000153],[100.624615834000167,19.143563568000104],[100.624627579000162,19.143718930000034],[100.624639324000157,19.143874289000166],[100.624641178000104,19.144063744000107],[100.624652588000174,19.144233834000147],[100.624650318000135,19.144387994000112],[100.624679055000115,19.144848374000048],[100.624706398000171,19.145031323000126],[100.62473358800014,19.145164986000111],[100.624760480000191,19.145268591000047],[100.624787106000099,19.145344872000067],[100.624822437000091,19.145429278000108],[100.624854651000078,19.145489113],[100.624895361000085,19.145535209000116],[100.624962107000101,19.145597473000123],[100.625063596000075,19.145684024000047],[100.625153529000158,19.145765207000125],[100.625307090000149,19.145884093000177],[100.625399904000176,19.145965253000156],[100.625541724000186,19.146059649000165],[100.625758731000133,19.14619709700014],[100.62587158600013,19.146269885000152],[100.625972915000091,19.146340038000176],[100.626088646000142,19.146412800000121],[100.626178477000053,19.146483052000121],[100.626288619000093,19.146572262],[100.626456636000057,19.146699212000044],[100.626569869000093,19.146810251999966],[100.626680146000069,19.146913121000068],[100.626787818000082,19.147043343000178],[100.626852168000084,19.147154811000178],[100.626913860000059,19.147288172000117],[100.626952474,19.147413534000179],[100.626983993000067,19.147494006000102],[100.627002613000172,19.147541531],[100.62701833300008,19.147582983000063],[100.627043936000121,19.147650476000081],[100.627111675000151,19.147813842000062],[100.627182285000117,19.147977182000091],[100.627220744,19.148114273000147],[100.627361687000075,19.148780617000057],[100.627417136000133,19.149031900000125],[100.627492272000097,19.149264126000162],[100.627566848000072,19.149439710000138],[100.627647737000075,19.149583760000155],[100.627755304,19.149746459000028],[100.62787624200007,19.14992163200003],[100.628030292000062,19.150096505000022],[100.628124593000109,19.150162423000154],[100.628217023000104,19.150227034000068],[100.628404001000149,19.150382733000072],[100.628591347000167,19.150576199999989],[100.628678433000118,19.150676134000093],[100.628779380000196,19.15083889400006],[100.628834152000138,19.151020946000017],[100.628868814000157,19.151177995000182],[100.628870930000119,19.151319638000075],[100.628881761000059,19.152042718000018],[100.628891258000067,19.1522515260001],[100.628904799000168,19.152492162999977],[100.628916560000164,19.152931088000173],[100.628919306000057,19.153210767000132],[100.628921704000049,19.15345505],[100.628933646000178,19.153570517000048],[100.628954632000159,19.153773404000049],[100.628984258000116,19.154134276999969],[100.628979203000142,19.15437862400006],[100.628962836000085,19.154608904999975],[100.628945389000194,19.154729436000082],[100.628906290000032,19.154920974000163],[100.628893232000053,19.15510874000006],[100.628869169000097,19.155314307000083],[100.628845179000052,19.155526951000127],[100.628809209999986,19.155658273000142],[100.628784108000048,19.155757631000029],[100.628732995000178,19.155864301000122],[100.628682090000154,19.15599221400015],[100.628638637,19.156120059000159],[100.628580522999982,19.15627281899998],[100.628537176000066,19.156411283000068],[100.62849048400011,19.156588727000042],[100.628443863000086,19.156773248000093],[100.628403998000067,19.156886900000075],[100.62833456900006,19.157025598000189],[100.628276002000121,19.157132331000071],[100.628224997000075,19.157249624000087],[100.628184954000062,19.157345575000136],[100.628167611000094,19.157476728000063],[100.62816545000004,19.157636072000059],[100.628167500000188,19.157844948000161],[100.628166628000145,19.158135280000181],[100.628161816000102,19.158404406000045],[100.628163484000027,19.158574337000175],[100.628183989000036,19.158765346999985],[100.628215216000058,19.158910234000189],[100.628250449000063,19.15908341100004],[100.628251178000198,19.159102685],[100.628260507000164,19.159348866000073],[100.628250823000087,19.159501193000153],[100.628233451000085,19.159628809000026],[100.628198072000089,19.159820309000054],[100.62816241500002,19.159983492000151],[100.628137694000031,19.160121792000041],[100.628113074000112,19.160270713000045],[100.628077208000036,19.160412655000073],[100.628044901000067,19.160536860000093],[100.627993921000154,19.160657690000164],[100.627920418000201,19.160761022000031],[100.627843122000172,19.160857296000131],[100.627780727000072,19.160953445000018],[100.62771833700009,19.161049594000076],[100.627676245000146,19.161134949000143],[100.627674495000178,19.161138500000163],[100.627665950000107,19.161171345000128],[100.627642181000169,19.161262705000013],[100.627621292000129,19.161411592000036],[100.627581802000066,19.16156418300011],[100.627535280000131,19.161759332000031],[100.627495274000182,19.161858822000056],[100.627447750000158,19.161951299000179],[100.627442096000038,19.161962607000021],[100.627381974000059,19.162082878000149],[100.627290362999986,19.162239474000103],[100.627191093000135,19.162374897000063],[100.627114040000095,19.162495958000022],[100.627018461000091,19.162627807000035],[100.626937543000111,19.162734741000179],[100.626875147000135,19.162830889000134],[100.626827827000113,19.162944607000099],[100.626732840000159,19.163136636000104],[100.626678344000084,19.16327873900002],[100.626627297000198,19.163392492000128],[100.626576077000038,19.163488542000096],[100.626521169000114,19.163588164000146],[100.626481019000039,19.1636734920001],[100.626463190000038,19.163755084000115],[100.626441706000037,19.163843785999973],[100.626435051000101,19.163925279000068],[100.626428715000145,19.164038633000018],[100.626418612000066,19.164148480000165],[100.626416070000062,19.164268880000179],[100.626413351999986,19.164371584000151],[100.626399282000079,19.164456678000079],[100.62637751900013,19.164517066000087],[100.626262962000169,19.164613670999984],[100.626159513000061,19.164703104000012],[100.626074662000065,19.164788827000109],[100.626001122,19.164888615],[100.625939037000137,19.165016624000032],[100.625899238000102,19.16513735400008],[100.625866783000163,19.165247399000066],[100.625838015999989,19.16535387100015],[100.625805736000189,19.165481618000172],[100.625773698000046,19.165634143999966],[100.625730451000095,19.16578323400006],[100.625679473000105,19.165904061],[100.625632081000106,19.166010701000118],[100.625577381000198,19.166131563000022],[100.625446152999984,19.166426234000141],[100.625384450000126,19.166593190000128],[100.625355827000192,19.166713822000133],[100.625327411000114,19.166855694000162],[100.625317590000122,19.166993864000062],[100.625318943000138,19.167131932000075],[100.625327918000096,19.167287637000072],[100.625329780000072,19.167328493000127],[100.625337419000061,19.167496447000133],[100.625365407000061,19.167690928000184],[100.625382182000124,19.167881971000043],[100.625399375000029,19.168115495000052],[100.625423293000097,19.168274609000036],[100.625430920999975,19.168334729000037],[100.625447523000105,19.168465586000139],[100.625464369000099,19.168663709999976],[100.625477768000053,19.16889019000007],[100.625494544,19.169081228999971],[100.62550345700015,19.169229850000136],[100.625534891000086,19.169395979000114],[100.625562775000049,19.169579847000023],[100.625564928000131,19.1697993410001],[100.625566020000065,19.169827281999972],[100.625569904000201,19.16992675500012],[100.625570980000134,19.170036503000176],[100.625586821000127,19.170131956000148],[100.625613945000055,19.170237935000159],[100.625663664000172,19.170368492000023],[100.625736080000081,19.170534260000068],[100.625778488000037,19.170679045000043],[100.625805713000091,19.170795644000179],[100.625821587000189,19.170894640000029],[100.625830152000049,19.171007858000166],[100.625835200000154,19.171142358999987],[100.625836033000098,19.171227321000117],[100.625829482000199,19.171319434000168],[100.62581934800005,19.171425744000089],[100.625802141000179,19.171571057000108],[100.625790730000176,19.17167162700008],[100.625757272999977,19.171862152000131],[100.625711486,19.171996835000186],[100.625606893000167,19.172260462000054],[100.625425359000076,19.172493388000134],[100.62526295400005,19.172650611000108],[100.62512032800015,19.172798217000036],[100.624943060000021,19.172960290000049],[100.624800298000139,19.173093736000055],[100.624642905000144,19.173255634000157],[100.624520055000119,19.173393625000131],[100.624318180000046,19.173579519000043],[100.624272545000053,19.173619495000139],[100.62421474100006,19.173670131000051],[100.624110928000107,19.1737229740001],[100.624021742000195,19.173747370000171],[100.623902564000105,19.173753144000102],[100.623763328000109,19.173740211],[100.623618939000153,19.173708445000045],[100.623464343000194,19.173648447000062],[100.623411185,19.173627115000045],[100.62331470700002,19.17358839700006],[100.623165353000104,19.173556672000188],[100.623021196000195,19.173548505000156],[100.622882008000033,19.17354029500018],[100.622752892,19.173546157000146],[100.622594111000126,19.173566443000027],[100.622574456000166,19.173574379000172],[100.622450607000133,19.173624360000133],[100.622376644000155,19.17368166600005],[100.622342565000054,19.173752774999969],[100.622338798000044,19.173875550000105],[100.622335125000177,19.174007765000113],[100.622334191999983,19.174118994000025],[100.622332838000091,19.174281588000156],[100.622331244000122,19.174626216000036],[100.622338707000097,19.174881071000073],[100.622350629000039,19.175083956000094],[100.622392126000193,19.17526297600017],[100.622453772000142,19.175470147000169],[100.622497332000194,19.17564854200009],[100.62250553400014,19.175682125000094],[100.62250856300011,19.175746077000042],[100.622511794000161,19.175814248000108],[100.622518795000076,19.176021902000059],[100.622490883000069,19.176215698000135],[100.622457447000158,19.176352897000186],[100.622399360000088,19.176509195000165],[100.622321721000105,19.176698710000096],[100.622253606000072,19.176845654000033],[100.622165709000171,19.177002215000073],[100.62207786200014,19.177163498000027],[100.62197032600011,19.177343836000034],[100.621867483000187,19.17749580900005],[100.62179435000013,19.177638079000133],[100.62167177200007,19.177804391],[100.621583554000097,19.177927907000139],[100.621515836000128,19.178028337000057],[100.621500301000196,19.178051384000128],[100.62139239000004,19.178193957000076],[100.621303991000104,19.17829859800014],[100.621215766000034,19.178422116000036],[100.621102709000183,19.178545857000074],[100.620984775000181,19.178679075000105],[100.620896507000168,19.178797876999965],[100.620739659000151,19.179016415000092],[100.620607048000124,19.179173372000037],[100.620498865000116,19.179287622000061],[100.62041032000019,19.179378099000189],[100.620287187000201,19.179487768000115],[100.620188800000108,19.179587770000069],[100.620060879000107,19.179716358],[100.619917967,19.179835641000068],[100.619780063000178,19.179959597000163],[100.61963237000009,19.18007948900015],[100.619504261000088,19.180207516000166],[100.619371232000162,19.180321980000031],[100.619105140000158,19.18054620700002],[100.618933062000167,19.180731832000049],[100.618800448000172,19.180888788000061],[100.618707210000139,19.181007633000036],[100.618648563000136,19.181107285999985],[100.618595111000161,19.181230493000157],[100.61853168500005,19.181349074000138],[100.618483065000135,19.181458080000084],[100.618404868000141,19.181590953000125],[100.618321848000051,19.181738030000133],[100.618209334000142,19.181918410000151],[100.618111450000185,19.182070334000116],[100.618079194000188,19.182140169000093],[100.618067660000122,19.18216513800013],[100.618032606000099,19.182278479],[100.618016749000105,19.182463256000119],[100.618017470000041,19.182536993000099],[100.618018717000098,19.182664658000078],[100.618020766000143,19.182874450000043],[100.618040311000073,19.183067305000066],[100.618042279000065,19.183268706000149],[100.618035663000057,19.183495361000155],[100.618028800000104,19.183696839000106],[100.618022613000051,19.183891687000084],[100.61798025600018,19.184115433000102],[100.617981243000202,19.184216480000032],[100.617996951000066,19.184340365000082],[100.618005487000062,19.184471202000168],[100.61796355700011,19.184665468000048],[100.617930706000152,19.184831044000077],[100.617941097000028,19.185014689000127],[100.617960636000134,19.185255418000054],[100.617970864000142,19.185422727000116],[100.617998083000145,19.185569477000172],[100.618013014000041,19.185687190000067],[100.618021365000118,19.185753012000191],[100.618056041000159,19.185941521000075],[100.618088488000069,19.186112778999984],[100.618089631000089,19.186229738000179],[100.618079029000114,19.186377213000014],[100.618054646000132,19.186520334000079],[100.618075301000147,19.186652883000136],[100.618115369000066,19.186763647000021],[100.618174054000065,19.186866338000073],[100.618287972000076,19.187089903000015],[100.618358322,19.187252602000058],[100.618399902000078,19.18755029800019],[100.618401777000145,19.187742187000026],[100.6184118500002,19.187893169000063],[100.618443205,19.188023552000118],[100.618485957000189,19.188106195000103],[100.618495767000127,19.188125163000052],[100.618595555000184,19.188222275000101],[100.618725385000118,19.188315040000077],[100.618790600000068,19.188392042000032],[100.618830113000058,19.188477435000095],[100.618857169000194,19.188607856000147],[100.618930374000115,19.188940431000049],[100.618932574000098,19.189165432999971],[100.618935483000087,19.189463018000026],[100.618917062000094,19.189650874000108],[100.61890769900009,19.189746356000171],[100.6188747610002,19.189853185000061],[100.618833645000166,19.189986550000185],[100.618729251000047,19.190248783000072],[100.618722825000077,19.190260614000124],[100.618586659000187,19.190511357000162],[100.618505112000094,19.190766134000171],[100.618440756000098,19.191216741000062],[100.618337425000163,19.191587852000112],[100.618218886000193,19.191966352000179],[100.618168249000178,19.192257150000103],[100.618140385,19.192533230000038],[100.618189200000074,19.192837663000091],[100.61828357100012,19.193112665000115],[100.618416918000094,19.193467168000041],[100.618581106000136,19.19385043200009],[100.618838603000086,19.194399823000026],[100.619047334000186,19.19482813500008],[100.619167479999987,19.195217157000116],[100.619254854000133,19.195557548000124],[100.619351063000181,19.195974278000165],[100.619476679000115,19.196190254999976],[100.619635443999982,19.196382283999981],[100.619673440000099,19.196414989000118],[100.619785499000045,19.19651202100016],[100.61998536599998,19.196661061000043],[100.620200403000126,19.196814511000127],[100.62040330100001,19.196952310000086],[100.62045682300004,19.196988661000148],[100.620680574000119,19.197145028000023],[100.62081688700016,19.197287087000177],[100.620817399000032,19.19728810200013],[100.620869859000095,19.197392378000075],[100.620916627000042,19.197587978000115],[100.621037154000135,19.197987459000046],[100.621136132000174,19.198279565],[100.62130640100014,19.198647530000187],[100.621513624000158,19.19901018600018],[100.621551121000152,19.199083351000127],[100.621646234000082,19.199268945000028],[100.621697109000138,19.199426159000041],[100.621711775000108,19.199549605000129],[100.621699572000068,19.199677547000078],[100.621669598000096,19.199822693000158],[100.621608943000126,19.200040547000071],[100.621512820000078,19.20030132800008],[100.621474097000146,19.200382637000132],[100.621452612000098,19.200427742000045],[100.621423243000038,19.200489404000166],[100.621372191000091,19.200596592000181],[100.621289064000052,19.200810385000182],[100.621241403000113,19.200981254],[100.621225134000099,19.201151846000073],[100.621209491000116,19.201386347000039],[100.621198332000176,19.201620807999973],[100.621192533000112,19.201944711000067],[100.621191556000156,19.202061944000093],[100.621190471000148,19.202191878000178],[100.621173868000085,19.202328376000082],[100.62112939400015,19.20245106800013],[100.62112583000004,19.202460897000151],[100.621055407000142,19.202597881000088],[100.620953507000081,19.202726617999986],[100.62089383600005,19.202840005000041],[100.620856637000031,19.202910701000064],[100.620812998000076,19.203034662000107],[100.620796516000155,19.203183947000127],[100.620793451000168,19.203328855],[100.620804844000133,19.203575901000022],[100.620816263000108,19.203705328000183],[100.620840162000036,19.20397613800003],[100.62085144200006,19.204191010000045],[100.620856707000087,19.20429131700007],[100.620845423,19.20451300000019],[100.620832105000147,19.204658785999982],[100.620825166000031,19.204734760000065],[100.620800137000174,19.204926733000036],[100.620779588000175,19.205118665000157],[100.620740934000139,19.205293715000039],[100.620655460000194,19.205545307000079],[100.620627378000165,19.205605784],[100.620566341000199,19.205785292000144],[100.620522910000091,19.205930556000055],[100.620511082000178,19.206096848000129],[100.620531275000133,19.206326772000182],[100.620560608000176,19.206573659000071],[100.62056267000014,19.206606703000148],[100.620564584000135,19.206637362000095],[100.620571247000044,19.206744014000037],[100.620568891000062,19.206961353],[100.620557021000138,19.207123382000191],[100.620522644000062,19.207277090000105],[100.620447778000084,19.207418364999967],[100.620343167000044,19.207582107],[100.620231457000045,19.207731461000151],[100.620153192000032,19.207828914000117],[100.620133226000178,19.20785590100013],[100.620068307,19.20794362800018],[100.620054863000178,19.207965113000114],[100.619992538000076,19.208064711000191],[100.619950254000116,19.208138193000025],[100.619921526000041,19.208209406000151],[100.619893053000112,19.20830641900011],[100.619869795000113,19.208406036000099],[100.619845261000023,19.208511112000053],[100.619819621000033,19.2086661620001],[100.619804916000191,19.208782407000058],[100.619777011000053,19.208937470000023],[100.619772177000016,19.208969284000148],[100.619759998000177,19.209049433000132],[100.619729071,19.209127112000033],[100.61968674700006,19.209196295000027],[100.619642068000189,19.209256897000046],[100.619592848000195,19.209315387000117],[100.619536709000101,19.209361039000157],[100.619499062999978,19.20939747400007],[100.619458233000159,19.209436991000018],[100.619386462000193,19.209504283000115],[100.619380657000136,19.209509222000065],[100.619312386999979,19.209567296000046],[100.619249501000127,19.209617306000098],[100.619193529000142,19.209680157999969],[100.619151074000058,19.209736441000132],[100.619124569000121,19.209803333000139],[100.619104894000145,19.209874464000052],[100.619089767000048,19.209947705],[100.619074682000132,19.210025247000033],[100.619066199000088,19.210083379000025],[100.619057833000056,19.210221714000056],[100.619032529000094,19.210366654000097],[100.619015364,19.210464977000186],[100.61895985100017,19.210750962000134],[100.618920902000013,19.210896184000035],[100.618900191000193,19.211071075000064],[100.618888654000045,19.211267194000015],[100.618872835000047,19.211484650999978],[100.618844069000147,19.211753361000035],[100.618843103000074,19.211788958000056],[100.618837478000046,19.211996305000071],[100.618838646000142,19.212115606000054],[100.618844715000193,19.212277477000043],[100.618846759,19.212486259000059],[100.618849386000136,19.212754684000174],[100.618850937,19.21291304000016],[100.618851376000123,19.212957945000028],[100.618851849000066,19.213006077000102],[100.618851873000096,19.213008549000108],[100.618853392000119,19.213163721000171],[100.618841563000103,19.213330013000075],[100.618812166999987,19.213534806000041],[100.618760602000066,19.213765368000111],[100.618704128000047,19.213953356000047],[100.618642757000032,19.214098778],[100.618559077000043,19.21425718100005],[100.618483832000095,19.214360113000055],[100.618354091000128,19.214502742000036],[100.61820796100011,19.21458839100012],[100.618134144000123,19.214631357000087],[100.618074154000112,19.214666274000081],[100.61786464000005,19.214800220000143],[100.617676843000197,19.214926663000028],[100.617557206000185,19.215011733000154],[100.617410653000036,19.215162166000084],[100.617277429000012,19.215299702000095],[100.617144539000037,19.215471317000151],[100.6170740230001,19.215599775000101],[100.616990015000056,19.215724094],[100.616946370000107,19.215848048000169],[100.616920583000194,19.215963329000033],[100.61690837600014,19.216091273000131],[100.616909627000155,19.216219097000021],[100.616919808000034,19.216342582000038],[100.616939498000022,19.216521375000184],[100.616984809000144,19.216686743000025],[100.617065093000065,19.217125206000105],[100.617147040000191,19.217572735000147],[100.617296595000198,19.218470991],[100.617314862,19.21903003000017],[100.617300612000065,19.219247049000103],[100.617255633000184,19.219516809000027],[100.617197848000103,19.219711774000075],[100.617105649000052,19.219882829000142],[100.616853657000149,19.22028621700008],[100.616601518000152,19.220731318000048],[100.616331838000065,19.221136349000119],[100.616105622000134,19.221597064000093],[100.615885349000109,19.222033137000039],[100.615795613000159,19.222267489999979],[100.615736429000094,19.22250855700014],[100.615721484000176,19.222648180000022],[100.615704319000088,19.222808569000108],[100.615674369000089,19.223038193999969],[100.615671047000149,19.223247195000113],[100.615688540000122,19.223389751000013],[100.615710945999979,19.223486395],[100.615798084000119,19.223618146000035],[100.615923028000168,19.22377504800005],[100.616161387000034,19.224007401000165],[100.616320219000045,19.224207377000027],[100.616362392999974,19.224260473000129],[100.616580243000101,19.224589843000047],[100.616693279000174,19.224765096000056],[100.616694654000014,19.224767229000122],[100.616760482000132,19.224914455999965],[100.616821396000034,19.225107600000172],[100.616838837000159,19.225245063000045],[100.61678693600004,19.2265473920001],[100.616740272000072,19.22700975000015],[100.616665385000033,19.227259862000039],[100.616565279999975,19.227436771000043],[100.616232665000098,19.228002724000078],[100.616058201000044,19.228269308000108],[100.615841664000186,19.228622902000041],[100.61566665100014,19.228833417000146],[100.615458896000121,19.22898815800005],[100.615291454000101,19.229090505000102],[100.615213534000077,19.229138133000106],[100.615154077,19.229172314000039],[100.6149254,19.22930377300014],[100.614706667000121,19.229433126000117],[100.614626731999977,19.229489896000189],[100.614579144000174,19.229561670000066],[100.614521466000156,19.229699795000045],[100.614470156000039,19.229939800000125],[100.61442947400019,19.230169523000029],[100.614377811999987,19.230373852000127],[100.614334832000168,19.230486775000145],[100.614329846000146,19.230499874000088],[100.614294107000092,19.230593759000101],[100.614178063000111,19.230798659000016],[100.6140471490001,19.230943458000183],[100.614029424000137,19.230963063000104],[100.613926462000165,19.231062699],[100.613891220000085,19.231096802000081],[100.61373130700008,19.231205247000105],[100.61357118900014,19.231293303000086],[100.613384091000114,19.231366309000123],[100.613191636000124,19.231439365000085],[100.613036637000164,19.231501890000061],[100.612860473000126,19.231595190000121],[100.612678250000101,19.23169520600004],[100.612449202000107,19.231861552000112],[100.61203045700006,19.232229933000156],[100.612010345000158,19.232252642000162],[100.611726649000104,19.23257299200003],[100.611487275000059,19.232913355000051],[100.611395769000126,19.233074399000031],[100.611336227000152,19.233220721000066],[100.611212170000101,19.233622976000049],[100.611101143000042,19.23404943200012],[100.610998232000156,19.234516993],[100.610895608000192,19.235240198999975],[100.610826670000165,19.235594438000078],[100.610695496000176,19.235929582000097],[100.610533685000178,19.236304285000131],[100.610300820000191,19.236817135000081],[100.610138236000068,19.237113260000172],[100.609954491000053,19.237360452000189],[100.609708412000032,19.237578725000049],[100.609441939000078,19.237826650000045],[100.609123951000072,19.23809467000018],[100.608867526000097,19.238313033000054],[100.608761375000086,19.238395235000098],[100.608508266,19.238591244000077],[100.608227702000079,19.23888244799997],[100.608093303000032,19.239094332000093],[100.608048463000102,19.239165025000034],[100.607865477000018,19.239490796000041],[100.607662288000199,19.23986586000018],[100.607531199999983,19.240210821000062],[100.607369468000115,19.240595341000073],[100.607147219000126,19.241137570999967],[100.6070023810002,19.241469479999978],[100.606847621000043,19.241855606000172],[100.606623145000071,19.242317621000097],[100.606400020000194,19.242831272000046],[100.605984312000089,19.243515686000023],[100.605491931000131,19.244212923000077],[100.605193126000188,19.244688965000023],[100.604924059000041,19.245044549000113],[100.604749376000029,19.245301409000035],[100.604558118000057,19.245582647000049],[100.604178540000078,19.246035762000133],[100.603874692000147,19.246378810000124],[100.603861855000048,19.246389739000051],[100.603557336000165,19.246649034000086],[100.603201703000138,19.246931750000044],[100.602744864000101,19.247336919000077],[100.602406489000089,19.247682477000069],[100.602286365999987,19.247844058000055],[100.602047699000082,19.248187539000128],[100.60189658500019,19.248384912],[100.601770211000201,19.248565166],[100.601689510000199,19.248684176000097],[100.60160205700015,19.248840428000051],[100.601497113000164,19.24901428000004],[100.601416303000065,19.249136125000064],[100.601339099000029,19.249248345000126],[100.601283244000115,19.249360378000063],[100.601241919000188,19.249502704000122],[100.601207805,19.249655106000148],[100.601170333000141,19.249827825000125],[100.60112597400007,19.250024257],[100.601123537000149,19.25003626300014],[100.601068232000102,19.250308695000115],[100.601052451000157,19.250391046000118],[100.601007260000017,19.250626959000158],[100.600921013000118,19.25090826700017],[100.600866008000082,19.251108173000034],[100.60081035200011,19.251240488],[100.600747807000175,19.251396522000164],[100.600688454000135,19.251515342000062],[100.600621856000146,19.251620712000033],[100.600551471000074,19.25170244800006],[100.600538758000198,19.251716594000186],[100.600481052000191,19.251780808000149],[100.600385852000159,19.251872906000131],[100.600287096000159,19.251965028000143],[100.600163035000094,19.252078224000059],[100.600144009000132,19.252178105999974],[100.600138953000055,19.252204628000072],[100.600159623000138,19.252378707000162],[100.600168796000105,19.252403314000162],[100.600185609000164,19.252448412000149],[100.600231081000061,19.252570374000129],[100.600314783000044,19.252719872000057],[100.600318366000067,19.252723769999989],[100.600544986000159,19.252970239999968],[100.600711166000053,19.253143046000048],[100.600934287000143,19.253315358000123],[100.601126123000199,19.253523997000059],[100.601260790000083,19.253709104],[100.601357614000051,19.253906553000093],[100.60136148100014,19.253913734000037],[100.601486476000105,19.254145793000191],[100.601634151000155,19.254366838000067],[100.601806834000115,19.254557614000021],[100.601892976000158,19.254637932000094],[100.601979231000087,19.25471834800004],[100.602119991000166,19.254879365000136],[100.602255594000098,19.255160603000093],[100.602300195000169,19.255243409000059],[100.602416679000044,19.255459644000098],[100.602548906000038,19.255658476000178],[100.602698610000175,19.255823732000181],[100.60297339900012,19.256103752000058],[100.603191018000075,19.256360234000169],[100.603337932000159,19.256503166000073],[100.603483740000115,19.256633899000178],[100.603612841000086,19.256734171000119],[100.603684508000072,19.256784246000052],[100.603741777000096,19.256817541000089],[100.603823727000133,19.256826964000027],[100.603969442000164,19.256805409000151],[100.604264522000051,19.256772395000041],[100.604495744000189,19.256760227000143],[100.604638126000054,19.256762359000106],[100.604734378000046,19.256778416000145],[100.604805980000094,19.256821726000169],[100.604870729000027,19.25689214200014],[100.604928689000076,19.256996418000028],[100.60500618400016,19.257279666000045],[100.605054714000062,19.257688853000047],[100.60507832899998,19.257845957000086],[100.605172110000012,19.258379937000029],[100.605193660000054,19.258644152000102],[100.605246790000194,19.25890207600014],[100.605339227000115,19.259297864000018],[100.605400291000194,19.259783030000051],[100.605395043000101,19.260564255000077],[100.605427032000136,19.261220422000122],[100.605393251000123,19.261694825],[100.605372622000118,19.26220557400012],[100.605429499000081,19.262788587000102],[100.60551185900016,19.263359218000176],[100.605519293000043,19.263397975000089],[100.605658787000039,19.263904284000148],[100.605712369000059,19.264208270000097],[100.605748685000037,19.264472354000077],[100.605768292000164,19.264752605000069],[100.605753601000117,19.264977073000182],[100.605705558000125,19.26524189800017],[100.605623775000197,19.265507014000036],[100.605508324000141,19.265780441000061],[100.605368031000182,19.266102158000081],[100.605219925000142,19.26648804000007],[100.605104474000143,19.266761467000038],[100.604930126000056,19.267051431000027],[100.604655863000062,19.267478481000012],[100.604465346000154,19.267840699000146],[100.604357232000098,19.26800189000005],[100.604308329000048,19.268178590000105],[100.604302081000071,19.268402984000033],[100.604321369000047,19.268651190000128],[100.604374792000158,19.268939157000091],[100.604442289000133,19.269203715000117],[100.604678721000141,19.269821620000187],[100.60519283400015,19.271348821000174],[100.60544397200016,19.272161101000052],[100.605506069000057,19.272478588000126],[100.605577697000115,19.272902604000024],[100.605674322000198,19.273294347],[100.605752904000099,19.273566067000104],[100.605873670000165,19.273837418000085],[100.606079655000087,19.274196153000048],[100.606336500000111,19.274578476000102],[100.606576080000195,19.274920893000115],[100.606832688000111,19.275279179000108],[100.607122969000045,19.275629161000097],[100.607310843000164,19.275859857],[100.607439498000076,19.27607505400016],[100.607551834000105,19.27634647800005],[100.607622297000148,19.276650317000019],[100.60760932800008,19.277051037000149],[100.607605974000137,19.277571853999973],[100.607634804000043,19.277932145000079],[100.607687377000047,19.278131985000073],[100.607739172000151,19.278251711000053],[100.607867516000113,19.27843485600016],[100.607995319000111,19.278561929000091],[100.608444184000064,19.278734244000077],[100.608868051000059,19.278938827000047],[100.609348861,19.279329468000128],[100.609600485000044,19.279625061000161],[100.609860653000112,19.28004824500016],[100.610083498000165,19.280581165000058],[100.610161726000058,19.280946478000146],[100.610206067000092,19.281333784000026],[100.610149551000177,19.2821001370001],[100.610079160000168,19.282757206000042],[100.610033422000072,19.283316805000084],[100.609961967000118,19.283864470000026],[100.609866685000043,19.284594698000035],[100.609847261000027,19.285227004000092],[100.609889230000078,19.285591326000088],[100.609964436000041,19.28579553100019],[100.610097968000105,19.285990650000087],[100.610421922000057,19.286388955000064],[100.610693720000199,19.286690469000121],[100.611185520000049,19.287233172000185],[100.611575270000117,19.287813241000151],[100.61172481400007,19.288063450000152],[100.611836654000058,19.28835797],[100.611865536000153,19.288647087000015],[100.611842247000084,19.288929271000086],[100.611795678000078,19.289403786000037],[100.611546196,19.290074589000028],[100.611195482000142,19.290867854],[100.610784448000061,19.292038496000089],[100.610560203000091,19.292672605000064],[100.610285815999987,19.293416566000019],[100.610175475,19.29391595400017],[100.610129740000048,19.294475549000026],[100.61006196600016,19.295400038000025],[100.610043255000107,19.296105277000038],[100.61012518300015,19.296627277000027],[100.610457604000032,19.297888613000111],[100.610866133000172,19.299076335000166],[100.611145687000032,19.300167946000158],[100.611332778000133,19.300968615000045],[100.611418758000127,19.301903902999982],[100.611404463000099,19.303058886000088],[100.611418988000139,19.304541839000137],[100.6114572150002,19.305830078000042],[100.611489132000088,19.306474083000126],[100.611546266,19.307314033000182],[100.611582267000074,19.308138690000135],[100.611606624000046,19.309317645000021],[100.611809627000071,19.310434235000059],[100.612403462000088,19.312504578000016],[100.612381999000149,19.315866456000037],[100.612705527000116,19.316970126000058],[100.613251703000174,19.317586033000111],[100.614169798000034,19.318441540000094],[100.615078974000141,19.31884725000009],[100.615711685000178,19.319129586000031],[100.616168618000017,19.319341446000124],[100.616342093000071,19.319636785000114],[100.61631711300015,19.319987857000058],[100.615679763000173,19.321666789000062],[100.614620513000091,19.323808259000145],[100.614202337000165,19.324648607000029],[100.613964253000177,19.326458943999967],[100.613777454000058,19.327702069000111],[100.613301613000033,19.328461957000059],[100.612735806000046,19.328973895000161],[100.612428045000058,19.32925235600004],[100.611919262000185,19.329553726000086],[100.611526270000127,19.329793273000121],[100.611087658000088,19.330060624000112],[100.610167060000151,19.330621763000067],[100.609716447000039,19.331057557000065],[100.609551431000114,19.331625775000191],[100.609448032000159,19.332679241000164],[100.609387926000124,19.333706428000141],[100.609360767000112,19.333773698000186],[100.609217043000115,19.334129701000052],[100.60888085400012,19.334171009000102],[100.608565462000115,19.334048083000084],[100.6071987790001,19.333180390000109],[100.60670589900019,19.332867460000159],[100.606211479000137,19.332542178000097],[100.605436754000095,19.332032473000083],[100.604211700000121,19.331259005000049],[100.601194205000127,19.329490001000067],[100.600580292000075,19.328958797000155],[100.599831331000189,19.327954096000042],[100.598627669000052,19.327139118000161],[100.597375243000158,19.326691459000131],[100.597275060000129,19.326655649000031],[100.596682614000144,19.32651582699998],[100.595335724000108,19.326197949000175],[100.593445676000044,19.326338307000071],[100.592860336000115,19.326508533000094],[100.592016729000193,19.326949307000177],[100.59166891100017,19.326952343000073],[100.591209403000164,19.326646778000054],[100.59087892600013,19.326195612000049],[100.590850796000097,19.325535428000137],[100.591028213000129,19.321406201000173],[100.590956410000103,19.320725756000115],[100.590516261,19.320172359000026],[100.589945491000037,19.319599462000156],[100.588328530000126,19.318746731000033],[100.587669625000046,19.31805076500018],[100.587360116000127,19.317516859000079],[100.587351807000061,19.31748223000011],[100.587162298000067,19.316692457000045],[100.587088312000162,19.316384104000065],[100.587046740000119,19.315796580000097],[100.586987615000112,19.314960929000165],[100.586744327000019,19.314529640000103],[100.586304608000148,19.314017499000045],[100.58549516700009,19.313487937000104],[100.58409883700017,19.312963467000088],[100.583843594000086,19.312838394000096],[100.583345018000045,19.312552572000072],[100.58306216200009,19.312306485000079],[100.582690626000101,19.311913225000069],[100.582420071000172,19.311649286000147],[100.582237731000191,19.311485175000143],[100.582005764000087,19.311345162],[100.581761499000038,19.311223009000116],[100.581391847000191,19.311025016000031],[100.580827341000202,19.310657096000114],[100.580595433000042,19.310523002000025],[100.580432710000139,19.310453395000025],[100.580270321000114,19.310419300000149],[100.580076885000096,19.310397304000105],[100.579796539000199,19.310411572000078],[100.579416646000084,19.31044444500003],[100.579099075000045,19.310476777000019],[100.578756633000125,19.31051525200013],[100.578544900999987,19.310534836000102],[100.578345232000117,19.310512890000098],[100.578138825000167,19.310437750000062],[100.577944655000067,19.310338830999967],[100.577806513000041,19.310233504000053],[100.577705261000176,19.310089657000162],[100.577686447000019,19.310062936000179],[100.577514147000159,19.309711572000026],[100.577432157000146,19.309544380000091],[100.577198674000101,19.309069023000063],[100.577076160000104,19.308819591000031],[100.576943358000108,19.308619541000041],[100.5768362660001,19.308502107000095],[100.576679779000074,19.308432452000091],[100.576454956000191,19.308387052000057],[100.576174385000172,19.308377642000153],[100.575810744000194,19.308376902000077],[100.575619646000177,19.308376514000088],[100.575008763000199,19.308369956000035],[100.574577993000048,19.308296745000121],[100.574378157000069,19.308257039000068],[100.574234418000117,19.308216855000069],[100.574127901000111,19.308158607000053],[100.574021046000098,19.308064841000146],[100.57390075700016,19.307870599000069],[100.573748180000052,19.307558279000148],[100.573468466000179,19.306986685000084],[100.573309826000184,19.306692167000051],[100.57319038900016,19.306586677000041],[100.573052321000148,19.306487270000048],[100.572858440000175,19.306417933000091],[100.572459066000135,19.306368110000165],[100.572122061000073,19.306323671000143],[100.571928349000189,19.306272082000021],[100.571778266000138,19.306220119999978],[100.571684107000067,19.306149917000141],[100.571596008000142,19.306061914000054],[100.571513518000074,19.30590876399998],[100.571384456000033,19.305448301000183],[100.571293821000097,19.305094027000166],[100.571273577000056,19.305052734000014],[100.571166682000182,19.304834740000103],[100.571107059000099,19.304763740000112],[100.571053200000165,19.304699613000025],[100.570927653000183,19.304606006000029],[100.570746354,19.304548390000036],[100.570484261000104,19.30451514300006],[100.570354376000068,19.304531692000069],[100.570185451000043,19.304553217000034],[100.569980235000116,19.304602327000168],[100.56991270400016,19.304644481000082],[100.569906896000191,19.304648096000108],[100.569701426000051,19.304776340999979],[100.569354957000087,19.305045614000164],[100.56909489200018,19.305225378000102],[100.568890924000129,19.305404659000089],[100.56877380300017,19.30554177],[100.568693914,19.305660816000056],[100.568633114000136,19.305821113000093],[100.568603531000065,19.305987055000173],[100.568581541000071,19.306294963000084],[100.568571352000163,19.306526439000038],[100.568566168000132,19.306644237000171],[100.568556864000072,19.306975707000049],[100.568567105999989,19.307395778000114],[100.568595591000133,19.307768338000187],[100.568597905000161,19.308010941000134],[100.568530758000179,19.308159461000116],[100.56843828500007,19.308266770000046],[100.568301966000092,19.308350794999967],[100.568090621000124,19.308411789000047],[100.567785682000192,19.308461746000035],[100.567461935000154,19.308500037999977],[100.567200460000095,19.308531869000035],[100.567013884000119,19.308574892000138],[100.566864919000125,19.30864126900002],[100.566759539000088,19.308701349000046],[100.566648368000074,19.308808823000049],[100.566525075000072,19.308951905000185],[100.566414636000104,19.309136300000034],[100.566286288000128,19.30940369700005],[100.566139754000062,19.309724507000112],[100.565993328000047,19.310057154000049],[100.565877049999983,19.310283020999975],[100.565860679000139,19.310302185000126],[100.565759931000173,19.310420131000114],[100.565623996000056,19.310545570000102],[100.56548767400011,19.310629588000154],[100.565257967000036,19.310726238000143],[100.564996827000073,19.310793573000126],[100.564698229000101,19.310855312000172],[100.564331129000095,19.310923555000045],[100.563841489000083,19.311012462],[100.563467276000097,19.311077350000062],[100.562572118000105,19.311188159000096],[100.561941356000148,19.311277723000046],[100.561772622000035,19.31131220900005],[100.561565329000018,19.311354579000181],[100.561322568000094,19.311461862000101],[100.561158060000196,19.311642109000161],[100.56107191500007,19.311905860000081],[100.561041573000068,19.312211202000071],[100.561102468,19.312789300000134],[100.561153683999976,19.31351475800011],[100.56122445800014,19.313966531000119],[100.561244786000088,19.314062645000092],[100.561328872000104,19.3144600870001],[100.561421811000059,19.314911664000078],[100.561592215000132,19.315352054000073],[100.561650508000071,19.315656644000057],[100.561619668000162,19.315909394000187],[100.561478525000155,19.316215692000128],[100.561319524000055,19.316403615000127],[100.560545574000116,19.317159981000032],[100.559985759000085,19.317722348000075],[100.559901113000194,19.317812201000152],[100.559426242000086,19.318316270000025],[100.559064271000068,19.318708609000055],[100.558812413000169,19.319026377000057],[100.558572429000037,19.319428197000093],[100.558431772,19.319787085000144],[100.558292211000094,19.320261690000052],[100.558163527000147,19.320715162999988],[100.558047030000182,19.321284253000044],[100.557964162000076,19.321895142000017],[100.557958965000068,19.322515882000062],[100.557985616000053,19.322989069000016],[100.558090630000038,19.323545743000068],[100.558218005000185,19.32412327500009],[100.558406369000124,19.324721778000139],[100.558765799000014,19.326004418000025],[100.559255522000171,19.327186328000153],[100.559426433000169,19.327679316000058],[100.559463169000196,19.328047212000115],[100.559477246000199,19.328362697000046],[100.55941465300009,19.328773527000124],[100.559209102000011,19.32930129500005],[100.559110489000147,19.329497929000183],[100.55900245000015,19.32971335700006],[100.558762055000102,19.330073098000071],[100.558533738000108,19.33053794500006],[100.558403650000173,19.330844149000029],[100.558319199000039,19.331286717000012],[100.558236723000164,19.332049957000095],[100.558184036000114,19.333371277000026],[100.558133990000101,19.333960453000088],[100.558137383000087,19.334318117],[100.558194990000175,19.334549063000111],[100.558297217000188,19.334811200000047],[100.558488105000151,19.335072572],[100.558845616000156,19.335374605000027],[100.559225587000071,19.335708002],[100.559828701000072,19.336197292000179],[100.560301659000118,19.336572806000163],[100.56043171500005,19.336676061000105],[100.560969041000078,19.337239558000078],[100.561349919000179,19.337667626000155],[100.562243374000104,19.338385868000046],[100.562735589000056,19.338865578000139],[100.562870470000121,19.339064304999965],[100.562916697000105,19.339263793000157],[100.562885456000117,19.339474462000055],[100.562764754000057,19.339601744000106],[100.562533334000079,19.339740495000171],[100.561738833000163,19.340104990000043],[100.561647041000072,19.340149546000134],[100.561231361000125,19.340351307000049],[100.561125542000127,19.340397844000108],[100.560767820000024,19.340555163000033],[100.560688370000037,19.34058780800018],[100.560271024000144,19.340759302000151],[100.559640647000151,19.340901464000183],[100.558965335000039,19.340980887000114],[100.558386547000111,19.340964574999987],[100.557788186000039,19.340881453000065],[100.556335293000188,19.34067961900007],[100.555447621000098,19.340576912000188],[100.554447152000193,19.340544169000054],[100.554151525000179,19.340580156999977],[100.553883258000099,19.340693455000121],[100.55282616,19.341569290000052],[100.551205915000139,19.342676939000114],[100.548900456000126,19.344904898000152],[100.547503796000171,19.34667105200009],[100.54711372100013,19.347471958000085],[100.546658966999985,19.348371187000168],[100.546644793000098,19.348399224000104],[100.546491352000089,19.348705539000093],[100.546328052000092,19.348888290000048],[100.546137931000032,19.348988826000038],[100.545869109000193,19.349032329000124],[100.545566420000114,19.349050867000074],[100.545556630000192,19.34905146400007],[100.545200421000118,19.349038001999986],[100.545055042000058,19.349033105000046],[100.544809472000168,19.349024830000133],[100.5445059070002,19.349068625000143],[100.544194047000133,19.34915370300007],[100.543940151000129,19.349241825000092],[100.543804493000096,19.349288900000147],[100.543415327000048,19.34946531300011],[100.543026551000196,19.349682946000087],[100.542979950000131,19.349710022000181],[100.542681040000105,19.349883712000178],[100.542266120000079,19.350093323000181],[100.541928823000148,19.350244562000171],[100.541453050000143,19.350446437000073],[100.541046352000023,19.350606506000076],[100.540760307000085,19.350666628999988],[100.540569408000181,19.350684733000094],[100.540170004000174,19.350696352000057],[100.539898640000104,19.350694287000181],[100.537507048000123,19.350405605999981],[100.536286380000035,19.350271810000095],[100.536101815000109,19.350275625000165],[100.536017440000137,19.350277362000043],[100.535708933000137,19.350308460000122],[100.535478286000114,19.350371371999984],[100.535358597000084,19.350414888000046],[100.535266489000094,19.350458951000064],[100.534965931000102,19.35064700900017],[100.534779462000017,19.350772270000164],[100.534674682000059,19.350854783000102],[100.534575025000095,19.350927363000096],[100.534489643000143,19.350993630000175],[100.53430058400005,19.351121381000155],[100.534243600000082,19.351158971000075],[100.534165908000091,19.351211567000178],[100.534092115000078,19.351262904000066],[100.534041629000171,19.351299195000138],[100.533972914000117,19.351336883000045],[100.533914523000135,19.351363350000042],[100.533901610000044,19.351367024000126],[100.533874241000035,19.351374815000156],[100.533840420000161,19.351381285000173],[100.53379095300005,19.351386651000098],[100.533725827000183,19.351389672000039],[100.53365810300005,19.351393955000162],[100.53361646400009,19.35140049000006],[100.5335852770001,19.351409408999984],[100.533556766000117,19.351426968000112],[100.533528385000182,19.35145688700004],[100.533493579000151,19.351497995000045],[100.533457547000182,19.351546535000182],[100.533417678000148,19.351602529],[100.53338427400007,19.351653523000152],[100.533345650000058,19.351703327000166],[100.533335436000129,19.351716490000115],[100.533310878,19.351748142000076],[100.533264414000087,19.351795534000075],[100.53322303900012,19.351830513000039],[100.533186846000092,19.35186174200004],[100.533140247,19.351895527000067],[100.533098790000054,19.351920609000047],[100.533057295000106,19.351943228000039],[100.533009310000125,19.351967128000069],[100.532962106000127,19.351993966000123],[100.532949678000136,19.352001024],[100.532910836000156,19.352027326000041],[100.532868104000158,19.35205613100004],[100.532835883000075,19.352094746000148],[100.532790951000095,19.352166860000068],[100.532762634000164,19.352204205000021],[100.532732947000056,19.352235380000025],[100.532717429000058,19.352247879000117],[100.532697981000013,19.352257935000068],[100.532661605000044,19.352270611000051],[100.532618712000158,19.352282097999989],[100.532567976,19.352291189000141],[100.532458643000098,19.352304478000065],[100.532436117000032,19.35230805700013],[100.532351949000201,19.352321452000069],[100.532242586000109,19.352332270999966],[100.532144918000199,19.352339277000056],[100.532049860000143,19.352346257000079],[100.531932690000019,19.352358374000119],[100.531863682,19.352363905000118],[100.531801196000174,19.352370614000051],[100.531743969000161,19.352382223],[100.531702340000152,19.352389994000077],[100.531665985000075,19.352403911000067],[100.531637505000049,19.352423933000125],[100.531607760000156,19.352448923000054],[100.531581993000088,19.352480058000026],[100.531553768000151,19.352527294000026],[100.531521674000146,19.352579514000126],[100.531481752000047,19.352630563000162],[100.531423694000182,19.352692894000086],[100.531376062000163,19.352755134000063],[100.53134388300009,19.352797456000189],[100.531298793000076,19.352853499000105],[100.531229285,19.352945606],[100.531176730000197,19.353038813000182],[100.531171256000107,19.353044763000128],[100.531156090000081,19.353061248000188],[100.53112891000012,19.353081267000164],[100.531101650000039,19.353092628000127],[100.531073020000122,19.353096585000173],[100.531031276000078,19.353091986000038],[100.530981693000115,19.353084981000109],[100.530943873000183,19.353081586000087],[100.530910016000178,19.353084350000131],[100.530868414000111,19.353094589000023],[100.53076278500015,19.353138437000098],[100.530761969000082,19.353138772000023],[100.53068281200018,19.353174068000101],[100.530620487000078,19.353198097000018],[100.530573663000098,19.353207145000056],[100.53053462600019,19.353213658000186],[100.530483836000087,19.353216565000139],[100.530431721000127,19.353218236000032],[100.530387420000068,19.35321860800002],[100.530319623000082,19.353214228000013],[100.530237461000183,19.3532075],[100.530150128000173,19.35320451900003],[100.5300901720002,19.353203787000155],[100.53004458200013,19.353205406000029],[100.530013352000196,19.353210617000173],[100.529992627000183,19.353223162000063],[100.529983696000045,19.353244262000032],[100.529983857000161,19.35326158100014],[100.530001013000174,19.353284932],[100.530020767000053,19.353307026999971],[100.530049853000151,19.353353756000047],[100.530049879000103,19.353353791000131],[100.530088299000113,19.353421486000116],[100.530139934000033,19.353508876000092],[100.530145115000039,19.353521327000124],[100.530159930000082,19.353556944000161],[100.530177246999983,19.353597614000137],[100.530184121000048,19.353635900000086],[100.530190994000179,19.353674180000098],[100.530193932000032,19.353710029000126],[100.530195529000082,19.353740932999983],[100.530194612000116,19.35378299700011],[100.530190976000142,19.353812711000103],[100.53018733600004,19.353841185000135],[100.530179843000042,19.353875887000186],[100.530168436000054,19.353910606999989],[100.530151691000185,19.353963517000125],[100.530086374000064,19.354111147000083],[100.530238766000195,19.354180602000042],[100.530461436000166,19.354282092000119],[100.530942621000122,19.35449136],[100.531242797000061,19.35460647400015],[100.531344451000109,19.354651060000094],[100.531377813000063,19.354669711000099],[100.531401697000092,19.354688700000168],[100.531419322000033,19.354709728000159],[100.531433479000043,19.354732770000112],[100.531447007000111,19.35476309500001],[100.531456356000035,19.354793450000159],[100.531465077000178,19.354831756000124],[100.53147251300004,19.35488132100005],[100.531471680000095,19.354941546000134],[100.531468543000074,19.354978629000072],[100.531461904000139,19.355014409000034],[100.531454533000158,19.355046236000078],[100.531439529000181,19.355082095000114],[100.53142445300017,19.355110013000115],[100.531403809000039,19.355139297000051],[100.531378924000023,19.355162011000175],[100.53133670200009,19.355194121000181],[100.531228001000102,19.355275104000043],[100.531119307000154,19.355356081000082],[100.531099301000097,19.355378746000099],[100.531048274000057,19.355439392000108],[100.531031131000134,19.355469975000062],[100.531005077000088,19.355517178000184],[100.530979861000162,19.35557892200012],[100.530948509000041,19.355655282000043],[100.530918391000057,19.355715093000128],[100.530894350000096,19.355753674000027],[100.530871023000032,19.355794227999979],[100.53085666700008,19.355824788],[100.530848561000141,19.355852656000025],[100.530843218000143,19.355877840000176],[100.530837082000176,19.355967223],[100.530840989000012,19.356086955000137],[100.530844176000016,19.356129940000073],[100.530848625000147,19.356158357000027],[100.530853753000201,19.356184782000128],[100.530866550000098,19.356211144000042],[100.530896920000146,19.356253896],[100.530924466000101,19.356291381000176],[100.530953376000184,19.356326209000031],[100.530973837000033,19.356353168000055],[100.530984482000122,19.356372928999974],[100.530998793000151,19.35641251200019],[100.531019745000094,19.356491074000076],[100.531051044000094,19.356632414000046],[100.531089675000032,19.356812739000134],[100.531100561000187,19.356858306000106],[100.531110642000044,19.356892625],[100.531121352000071,19.356919663000099],[100.531132717,19.35694206800008],[100.531149707000168,19.356970379000074],[100.531201937000048,19.357038096000053],[100.53132173400013,19.35717538300014],[100.531416230000104,19.357291051000118],[100.531467763000194,19.357359428000166],[100.53151931900004,19.357430462000025],[100.531657138000128,19.3576311220001],[100.531741177000072,19.357746211000119],[100.531759502000114,19.357767229999979],[100.531775696000182,19.357784296000148],[100.53180447699998,19.357805232000089],[100.531891055000074,19.357857460000162],[100.531918056000052,19.357873758000096],[100.531993145000172,19.357926056000167],[100.532011254000167,19.35794020600008],[100.532066886000109,19.357983666000109],[100.532101285000067,19.358009846000186],[100.532120967000083,19.358026885000072],[100.532134335000137,19.358040007999989],[100.53214285700011,19.358056479000027],[100.53214583099998,19.358076304000178],[100.53214463400019,19.358097491000024],[100.532131846000198,19.358146558000101],[100.5321290830002,19.358152351000172],[100.532079075000183,19.358257326000057],[100.532042276000027,19.358334580000019],[100.531935013000123,19.358569719000059],[100.531930920000093,19.358580437000057],[100.531862438000076,19.358759617000146],[100.531849262000037,19.358794101000115],[100.531846014000166,19.358807822000131],[100.531839201000196,19.358836527999983],[100.531837296000162,19.358855733999974],[100.531840973000158,19.358876880000139],[100.531853929000192,19.358919782000157],[100.531882408000115,19.35898372500003],[100.531915205000075,19.359061531000066],[100.531926749000149,19.359103122000022],[100.531937576000075,19.359142734000102],[100.531941333000134,19.359171812000056],[100.531946097000173,19.35923397300013],[100.531947129000059,19.359344472000089],[100.531944096000075,19.359392803000105],[100.531938833000083,19.359426596000162],[100.531927267000015,19.359457131999989],[100.531890973000031,19.359527573000094],[100.53187324400011,19.359570073000043],[100.531861065000044,19.359609876000036],[100.53185706700009,19.359629762999987],[100.531857289000129,19.359653577000188],[100.531860318999975,19.35967935900004],[100.531865485000083,19.359709091000184],[100.531876326000145,19.359750689000066],[100.531892712000115,19.359788269000148],[100.531931850000149,19.35987329600016],[100.531958152000186,19.359927336],[100.531975871000157,19.35995828900019],[100.531988586000068,19.359976045000053],[100.532013215000063,19.360000325000101],[100.532039879000138,19.360018627000045],[100.532073546000163,19.360040836000167],[100.532108563000122,19.360057753000035],[100.532144249000055,19.360071343000129],[100.532219064000117,19.360094533999984],[100.532332329000155,19.360129314],[100.532466515000067,19.360163917000136],[100.532482449000156,19.360168918000113],[100.532583302000035,19.360200572000053],[100.532628733000138,19.360214821999989],[100.532727176000037,19.360251239999968],[100.532880590000104,19.360307988000045],[100.533077105000132,19.360373168000137],[100.533227178,19.360426492000101],[100.533348243000034,19.360472526000024],[100.533408005000183,19.360501827],[100.53346781800002,19.360535831],[100.533535981000114,19.360579176000101],[100.533606041000041,19.360649162000072],[100.533708117000117,19.360784759000182],[100.533930559000055,19.361102358000096],[100.533931430000052,19.361195504000136],[100.533899263000137,19.361253991000069],[100.533817590000012,19.361266325000031],[100.533662127000071,19.36125987000014],[100.533421048000093,19.361281311000027],[100.533200560000125,19.361318100000176],[100.533058201000188,19.361400813000159],[100.532915863000142,19.36151771800013],[100.532814697999981,19.361600809000038],[100.53269069300012,19.36189683200007],[100.532595272000151,19.362188736000064],[100.532573171000195,19.362448979000192],[100.532615148,19.362565065000013],[100.532632417000116,19.362661954000146],[100.532637298000054,19.362747302000116],[100.532609763000039,19.36286397300006],[100.532614941000077,19.362980374000017],[100.532662134000191,19.363216735000151],[100.532726705000073,19.363561631999971],[100.532838849000143,19.363746994000053],[100.532900916000017,19.363824097000133],[100.53290156900016,19.363893953000058],[100.532889809000096,19.363948393000101],[100.532837518000122,19.364041986000132],[100.532830108000041,19.364123556000095],[100.532847041000082,19.364185518000113],[100.53295875900011,19.36432430800005],[100.533119578000196,19.364466558000061],[100.533234951000054,19.364558740000064],[100.533415858000183,19.364662014999965],[100.533569785000054,19.364732530000026],[100.533655638000141,19.364797308999982],[100.533716429000094,19.364868994000176],[100.533743141000173,19.364923068],[100.533758281000189,19.364955452],[100.533763087000068,19.364980335000041],[100.533765559000074,19.36500090800007],[100.533764014000042,19.365018797],[100.533756189000201,19.365036745999987],[100.533747804000143,19.365055778000169],[100.533739399000069,19.365072648000137],[100.533728210999982,19.365097121000133],[100.533719253000129,19.365116157000102],[100.533714276000183,19.365133537000077],[100.533711608000146,19.365153612000086],[100.533712924000099,19.36517201800018],[100.533716495000078,19.365187161999984],[100.533726874000138,19.365198454000051],[100.533737812000197,19.365208111000072],[100.533749289000127,19.365214519000062],[100.533763026000145,19.365218197],[100.533818413000176,19.365219899000124],[100.533878874000152,19.365213972999982],[100.533919384000114,19.365211463000151],[100.533940511000139,19.365211822999981],[100.53395479,19.365212249000024],[100.533963938000056,19.365213795000159],[100.533976544000041,19.365219105000051],[100.533984045000011,19.365227169000036],[100.533988144000091,19.365238515999977],[100.533990546000155,19.365250956000125],[100.533991252000192,19.365265036000039],[100.533989115999987,19.365281308000135],[100.533984451000094,19.365331738000066],[100.533968827000194,19.365431568000133],[100.533965232000185,19.365451832000076],[100.533964491000177,19.365455985000153],[100.533955519000187,19.3654728570001],[100.533944823000184,19.365489200000127],[100.533932943000082,19.365501221000159],[100.53391931200008,19.365508922000174],[100.533902241000192,19.365514482000094],[100.533883425000056,19.365517351000051],[100.533876255000166,19.365518265000162],[100.533865179000145,19.365519673000051],[100.533838931000105,19.365520436000054],[100.533784683000079,19.365519809000091],[100.533727579000129,19.365518125000108],[100.533700165000198,19.365516726000124],[100.533680771000149,19.365518519000148],[100.533668265000188,19.365524043000107],[100.533650658000056,19.36553394800012],[100.533637032000172,19.365542190000099],[100.533635679000156,19.365543684000045],[100.53362912100016,19.365550922000068],[100.53362400400016,19.365558535000105],[100.533621803000074,19.365561819],[100.533617902,19.365572148000069],[100.53361692600015,19.36559003900004],[100.533616510000115,19.365606294000031],[100.533619054000098,19.365633908],[100.533625071000188,19.365666907],[100.533632343000079,19.365711816999976],[100.533633790000124,19.365744311000185],[100.533633408000071,19.365764906000038],[100.533630183000071,19.36578606400019],[100.533625267,19.365809945000137],[100.533620843000165,19.365825151000138],[100.533607319000112,19.36584423],[100.533593769000049,19.365860601000065],[100.533579056000178,19.36587481100014],[100.53356095200013,19.365892300999974],[100.533543438000095,19.36591195800014],[100.533527690000199,19.365937009000163],[100.533515928000099,19.365961493000043],[100.533504699000162,19.365981641000133],[100.533498592000115,19.365999568000063],[100.533494767000036,19.366018022],[100.533493201000113,19.366034289000027],[100.533493338000198,19.366048918999979],[100.533496877000061,19.36606080700011],[100.533504408000056,19.366072664000114],[100.533515366000074,19.366084493000074],[100.533530343000166,19.366098456000088],[100.533572998000068,19.366142521000086],[100.533626574000039,19.366194089000089],[100.533647324000128,19.366215045000047],[100.533654880000086,19.366229610000119],[100.533658984000056,19.366240957000059],[100.533661365000171,19.366251233000014],[100.533661470000084,19.366262403000064],[100.533661487000188,19.366264230000127],[100.533659876000115,19.366275079000047],[100.53365259300017,19.366290313999968],[100.533640172999981,19.366305048000129],[100.533621474000142,19.366319832000102],[100.53360329800006,19.366330283000025],[100.533587362000162,19.366335297000035],[100.533571408000114,19.366338133000113],[100.533553713000117,19.366338825000184],[100.53353427900015,19.366336282000077],[100.533516530000156,19.366331015000071],[100.533479232000104,19.366310197000132],[100.533450832000085,19.366296099000181],[100.53344596400018,19.36629367800009],[100.533424235000098,19.366290075000052],[100.533411107000063,19.366290186000128],[100.533396283000059,19.366292473000044],[100.533382077000169,19.366299637000111],[100.533371327000168,19.366310022],[100.533361749000051,19.366323646000069],[100.533356179000123,19.36633832800004],[100.533352324000077,19.366353528000047],[100.53335190700011,19.366369785000074],[100.533353187000046,19.366384409000034],[100.533356740999977,19.366398461000131],[100.533362707000151,19.366412952000189],[100.533375423000109,19.366445658000032],[100.533389469000042,19.366479457000082],[100.533413393000046,19.366534530000138],[100.533430823000117,19.366567428000167],[100.533448232000183,19.366597629000069],[100.533467398000198,19.366632143000118],[100.533483088000082,19.366661808000174],[100.533499358000142,19.366692551000142],[100.533512759000132,19.366721157000029],[100.533520402000136,19.36674493400011],[100.533524561000036,19.36676224100006],[100.533524191000197,19.366783377],[100.533519993000198,19.366823504000024],[100.533510297000078,19.366889115000049],[100.533506652000085,19.366922768999984],[100.533506829000146,19.366941731000168],[100.533509832000163,19.366957418000084],[100.533515655000201,19.366969835000134],[100.533524871000054,19.366978423000148],[100.533539779000023,19.366984798999965],[100.533555773000103,19.366986289000124],[100.533567765000043,19.366986188000169],[100.533580863000054,19.366983367000046],[100.533593917000076,19.366974593],[100.533614307000164,19.366957622000143],[100.533635151000112,19.366935248000061],[100.533649915000126,19.366919393000046],[100.533662363000076,19.366907368000057],[100.533671464000179,19.366903504999982],[100.53368286400007,19.366901778000113],[100.533695428000044,19.366902217000074],[100.533705739000084,19.366905379000173],[100.533725817000175,19.36691604400005],[100.533739651000076,19.366925995000088],[100.533745929000077,19.366930505000084],[100.533763786000179,19.366947151000034],[100.533780763000095,19.366973045000066],[100.533851672000196,19.367095836000033],[100.533865030000072,19.367125511999973],[100.533882578000089,19.367184628000075],[100.53388424000002,19.367213139000057],[100.533885216000101,19.367242979000025],[100.533886966000068,19.367280109000092],[100.533885917000077,19.367317925000179],[100.533885462000114,19.367343796000114],[100.533878658000106,19.367363752000131],[100.53386423600017,19.367390404000048],[100.533840033000047,19.367417807000095],[100.533817150000175,19.367437896000069],[100.533786623000026,19.367462031],[100.533744334000176,19.367498206999983],[100.533702743000049,19.367535040000121],[100.533667445000106,19.367571822000116],[100.533649453000066,19.367590546000088],[100.533639173000097,19.367612515000019],[100.533635178000054,19.367633776000105],[100.53363394500019,19.367651034000119],[100.533634889000098,19.367678220000073],[100.533640852000133,19.367717308000124],[100.533656398000176,19.367810032000136],[100.533655985000053,19.367840552000189],[100.533654158,19.367869749000022],[100.533649849000085,19.367891807000035],[100.533649485000069,19.367893671000047],[100.533642682000107,19.367912960000126],[100.533635129000118,19.36792761900017],[100.533622009000112,19.367944308000062],[100.533600492000176,19.367960413000048],[100.533578226000145,19.367970548000073],[100.533550373000196,19.367981395000186],[100.533524574000126,19.367988247000028],[100.533506433000127,19.367991717000166],[100.533486867000136,19.367991882000069],[100.533472139000139,19.367986702],[100.533452436000175,19.367972276000046],[100.533438332000117,19.367958463000093],[100.533437083000081,19.367956224000125],[100.533397817000036,19.367885839999985],[100.533354113000144,19.367776413000115],[100.533343424000066,19.367749656000115],[100.533321342000193,19.367704745000026],[100.533314605000044,19.36769897],[100.53330372400012,19.367689639000048],[100.533281989000045,19.367682517000162],[100.533260975000076,19.367677392000189],[100.533235141000091,19.367679596000187],[100.533213524000132,19.367685086999984],[100.533193352000069,19.367695203000153],[100.533182274000069,19.367706577000035],[100.53317540400019,19.367719237000188],[100.533173447000138,19.367733846000021],[100.533172007000189,19.367746801000123],[100.533170865000102,19.367757082000026],[100.533167762000062,19.367798894000089],[100.533155529000055,19.367910432000087],[100.533148115000131,19.367939682000042],[100.533140569000068,19.367955],[100.533131555000182,19.367962372000136],[100.533117620000041,19.367967138000154],[100.533100879000131,19.367970590000084],[100.533079232000034,19.367972764000115],[100.533057552,19.367970955000033],[100.533039983000094,19.367961151000088],[100.53300512900006,19.367933261000132],[100.532974577000175,19.367905912000083],[100.532934650000186,19.367870173000028],[100.532901824000135,19.36784745600005],[100.532874717000084,19.367838842000026],[100.532852345000038,19.367837265000162],[100.532830892000106,19.367835672000126],[100.532800158000043,19.367837704000124],[100.532779745000028,19.367846718000123],[100.532764010000051,19.367858346000048],[100.532755800000132,19.367876987999978],[100.532750477000093,19.36790621900019],[100.532749969000065,19.36791446400008],[100.532748555000126,19.367937337000114],[100.532747238000127,19.36795842500004],[100.532745817000091,19.3680053060001],[100.532739597000102,19.368038083000101],[100.532730432000164,19.36805407900016],[100.532717505000051,19.368066574000068],[100.532696127000065,19.368072939000115],[100.532668191000027,19.368074946000036],[100.532642050000106,19.368069857000023],[100.532614869000099,19.368053285000087],[100.532588643000054,19.368038472000023],[100.532569931000069,19.368030670999985],[100.532551260000048,19.368026401000179],[100.532520476000172,19.368023123000114],[100.532375068000022,19.368019044],[100.532301487000097,19.368023201000085],[100.532240014000081,19.368026370999985],[100.532185088000119,19.368032140000025],[100.532147900000098,19.368041294000079],[100.532119093000119,19.368049501000144],[100.532091281000078,19.368065653000031],[100.532072808000066,19.368082610000101],[100.53205620500006,19.368101321000154],[100.532043395000073,19.368126194000183],[100.532036162000054,19.3681501370001],[100.532031769000127,19.368178471000135],[100.532025700000077,19.368227165000121],[100.532020615000135,19.368281159000105],[100.532021177000161,19.368341291000149],[100.532020870000053,19.368394983000144],[100.532020819000138,19.368403199999989],[100.532017531000065,19.368450101000064],[100.531988004000198,19.368498315000124],[100.531801136000183,19.36880346900017],[100.531328457000029,19.369260099000144],[100.530884084000149,19.369556176],[100.529450804000192,19.370360367000046],[100.528907773000128,19.370732710000027],[100.528501904000052,19.370896433000155],[100.528224582000178,19.370993063000128],[100.527926420000199,19.370986138000035],[100.527707484000189,19.370950256000071],[100.527438955000093,19.370924219000131],[100.527180889000078,19.37095467600011],[100.526952543000164,19.370975453000142],[100.526615956000114,19.371110299000065],[100.526210785999979,19.371349455000143],[100.525896265000199,19.371719873000075],[100.524731803000122,19.373653406000074],[100.524289687000135,19.374194632000126],[100.523333260000129,19.374994786000059],[100.522959023000169,19.375356268000132],[100.522851742000057,19.375574063000101],[100.522867376000136,19.376186899],[100.522934880000037,19.377035056000125],[100.52295480700019,19.378109937000147],[100.52287970000009,19.378582079000125],[100.522657215000038,19.379234631000145],[100.52218667000011,19.379926977000025],[100.521477473000118,19.380602457000123],[100.521210416000145,19.380736716000172],[100.520814014000052,19.380853192000188],[100.520396598000161,19.380847253000127],[100.519988857000101,19.380812938000076],[100.519411323000099,19.380685741000093],[100.518582933000118,19.380296587000032],[100.516817476000142,19.379585186999975],[100.515680724000049,19.379160869000032],[100.515291639000111,19.378994365000153],[100.51473613100012,19.378575695000109],[100.51442614400014,19.378356375000124],[100.514110107000192,19.378099228000053],[100.513885751000146,19.377890014000172],[100.513603729000067,19.377610930000174],[100.513287093000145,19.377288837000037],[100.513067698000043,19.376998405],[100.512911331000169,19.376739920000034],[100.512593150000043,19.376250060000189],[100.511887012000045,19.37512478400015],[100.511737049000146,19.374942014000112],[100.511542016000078,19.374819160000072],[100.511370298000088,19.374750224000081],[100.511153105000176,19.374697905000119],[100.510553452000181,19.374605469000073],[100.510136476000127,19.374533157000144],[100.509999167000046,19.374485585000116],[100.509867266000072,19.374405497000055],[100.509717904000127,19.374287670000172],[100.509504674000084,19.374045895000165],[100.509136162000175,19.373628303000032],[100.508959457000174,19.373433586000033],[100.508798165000144,19.373255866000079],[100.507992873000148,19.372781454000062],[100.507532833000084,19.372523724000075],[100.507045125000047,19.372250497000095],[100.506940084000178,19.37217526600017],[100.506075607000128,19.371556141000042],[100.50568826500006,19.371328428000083],[100.505372942000179,19.371215571999983],[100.505058420000069,19.371189311000023],[100.50469355600012,19.371201946000099],[100.504298994000123,19.371291806999977],[100.503894549000165,19.371410608000133],[100.50350104,19.371615919000192],[100.503490413000122,19.371621201999972],[100.503107446000115,19.371811601000047],[100.502723011000057,19.371901375000164],[100.502389093000147,19.371971479000081],[100.502024315000142,19.37199373500016],[100.501628956000047,19.371996997999986],[100.500949124999977,19.371935260000043],[100.500197975,19.371835611000051],[100.499854918000153,19.371782562000192],[100.498898435000115,19.371634645000142],[100.498390507000011,19.371523363000165],[100.497486070000093,19.371290268000166],[100.496694382000101,19.371190941000179],[100.496400302000097,19.371183741000095],[100.496188029000052,19.371252842000047],[100.49598659500009,19.371398819000149],[100.495826065000131,19.371582953000086],[100.495746634000056,19.371766415000025],[100.495698840000159,19.372084326000106],[100.49567106600017,19.372373202000063],[100.495667023000124,19.372904008999967],[100.495688987000165,19.373153056000092],[100.495744810000076,19.373785870000063],[100.495897177000131,19.375196620000054],[100.495977618000154,19.376257057000146],[100.495966401000032,19.376960327000063],[100.495929796000098,19.377393605],[100.495863052000061,19.377855993000082],[100.495756863000111,19.378167282],[100.495714939000152,19.378290189000154],[100.495525915000144,19.378686234000156],[100.495265484000186,19.379034753000099],[100.494975175000093,19.37944125000007],[100.494684595000194,19.379818884000031],[100.494474245,19.380099645000087],[100.494213018000153,19.380361572000027],[100.493961238000111,19.380546455000115],[100.493557376000069,19.380732581000075],[100.493233930000144,19.380841076000081],[100.49282910200003,19.380921372000159],[100.492190660000176,19.380955480000125],[100.491633414000034,19.380998531000046],[100.491375918000074,19.381003271999987],[100.490285073000166,19.380994115000021],[100.490243694000185,19.380993772000124],[100.490176327000199,19.380993895000188],[100.489401588000135,19.380995375000168],[100.488749326000175,19.381021883000017],[100.488442810000038,19.381045561],[100.488275997000187,19.381099851999977],[100.487889236000058,19.381225725000036],[100.486668634000125,19.381567499000028],[100.485947250000152,19.381881490000183],[100.485587843000133,19.382180672000061],[100.485216060000198,19.382491803000164],[100.484919188000163,19.382802321999975],[100.484796477000032,19.383040320000134],[100.484749864000037,19.383408046],[100.484753087000172,19.383763513000019],[100.484829937000143,19.38397618200014],[100.485097516000167,19.384566489],[100.485589310000194,19.385095714000045],[100.486042466000185,19.385494905000087],[100.486782915999981,19.385903596000105],[100.486892929000135,19.385948035000126],[100.487699920000011,19.38640539000005],[100.48862786400008,19.386931283000138],[100.488954338999974,19.387130057000036],[100.489118494000138,19.387330159999976],[100.489220754000087,19.387590018000026],[100.489272099000175,19.387743645],[100.48929965800005,19.388027814000168],[100.489179214000046,19.388514640000096],[100.489052600000036,19.388771537000139],[100.489007853000146,19.388895237999975],[100.488788709000119,19.389177552999968],[100.488473869000188,19.389367886],[100.488447299000143,19.389383949000035],[100.488228114000037,19.389548620000028],[100.488034190000178,19.389794520000123],[100.487815955000144,19.390063890000079],[100.487574260000088,19.390449791000094],[100.48740622400004,19.390846723000095],[100.487335417000168,19.391149787000131],[100.487360993000152,19.391265917000112],[100.487609666000196,19.391647806000037],[100.487994462000074,19.392168189000188],[100.488243667000177,19.392608241000175],[100.488456942000141,19.393141659999969],[100.488582814000097,19.393501285000184],[100.488600999000084,19.394152642000165],[100.488534107000021,19.394886134000103],[100.488271801000167,19.39570266100003],[100.487887638000132,19.396601626000063],[100.487804992000179,19.396951325000146],[100.487798610000198,19.397084699000175],[100.487876471000163,19.397685191000107],[100.487919097000145,19.397903383000084],[100.487919448000071,19.397909998000159],[100.487964295000154,19.398141372000111],[100.487990457000194,19.398332346000132],[100.48805324500006,19.398523020000084],[100.488067610000087,19.398760439000114],[100.488081822000197,19.398980478999988],[100.488087213000199,19.399126756000101],[100.48808993200015,19.399200567000094],[100.488094904000036,19.399551421000183],[100.488567993000174,19.399559152],[100.488792168000145,19.399566174000086],[100.489058327000066,19.399568424000051],[100.489371044000109,19.399557001000119],[100.489627741000106,19.399546039000086],[100.489849686000071,19.399519411000028],[100.489898819000132,19.399512212000047],[100.490070738999975,19.399484810999979],[100.490229068000019,19.399439210000025],[100.490340598000046,19.399380700000165],[100.490465761000166,19.399282205000077],[100.490556569000034,19.399181996000095],[100.490562836000095,19.399175081000124],[100.490655237000055,19.399067996000042],[100.490687479000201,19.399052369000117],[100.490794693000055,19.399000396000133],[100.490883200000155,19.398977515000126],[100.49111618500018,19.398926874000097],[100.491474663000133,19.398813175000043],[100.491782347000196,19.398761919000037],[100.492011068000068,19.39875561100007],[100.492212146000156,19.39878940400007],[100.492375909000145,19.398827930000095],[100.492411535000031,19.398838449000152],[100.492606208000097,19.39889593800001],[100.492624036000109,19.398901207],[100.492942556,19.399013779000086],[100.493359964000092,19.399218576000067],[100.493749002000129,19.399383732000047],[100.493873629000063,19.399428748000048],[100.494048805000148,19.399492026000132],[100.494353399000147,19.399613573000181],[100.494695342000114,19.399734807000073],[100.494939005999981,19.399830272000088],[100.495262116000106,19.399933942000132],[100.495514995000121,19.400016041000072],[100.495791211000096,19.400097942000173],[100.496086155000171,19.400184123000145],[100.496343573000161,19.400252882000018],[100.496642900000097,19.400308015000064],[100.496993251000049,19.400327282000148],[100.497166195000148,19.400348012000109],[100.497339466000199,19.40040417400013],[100.497587914000178,19.400512885000126],[100.497789482000144,19.400599833000058],[100.498113156999977,19.400765518000185],[100.498379998000132,19.40089890400003],[100.49880805100014,19.401158391000081],[100.499569019000035,19.4015178840001],[100.49983050600008,19.401690583000061],[100.500008770000079,19.401782150000088],[100.500144693000038,19.40183861800017],[100.500327341000059,19.401899136000168],[100.500504910000075,19.401915388000077],[100.500687071000186,19.401922749999983],[100.500953029000129,19.401902829000051],[100.501177006000091,19.401887691000013],[100.501363673000185,19.401877283000033],[100.501517779000153,19.401880446000064],[100.501582002000021,19.401883295],[100.501685936000115,19.401887915000032],[100.501868342000137,19.401921849000189],[100.502078239000184,19.402000977000171],[100.50237435400004,19.402112605000184],[100.502617896000118,19.402194763000011],[100.502889581000147,19.402289986000028],[100.503142500000195,19.402376496000045],[100.503484420000063,19.402493291000042],[100.504008863000195,19.402657303000126],[100.504261668000083,19.402730525000152],[100.504472209000198,19.402777513000103],[100.504720014000156,19.402815340000132],[100.504939852000064,19.402857821],[100.50522018200013,19.40287764600015],[100.505282420000128,19.402882051000063],[100.505500512000083,19.40289747800017],[100.505678162000038,19.402922589000013],[100.505912011000134,19.402964954000083],[100.506127385000184,19.403029624000112],[100.506329116000074,19.403134280000074],[100.506447992000119,19.403217343999984],[100.506517096000152,19.403265631000181],[100.506765921000067,19.403414196000142],[100.507042440000134,19.403527090000068],[100.507202033000112,19.403618804000189],[100.507329066000011,19.403724077000106],[100.507480309000186,19.40392219000006],[100.507745105000083,19.404283282000108],[100.507924881,19.404538744000092],[100.507991430000118,19.404666667000129],[100.508072316000039,19.40482992],[100.508106224000187,19.404962547000082],[100.508154502000139,19.405134930000031],[100.508198439000125,19.405342790000191],[100.508232755000108,19.405519717000175],[100.508285294000075,19.405647761000125],[100.508375190000095,19.40577549000011],[100.508450660000108,19.405859042000088],[100.508577907000074,19.405986468000151],[100.508779650000122,19.406091119],[100.509051501000158,19.406204048],[100.509304803000191,19.406330417000106],[100.509487460000116,19.406390925000153],[100.509688788000062,19.406451278000077],[100.509997670000189,19.406528456000046],[100.510413847000109,19.406595887000037],[100.510871880000082,19.406645239000056],[100.51132512900017,19.40668134200007],[100.511741061000123,19.40672218300017],[100.512175674000105,19.406762873000162],[100.512511991000167,19.406777793000174],[100.512736135000011,19.406780356000127],[100.512894838000136,19.406774605000066],[100.51300688300006,19.406773672000099],[100.513142035000044,19.406745969000042],[100.513216292000038,19.406696614000111],[100.513277556000162,19.406616253000095],[100.513280873000156,19.406611902],[100.51336785500007,19.406425101000139],[100.513455255000054,19.406282605000058],[100.513508468000055,19.40623792100007],[100.513561819000131,19.406193115000121],[100.513640321000082,19.406148081000083],[100.513743205000026,19.406116290000057],[100.513873894000142,19.406110765000051],[100.514102950000051,19.406139869000128],[100.514207010000121,19.406159691000028],[100.514481819000082,19.406212026000162],[100.514799833000097,19.406266970000104],[100.515024179000193,19.406295476000139],[100.515127060000054,19.406308550000176],[100.515360662000035,19.40632432000001],[100.515575510000019,19.406331387000023],[100.515733960000034,19.406299052000065],[100.516097265000155,19.406202989],[100.516409378000105,19.406125070000087],[100.516741656000079,19.406038285000079],[100.516777351000087,19.406028961],[100.517154947000051,19.405963784000051],[100.517378720000011,19.405926472000147],[100.517463637000048,19.405916657000148],[100.517667897000081,19.405893044000038],[100.517840563000163,19.405882742000074],[100.517980708000096,19.405890431000103],[100.518382596000151,19.40592694500009],[100.518667804000131,19.40596886100019],[100.518868930000053,19.40600705900016],[100.51914516700009,19.406088922000094],[100.519365205000156,19.406168361000027],[100.519445003000044,19.406197171000088],[100.519847961000153,19.406348865000041],[100.520513071000096,19.406573672000036],[100.52114562200012,19.40681204200007],[100.521344691000195,19.406913092000082],[100.521600679000016,19.407043037999983],[100.521805309000115,19.407142260000057],[100.522022813000149,19.407247726000037],[100.522487255000044,19.407483071000058],[100.522806298000035,19.407648749000089],[100.523106380000172,19.407783571999971],[100.523331557000063,19.407896870000116],[100.523580203000051,19.408023265],[100.523743294000099,19.408084039000073],[100.523817776000044,19.408111790000135],[100.523894133000056,19.408140247000119],[100.524251693000167,19.408267],[100.524297016000105,19.408283066000081],[100.524746586000163,19.408425497000053],[100.525308250000137,19.40857141000015],[100.525706344000184,19.408700977000137],[100.525987469000086,19.408804942000131],[100.526008368000134,19.408812399000112],[100.526024546000031,19.408818175000079],[100.526193597000088,19.408878524000158],[100.526357838000081,19.408965747000025],[100.526494098000171,19.409057639000139],[100.526640040000188,19.409184893000031],[100.526654682000128,19.409200450000128],[100.527159440000162,19.409736819000045],[100.527161309000064,19.409738692000076],[100.527671472000065,19.410276753000119],[100.528221399000188,19.410801869000068],[100.529078110000114,19.411437910000188],[100.529599812000129,19.411786676000077],[100.530481584000029,19.412258539000163],[100.531430177000118,19.412767662000078],[100.532149089000086,19.413172529000065],[100.532379013000082,19.413302010000052],[100.533421259000193,19.413873402999968],[100.534352118000186,19.414444913000011],[100.534718190000092,19.414669664000087],[100.535372249000147,19.414954235000096],[100.536053006000088,19.415251180000041],[100.536659535000069,19.415492394000125],[100.537199719000171,19.415619860000163],[100.537315427000181,19.415630739000107],[100.538184315000137,19.415712424],[100.53920950000014,19.415880320000042],[100.539956018000055,19.416101017000074],[100.540651034000177,19.416498736000051],[100.541186375000166,19.416875408000124],[100.541253241,19.416922457000055],[100.541895570000122,19.41737106100004],[100.542324733000044,19.41777102400016],[100.542780856000036,19.418208597000046],[100.543680041000073,19.419109074],[100.544376503000137,19.419658108000135],[100.544858742000201,19.420044996],[100.545049079000194,19.420167206000031],[100.545278614000097,19.420314581000014],[100.545900944000095,19.420603704000087],[100.546461993000037,19.420889016000046],[100.546890110000049,19.421175460000143],[100.54730588700005,19.421562914000049],[100.547789931000125,19.42213896800007],[100.548581382000179,19.422888988000125],[100.549187459000109,19.42371625200019],[100.549336195000194,19.423934692000159],[100.549699769000085,19.424468639],[100.55004862300018,19.424806201000081],[100.550731725,19.425342712000145],[100.55083786199998,19.425443412000106],[100.551469555000153,19.426042718000133],[100.55205769600019,19.426378230000182],[100.55284559200004,19.426749877000134],[100.552892812000039,19.426773738000065],[100.553900919000057,19.427283192000118],[100.554290862000073,19.427523781000048],[100.555211475000135,19.428091793000135],[100.555828252000083,19.428641459000119],[100.555867203,19.428676120000091],[100.555962319000059,19.428760778000139],[100.556726605000051,19.429440965000026],[100.557665211000085,19.430277960000069],[100.558052214000043,19.430548167000154],[100.558361163000143,19.430763880000143],[100.558853226000053,19.431114539000134],[100.559445414000038,19.431536548000111],[100.559770256000093,19.431737990000101],[100.560729316000049,19.432332718999987],[100.561358458000086,19.432781360000092],[100.561680525000156,19.433093902],[100.561734896000132,19.433198318000109],[100.562059745000113,19.433822175000159],[100.562539146000063,19.434454380000147],[100.563067283000123,19.434910794000075],[100.563815607000038,19.435307948000059],[100.564136103000124,19.435559303000161],[100.564324641000098,19.435707164000064],[100.564754759000152,19.436195347000023],[100.564959124000097,19.436710702000141],[100.565122006000081,19.437209236000172],[100.565164578,19.437339561000044],[100.565275894000195,19.437855716],[100.565268520000132,19.438473795000107],[100.56513195399998,19.43948398200007],[100.565111020000018,19.439739214000099],[100.565036724000095,19.440645160000088],[100.565033097000082,19.441654200000073],[100.564938833000099,19.442916269000136],[100.564966640000193,19.444429537000133],[100.56497353200001,19.445148399000061],[100.564985141000193,19.446359103000077],[100.565168739000114,19.447480041000063],[100.565203552000071,19.448337394000077],[100.565214197000159,19.449447208000038],[100.565197286000057,19.450456362000068],[100.565198880000196,19.450515806000169],[100.565217956000197,19.451225546000103],[100.5652521680002,19.45201984400012],[100.565289810000081,19.452730579000047],[100.565303793000112,19.453242820000014],[100.565376797999988,19.453923269000143],[100.565514237000116,19.454388741000059],[100.565705091000098,19.454878993000136],[100.566015727000035,19.455380809000076],[100.566285273000119,19.455756857000154],[100.566768282000055,19.456206734000148],[100.56731703000014,19.456580366000139],[100.56798533000017,19.456940356000075],[100.568854645000101,19.457462559000021],[100.56927094100007,19.457887780000135],[100.569521375000193,19.458283982000069],[100.569673953000176,19.458827743000029],[100.569847566000078,19.459774668000136],[100.570110144000125,19.460806623000167],[100.570207832000051,19.461285051000118],[100.570427123000172,19.461964228000113],[100.570739983000124,19.462693052000191],[100.571037715000045,19.463232811000182],[100.571240561000138,19.463584195000124],[100.571481962000121,19.463796514000023],[100.57171959700014,19.463960622000059],[100.571905176000143,19.464063554000063],[100.572430736000115,19.464280183000142],[100.57364581000013,19.464799358],[100.574327084000174,19.465121368000041],[100.574969207000095,19.465519388000075],[100.575358330000029,19.465881764000073],[100.575548153000057,19.466151936000188],[100.575709766000159,19.466471496000167],[100.575955435000139,19.467125211000166],[100.576323834000164,19.468093176000082],[100.576585493000096,19.468692491000184],[100.57698768500012,19.469361262000177],[100.57737731900005,19.469774077000125],[100.577941146000057,19.470324113000174],[100.578383971,19.470736470000077],[100.578933536000079,19.471185729000069],[100.579469436000011,19.471597272999986],[100.580005951000089,19.472071874999983],[100.580636536000156,19.47264654300011],[100.581107915000132,19.473260439000114],[100.581633474000057,19.473974767000072],[100.582010441000023,19.474450746000116],[100.582494030000191,19.474951017000024],[100.582856118000109,19.475263171000108],[100.583135908000202,19.475455568000086],[100.583391298000151,19.475569453000048],[100.583645993000175,19.475611887000184],[100.583937919,19.475609335000115],[100.584314261000088,19.475570320000031],[100.584690422,19.475513431000024],[100.58486386400017,19.475474909000013],[100.585150904000102,19.475411152000163],[100.585573810000085,19.475318129000186],[100.586052605000191,19.475162089000094],[100.586521977000132,19.475006130000054],[100.586697026000138,19.474958825000158],[100.586897699000133,19.474904579999986],[100.587142111999981,19.474857778000057],[100.587433956000154,19.474846293000041],[100.587678968000034,19.474862011000141],[100.587990171000115,19.474903944000118],[100.588207456000021,19.474973495000086],[100.588576647000139,19.475166767000132],[100.5887856760001,19.475287297000136],[100.58912596600004,19.475483512000096],[100.589580952000176,19.475783217000128],[100.589969234000137,19.476003113000047],[100.590451591000033,19.476213253000026],[100.59094320700018,19.476405445000125],[100.59136854400009,19.476562486000034],[100.592100407000032,19.476834386000178],[100.592701078000061,19.477033113000175],[100.593487506000088,19.477251008000167],[100.593994199,19.477325434000079],[100.594448160000184,19.477349759000049],[100.595617322000123,19.477238568000189],[100.596856254000159,19.477009031000136],[100.597446970000135,19.47695558900017],[100.597990942000024,19.476999024000122],[100.598683540000138,19.477110625000023],[100.59917372600006,19.47728870800006],[100.599662463000072,19.477488771000026],[100.602515941000092,19.479213751000088],[100.60266470800002,19.479572118000192],[100.603011191,19.480660861000104],[100.603359470000157,19.481931563000103],[100.603443958000014,19.483204601000068],[100.603430501000105,19.484273792000181],[100.60340119100016,19.485133780000126],[100.60332240800011,19.485499041000025],[100.602663262000078,19.486737167000172],[100.601816448000193,19.488427873000091],[100.601326901000107,19.489865211000165],[100.600835782000047,19.491143340000121],[100.600340632000155,19.492012070000101],[100.600110414000085,19.492992190000166],[100.599998413000151,19.494750079000028],[100.599826122000195,19.495792476000076],[100.599405145999981,19.496888014000092],[100.599076975000116,19.497865795000109],[100.598982668000019,19.498288487000082],[100.598884340000097,19.498972472000105],[100.598757947000195,19.499855946000025],[100.598722158000157,19.500795550000134],[100.598747510000123,19.501848457000108],[100.598738657000183,19.502474726000116],[100.598817743000154,19.502886744000136],[100.598974245000136,19.50354001400018],[100.599083912000083,19.504008686000077],[100.59922442400017,19.504562478000025],[100.599258214000088,19.504946427000107],[100.599248521999982,19.505487316000028],[100.59918048600008,19.506199494000157],[100.599022401000013,19.506912467000063],[100.598831627000038,19.507575167000027],[100.598804709000149,19.507668669999987],[100.598689272000115,19.508139331000166],[100.598573547,19.508581532000051],[100.598548009000069,19.509037166000098],[100.598552625000082,19.509506767000119],[100.598621993000108,19.510074245],[100.59892011400018,19.510727659000054],[100.599179978,19.511316705000127],[100.599277207000171,19.511808628000097],[100.599352958000111,19.512465005000138],[100.599403997000195,19.512957341000174],[100.599525075000088,19.51352571000001],[100.599667314000044,19.513896779000106],[100.599913485000059,19.514266928000097],[100.600275351000164,19.514657952000107],[100.600753565000105,19.515135557000121],[100.601057480000122,19.515505193000138],[100.601200371000118,19.515941957000052],[100.601320380000175,19.516400827000155],[100.601440497999988,19.516870646000029],[100.601471804000084,19.517253315000175],[100.601479890000064,19.517352130000063],[100.601448670000138,19.517703154000174],[100.601417506000075,19.51805353200001],[100.601261436000129,19.518624353000121],[100.601188259000196,19.519402507],[100.601193328000136,19.519917148000047],[100.601224405000153,19.520727228000112],[100.601299196000014,19.521285055000135],[100.601538475000041,19.522126144000026],[100.601634709000166,19.522338608000041],[100.601719727000102,19.522583270000041],[100.602204454000173,19.523770694],[100.602456549000124,19.524665449000054],[100.602543316000151,19.525241319000145],[100.602522481999983,19.525869395000029],[100.602438374000144,19.526933716000087],[100.602450504999979,19.52816376800007],[100.602528815000085,19.529252279000161],[100.602711960000022,19.530006690000164],[100.603002463,19.530683261000092],[100.603495684000052,19.531358037000132],[100.604177603000096,19.531979879000062],[100.604884660000039,19.532409279999968],[100.605481071000099,19.532583383000087],[100.606421662000059,19.53274825800014],[100.607321581000178,19.532823304000146],[100.60844607700011,19.533095206999974],[100.60948986700015,19.533406267000146],[100.609965542000168,19.533671127000048],[100.61032073500013,19.53405238300013],[100.610513621000109,19.534422275],[100.610790014000145,19.53503488399997],[100.610875675000045,19.53549542900015],[100.61095074900004,19.536250791000157],[100.610932238000032,19.537109506000036],[100.61078404,19.538520377000168],[100.610643257,19.539316105000069],[100.610537623000141,19.539864638000097],[100.6101465280002,19.54086514300019],[100.60935112300001,19.542098642000042],[100.60935066400009,19.542099477000022],[100.608959988000095,19.542675592000137],[100.608721407000132,19.543151836000106],[100.608504561000132,19.543637517000093],[100.608036525000159,19.54527463300019],[100.607919347000063,19.54601873900009],[100.607888803000037,19.546655938000129],[100.607941310000172,19.547069809],[100.608128838000084,19.54746265700004],[100.608429996000098,19.547844396000073],[100.609192846000155,19.548439862000123],[100.610104379000177,19.549033998000084],[100.611261115000161,19.549818152000114],[100.612321978000068,19.550475016000121],[100.612794660000134,19.550738816000091],[100.613326616000052,19.550914538000086],[100.613977040000066,19.551075310000044],[100.615032688000042,19.551206824000076],[100.616236762000142,19.551311378000037],[100.616873162000047,19.551421003000144],[100.617347371000108,19.55153208400003],[100.617944631000171,19.551783013999966],[100.618962679000049,19.552209564000123],[100.619898098000078,19.552483085000119],[100.62057492800011,19.55257952400018],[100.621116211000015,19.552638731000172],[100.621426069999984,19.552724697000031],[100.621608689000084,19.552806453000017],[100.621821356000055,19.552960208000059],[100.6220635640002,19.553135936000047],[100.62222859700006,19.553217849000134],[100.622393292000083,19.553266406000148],[100.622540118000188,19.553287324000109],[100.622716043000082,19.55328574300006],[100.622850530999983,19.553245614000048],[100.623090015000116,19.553148949000104],[100.623411209000039,19.55301263400014],[100.623604689000047,19.552928316000077],[100.623749886000098,19.552865039000096],[100.62406543600008,19.552751011000055],[100.62426459400001,19.552726982000138],[100.624475760999985,19.552730642000085],[100.624646098000142,19.552756904000091],[100.624881329000175,19.552821505000054],[100.625022796000053,19.552892506000148],[100.625170290000199,19.552980130000094],[100.625312364000024,19.553112279000118],[100.625478902000168,19.553344280000033],[100.625801582000179,19.553856181000185],[100.625937519000161,19.554046212],[100.626091989000145,19.554244967000045],[100.626234293000039,19.554399350000097],[100.626341076000074,19.554520699000136],[100.626483320000091,19.554669527000158],[100.626654997,19.554829206000136],[100.626790991000064,19.554939170000182],[100.627003494000178,19.555076248000148],[100.627239347000057,19.555201989000182],[100.627551542000049,19.555338163000044],[100.627810797000109,19.555458136000141],[100.628070052000112,19.55557810900001],[100.628375998000024,19.555675421999979],[100.62888199300005,19.555837643000189],[100.62913504900007,19.555924311000069],[100.629434796000055,19.555988320000154],[100.629892990000144,19.556062018000034],[100.630344929000159,19.556096852000053],[100.630720353000129,19.55610458200016],[100.631277401000034,19.55609398900009],[100.63240529300009,19.556013565000171],[100.633180562,19.556015406000085],[100.633732001000112,19.556042082000147],[100.634338925,19.556105212000034],[100.634750371000166,19.556195999000181],[100.635161822000157,19.556286784000122],[100.635637891000044,19.556388104000177],[100.635978912000098,19.556473965000066],[100.636178520000101,19.556494394000083],[100.636377961000164,19.556498147000127],[100.636583042000154,19.55647961000011],[100.636829003000173,19.556444021000061],[100.637033916000178,19.556408804000114],[100.63720341700008,19.556351673999984],[100.637559958000168,19.556231691000107],[100.637881649000064,19.556145377000064],[100.63819769800017,19.556081356],[100.638578144000064,19.556005629000026],[100.63887101600011,19.555969612000183],[100.63918740600019,19.555938941000022],[100.639468717000113,19.555919709000023],[100.639767511000116,19.555889197],[100.640042791000155,19.555853342000148],[100.640282665000143,19.555795565000096],[100.640586705000032,19.555703851000146],[100.641013156999975,19.555538750000039],[100.641480721000107,19.555378830000166],[100.642018087000167,19.555162682],[100.642421365000132,19.555025587000159],[100.642549256000166,19.554978064000011],[100.642789456000173,19.554888806000122],[100.6430059220001,19.55483680500015],[100.643269418000045,19.554795487000092],[100.64358010300009,19.554781542000114],[100.643884984000181,19.554773206000107],[100.644166465000126,19.554770642000108],[100.644430576000047,19.554790474000129],[100.644683299000064,19.554843769],[100.644947921000153,19.554913632000023],[100.645242368000083,19.555033253999966],[100.645813955,19.555300462000048],[100.646520703000078,19.555594229000121],[100.646895415000131,19.555738642000051],[100.647331915000052,19.555874008000103],[100.648742411,19.55633524600006],[100.65070865000007,19.556945154000061],[100.651400194000132,19.557156665999969],[100.651604102000078,19.557193404000031],[100.651765393000062,19.557178955000154],[100.651932103000149,19.557151482999984],[100.652075618000197,19.55711204500011],[100.652224123000167,19.557032061000086],[100.652357758000107,19.556942881000168],[100.653065894000065,19.556129124000051],[100.653373238000086,19.555780336000169],[100.653674931000126,19.555523273000119],[100.654137257000173,19.555145456000048],[100.654579624000121,19.5547826130001],[100.655128685000136,19.554277840000168],[100.655852007000135,19.553630516000112],[100.656321406000131,19.55326742200009],[100.656885146000093,19.552877831000046],[100.657503600000098,19.552551811000114],[100.658201709000195,19.552084101000105],[100.658535807000135,19.55170943000013],[100.658694460000049,19.551361999000051],[100.659086697000077,19.550064194000072],[100.659494281000036,19.548945645000174],[100.659773390000112,19.548481780000031],[100.660040685000126,19.548184606000177],[100.660416365000117,19.547912060000158],[100.660779318000039,19.547716515000047],[100.66106222000019,19.547624218000124],[100.661399975000165,19.547608294999975],[100.661819607000041,19.547668505000161],[100.662213391000137,19.547844272000077],[100.66286685700004,19.548299554000096],[100.663206052000135,19.548424571],[100.663599972000043,19.548613149000175],[100.663886162000097,19.548841159],[100.664350417000037,19.549298178000072],[100.664880412000116,19.549575199],[100.665734262000058,19.549797971000146],[100.666437328000143,19.549817113000131],[100.666936746000033,19.549748433000161],[100.667731659000196,19.549497632000055],[100.668257445000165,19.549364634000085],[100.668689678000135,19.549335015000054],[100.669150124000055,19.549420455000188],[100.670328349000101,19.549640206000163],[100.671383611000181,19.549732952],[100.672235086000057,19.549725068000043],[100.672801418000176,19.549591687000145],[100.673164089000068,19.549370491000104],[100.67348462800004,19.54899592400011],[100.674028183000189,19.547965783000052],[100.67422721100013,19.547605152000187],[100.674440817,19.547346895000032],[100.674763200000143,19.547151700000143],[100.675464142000067,19.546965803000091],[100.6766509630001,19.546711328000129],[100.678254900000013,19.546273578000125],[100.680169545000069,19.545820105000189],[100.681637378000119,19.545293893000178],[100.682497826000088,19.54485020900006],[100.683154876000117,19.544344352],[100.683595290000142,19.543802072000119],[100.684019526000043,19.543003668000097],[100.684376450000116,19.542231515000083],[100.684603144,19.541934686000104],[100.684844817000055,19.541778667000074],[100.685181352000086,19.541647388000172],[100.686044964000132,19.541511194000066],[100.686760313000093,19.541414815],[100.687420798000119,19.541242071000113],[100.688119964,19.5408895650001],[100.688872386000128,19.540459682000119],[100.689423686000055,19.54018543799998],[100.689976051000201,19.54001369100007],[100.690623011000127,19.539841058000093],[100.691081307,19.539721448000137],[100.691435764000119,19.53962616299998],[100.691791324000064,19.539457058000096],[100.692070267000133,19.53923100600008],[100.692279816000166,19.538911906000124],[100.692457373000195,19.53844174000011],[100.692625006000128,19.537748227000066],[100.692726100000129,19.537235535999969],[100.692784058000143,19.536961098],[100.692836774000057,19.536820517000024],[100.693194339000058,19.536334941000177],[100.693624492000197,19.536045722000154],[100.694337399000119,19.535718694000082],[100.695388029000185,19.535375680000129],[100.696857050000119,19.534977481000112],[100.698016982000183,19.534748750000119],[100.698961896000014,19.534637358000111],[100.700623183000118,19.534532034000108],[100.70227216100011,19.534542136000084],[100.703138132000106,19.534636484000032],[100.703869769000107,19.534808975000033],[100.704521266000143,19.535071918000028],[100.705051815000047,19.535400063999987],[100.705758848000187,19.535803427000076],[100.706328462000101,19.535990251000044],[100.706869835000191,19.536062022000067],[100.707449997000083,19.535966845000075],[100.708069218000048,19.535730345000047],[100.708458431,19.53547039200015],[100.7085023260002,19.535406599000112],[100.708572935000063,19.535367216000111],[100.708890847000077,19.534905742000149],[100.709091102000059,19.534371329000066],[100.709413102000042,19.533718715000077],[100.709996922000016,19.532688101000076],[100.710702220000144,19.531643521000149],[100.711168586000156,19.53101123700003],[100.711503054000104,19.530687732],[100.711811840999985,19.5304926],[100.712108197000191,19.53040009800003],[100.712392250000164,19.530423037000048],[100.712582118000057,19.530485302000159],[100.712963336000143,19.530750776000048],[100.713343880000195,19.530952186000036],[100.713736723000125,19.531038155000147],[100.714114835000146,19.531008944000121],[100.714478755000073,19.530915797000148],[100.715055376000066,19.530487476000133],[100.716019963,19.529683878000071],[100.716771439000013,19.52917700800009],[100.71776560800015,19.528616578000083],[100.718640728000082,19.528300732000048],[100.719650026000068,19.527893912000138],[100.720605402000103,19.527500414000087],[100.721413078000126,19.527198012000099],[100.722140891000038,19.527011686000151],[100.722681013000113,19.52696810000009],[100.723249246000194,19.527026752000154],[100.724048707000122,19.527224144000115],[100.724793294000051,19.527345173000128],[100.725401115000125,19.527313747000164],[100.725994201000162,19.527167132000045],[100.726560398000061,19.527033591000077],[100.727087140000094,19.527002929000048],[100.727667526000175,19.526933317000157],[100.728368441000157,19.52676003900018],[100.729323648000047,19.526353684000071],[100.731043639000177,19.525427456000159],[100.732494847000169,19.524644746000035],[100.733420137000167,19.523969572000169],[100.733727520000116,19.52364628600003],[100.733953817999975,19.523323781000101],[100.73398857900014,19.523211043000174],[100.734018000000162,19.523179679000066],[100.734437115000105,19.522105160000081],[100.734858877000192,19.52128353300003],[100.735159342000088,19.52113805800019],[100.735219136000069,19.521130672000083],[100.735503207000193,19.521156777000044],[100.736071665000168,19.521237810000059],[100.736579211000048,19.521309819000066],[100.737015301999975,19.521334456000091],[100.737369595000075,19.521292611999968],[100.73772886800009,19.521224558000029],[100.73873971200004,19.520971383000131],[100.7394137,19.520811138000113],[100.739859064000086,19.52075559900004],[100.740236594000066,19.520675082000025],[100.740572626000187,19.520505275000119],[100.740812420000111,19.520182628000157],[100.740930603000038,19.519861152000033],[100.740967297000054,19.519502022000154],[100.740969108000115,19.519450551999967],[100.741029849000086,19.519385790000115],[100.741235585000027,19.518466871000044],[100.741274933999989,19.517138498000179],[100.741429179000079,19.51647302900011],[100.741567996000128,19.516322366000168],[100.741613489000031,19.516292965000105],[100.742007178000051,19.516145023000149],[100.742542435000189,19.515966885000125],[100.743341381,19.515805422000028],[100.743958118000137,19.515664933000039],[100.744402370000159,19.515506887000072],[100.744876299000168,19.51528128200016],[100.746561134000046,19.514386764000051],[100.747650100000101,19.513863705],[100.749357159000056,19.513014325000086],[100.750041714000076,19.512584861999983],[100.750738674000047,19.512052765000135],[100.751770660000147,19.511261151000156],[100.752334289000146,19.510896915000046],[100.752726902000063,19.510721237000098],[100.754064855000195,19.510876382000049],[100.755613713000059,19.511218169000131],[100.755702408000047,19.51123908],[100.756463790000169,19.511638477000133],[100.757292714000187,19.512066078000032],[100.75752310200005,19.512127907000092],[100.75773915200017,19.51211299300013],[100.757980842000109,19.511969698000087],[100.758863746000145,19.511141056000099],[100.759289605000106,19.510534686000028],[100.759461514,19.510187054000028],[100.759538561000113,19.509814715],[100.759588726000061,19.509455452000054],[100.759584024000048,19.509426359000031],[100.759683720000112,19.509247626000104],[100.758996280000076,19.507124590000103],[100.757762427000046,19.505903458000148],[100.756466371000101,19.504818441000168],[100.757201869000198,19.503363238000134],[100.757561860000067,19.503209413000093],[100.758273233000011,19.502766843000074],[100.759092001000113,19.502259163000133],[100.759535368000115,19.502024207999966],[100.759941194000078,19.501927899000123],[100.760386327000049,19.501856303000068],[100.760801475000164,19.501823431000162],[100.761641691000193,19.501738370000169],[100.762066557000196,19.501666962000115],[100.762343939000061,19.501579121000191],[100.764184522,19.501380462000043],[100.764631731000179,19.500458904000141],[100.765082806000066,19.500214747000086],[100.76522961600017,19.50004674000013],[100.765320686000052,19.499895831],[100.765333671000121,19.499674140000081],[100.765423964000092,19.498033148000161],[100.765493350000099,19.496956148000038],[100.765528054000129,19.496637362000172],[100.765772775000073,19.495974059000048],[100.765827761000196,19.494469199000093],[100.766008632000137,19.493389006000143],[100.766273579000085,19.491656616000171],[100.766388219000191,19.491014831000086],[100.766517755000052,19.490501032000111],[100.766635174000101,19.490115487000082],[100.766820973000108,19.489806153000075],[100.767047443000195,19.489509231],[100.767279306000091,19.489293241000098],[100.768068734000053,19.488682397],[100.768798143000083,19.488211868000064],[100.769245680000097,19.487951228000156],[100.770106213000133,19.487566954000158],[100.770533411000144,19.487424396999984],[100.770871192000129,19.487399719000109],[100.771688054000037,19.487565434000032],[100.771877280000069,19.487752936000106],[100.772490250000146,19.488457649000054],[100.773072915000114,19.489025983000033],[100.773800133000066,19.489633895000054],[100.774266922000038,19.49014868800009],[100.774516370000072,19.490556269000137],[100.774724076000041,19.49110093600018],[100.77500354100016,19.491617563000034],[100.775237092000054,19.491888621999976],[100.77551327600014,19.492104595000171],[100.775932376000185,19.492209824000099],[100.777029525000103,19.492376733000128],[100.777809039000147,19.492492087000073],[100.778459160000182,19.492636041000083],[100.778835333000131,19.492769021000072],[100.779255332000162,19.492956237000101],[100.77954608400006,19.493185728000185],[100.780242023000142,19.493890006000015],[100.781009553000104,19.49484681600012],[100.781317758000114,19.495206448000033],[100.781927192000069,19.496100814000158],[100.782310704000167,19.496903414000144],[100.782548166000083,19.497529781000026],[100.782774962000019,19.498497940999982],[100.783027589000085,19.499192493000066],[100.783352124000032,19.499872668000137],[100.7836308790001,19.500320945],[100.783768233000046,19.500478824000027],[100.784046279000165,19.501334810000174],[100.785946368000054,19.503220954000085],[100.785927353000034,19.503387142000122],[100.785946266000053,19.503796979000015],[100.786051198000052,19.504164963000107],[100.786212424000041,19.504409387000067],[100.78680915800004,19.504936526000108],[100.787667406000196,19.505652418000182],[100.788075590000062,19.506072076000066],[100.788456609000036,19.506642339999985],[100.788781484000197,19.507349840000074],[100.789003073000117,19.507839671000056],[100.789324195000063,19.508205518000011],[100.789616041000045,19.508530650000125],[100.78982126700015,19.508842971000092],[100.789998270000126,19.509210239000083],[100.790249595000034,19.509781782000061],[100.790513678000138,19.510202859000174],[100.790847866000092,19.510445560999983],[100.791253362000077,19.510619224999971],[100.791846516000135,19.510818361000133],[100.792223192,19.510992304000013],[100.792470606000052,19.511208531000079],[100.792660981000097,19.511479991000158],[100.792909450000138,19.511791879000043],[100.793155967000189,19.511926111000093],[100.793822097000088,19.51220652000012],[100.794301469000118,19.512543446000109],[100.794505107000077,19.512710564000088],[100.794647327000121,19.512862911000184],[100.794757117000131,19.513015580000115],[100.794868603000168,19.513321985000118],[100.794968147000191,19.513526008000042],[100.795089315000098,19.513729817000126],[100.795226305000085,19.513941923000118],[100.795742588000053,19.514299961000063],[100.796190309000053,19.514462083000126],[100.796528102000025,19.514458727000033],[100.79679720300004,19.514353548000145],[100.797266285000092,19.514002932000096],[100.797567464000053,19.513848786000096],[100.798596806000148,19.513725043000079],[100.798787124000114,19.513750784000024],[100.798980984000139,19.513870567000083],[100.799758095000072,19.514490676000094],[100.800125746000163,19.514743279000129],[100.800601065000137,19.514956372000086],[100.801631643000178,19.515279245999977],[100.8025988710001,19.515600962000121],[100.803091714000118,19.516019993999976],[100.803797342000053,19.516719841999986],[100.804034178999984,19.516980612000054],[100.804126035000138,19.517214787000171],[100.804306525000129,19.517648631000043],[100.804471227000079,19.517877626000029],[100.804743030000111,19.51801585600009],[100.805462003000173,19.518264940000108],[100.805587361000107,19.518319137000049],[100.805725293000137,19.518421525],[100.806193736000068,19.518726258000072],[100.806459208000035,19.518814574000146],[100.806577243999982,19.518907268000135],[100.806944487000123,19.519121422000126],[100.807277947000159,19.51929621],[100.807318185000099,19.519333804000098],[100.807697133000033,19.519946576000166],[100.807735,19.519981654000048],[100.807780546000117,19.52017655200018],[100.807879974000173,19.520611201000179],[100.808032027000195,19.520917195000095],[100.808250644000111,19.521132832000092],[100.808821716000068,19.521447448000174],[100.809500892000131,19.52176097500012],[100.809839977000024,19.52187289900013],[100.810068903000172,19.521908526000118],[100.810984330000167,19.522474728000077],[100.8117849690002,19.52330458],[100.812441761,19.523783535000121],[100.81328355100004,19.524084499000139],[100.813295230000051,19.524088203000076],[100.813556395000035,19.524308574000145],[100.814019103000135,19.524598634000142],[100.814358058000039,19.52469773700011],[100.814777226999979,19.524719153000092],[100.815105775000177,19.524654641999973],[100.815339197000128,19.524725606000175],[100.816132478000156,19.524893761000158],[100.816460621000033,19.525111809000066],[100.816793214000086,19.525727250999978],[100.816996460000041,19.526254975000143],[100.816906933000155,19.526645342000052],[100.816817070000127,19.527069077000192],[100.816833735000159,19.527350794000142],[100.816863055000113,19.527555508000034],[100.817070184999977,19.527950629000088],[100.817892699000197,19.528993025000034],[100.818456325000113,19.529845831000046],[100.818692642000201,19.530432851000171],[100.818862973000194,19.531161480000151],[100.818938143000196,19.531839811000054],[100.818904917000111,19.532493609000142],[100.818882198000097,19.532878231000154],[100.818899730000112,19.53323682000007],[100.818996903000084,19.533466474000079],[100.819188236000173,19.533656742000176],[100.819976592000046,19.534058819000109],[100.821197080000161,19.534430914000097],[100.822026414,19.534871007],[100.82291095,19.535413042000187],[100.82345723300017,19.535920050000016],[100.82389642000004,19.536517826000136],[100.824253957,19.537065174000077],[100.824570521000112,19.537574497000037],[100.825007557000049,19.537980098000105],[100.825239442000111,19.538169949000121],[100.825431225000102,19.538398647],[100.825555584000142,19.53864083600007],[100.825734424000018,19.538920917000098],[100.825856939000118,19.539034611999966],[100.826266970000063,19.540198449000115],[100.826716455,19.542885919000071],[100.826768362000166,19.543370961000051],[100.827051148000066,19.543677473000173],[100.827204779000112,19.543709076000027],[100.827235022000195,19.543761856000117],[100.827439460000051,19.543913542999974],[100.827805199000068,19.543986722000113],[100.828913913000122,19.544026749000125],[100.829631305000134,19.544121986999983],[100.830241593000039,19.544307996000043],[100.830703669000059,19.544533944000079],[100.831493983000087,19.545102514000064],[100.831854727000064,19.545370159000072],[100.832291089000137,19.545918924000091],[100.83267284100009,19.546709987000099],[100.833201882000083,19.548204215000112],[100.833917389000021,19.549698760000012],[100.834437492000177,19.550400350000189],[100.834494658000096,19.550458080000169],[100.834532798000055,19.550888732000089],[100.834644245000163,19.55118230000005],[100.834767470000145,19.551321989000144],[100.835051994000196,19.551383158000135],[100.835768986,19.551439935000133],[100.836063953000178,19.55147989000011],[100.836079295000047,19.551485786000114],[100.837155019000022,19.55191745400009],[100.838234852000141,19.552541825000162],[100.838624437000135,19.552948426000114],[100.838994993000028,19.553444353000032],[100.839244213000086,19.553967144000069],[100.839274098000146,19.554049189000182],[100.839519387999985,19.555113817000176],[100.83962329100018,19.55608386800003],[100.839792467000109,19.55702138800018],[100.839797,19.557420988],[100.839871261000098,19.558009622000043],[100.839983595000149,19.558380051000029],[100.840286592000098,19.558876663000092],[100.840668648000076,19.559193090000065],[100.841241519000107,19.559648510000102],[100.841720075000126,19.560130514000036],[100.842062611000188,19.560537030000091],[100.84236605500007,19.561072071000012],[100.842724878000183,19.561721867000131],[100.842999255000052,19.562077825000131],[100.843450504000032,19.562534479000078],[100.843670828000143,19.562890988000163],[100.843809912000097,19.563235513000166],[100.843895087000135,19.563593402000038],[100.844102479000071,19.564001294000036],[100.844553008000105,19.564393887000051],[100.845793561000164,19.565316535000022],[100.846802609000179,19.566087794000168],[100.847049833000199,19.566431209000086],[100.847161316000097,19.566724766000107],[100.847289235000119,19.567274407000014],[100.847389830000168,19.567798699000036],[100.847680525000158,19.56839792400018],[100.848132385000042,19.568905809000171],[100.848745419000181,19.569322352000086],[100.849465994000184,19.569686539000145],[100.850252840999985,19.569934722000141],[100.850807871000086,19.570005908000155],[100.851375682000082,19.570012895000104],[100.852334576000032,19.569938986000125],[100.852793673000122,19.569895835000011],[100.85326702499998,19.569916596000041],[100.853659714000059,19.569976626000027],[100.853972336000197,19.57012716700018],[100.854177276000087,19.570317251000063],[100.854547627000102,19.570787519000078],[100.854876261000129,19.571155711000188],[100.85528423,19.571369334000167],[100.856016882000063,19.571605239000064],[100.856669465000152,19.571931653000092],[100.857105059000105,19.572196238],[100.857486885000128,19.572486999000034],[100.85796258900001,19.572712728000113],[100.858409643000073,19.572797815000172],[100.859113507000018,19.572880250000139],[100.859253991000116,19.572899082000106],[100.8594253400002,19.572935391000158],[100.859467174000088,19.572962801000131],[100.860062806000144,19.573584454000127],[100.860111944000153,19.573894976000076],[100.860159110000154,19.574471060000121],[100.860293724000087,19.575297117],[100.860496923000085,19.576007540000091],[100.86058309900011,19.576448686000163],[100.860596323000152,19.576717619000135],[100.860588616000143,19.576929107000012],[100.860588502000155,19.576929559000064],[100.860262410000132,19.577324512000132],[100.859708720000185,19.577815750000127],[100.859109161000049,19.578307491000032],[100.858926806000113,19.578663918000132],[100.85892669600014,19.578664285000059],[100.858820138,19.578785975000187],[100.858488106000095,19.579301907000058],[100.858392793000121,19.579831416000104],[100.858313089000092,19.580248650000158],[100.858216125000069,19.580634030000056],[100.858003823000047,19.581276857000034],[100.857909246000133,19.581870418000051],[100.857931465000092,19.582334651000167],[100.858035966000159,19.582605845000046],[100.858224210000117,19.58281211200017],[100.858478208000122,19.582857542],[100.85896819400017,19.58285249100004],[100.85979573100019,19.582811924000168],[100.860219855000082,19.582819035000114],[100.860278710999978,19.582843730000093],[100.86177453800002,19.583313848000103],[100.863131909000174,19.583916332000058],[100.864909594000096,19.58460485400019],[100.865800791000197,19.58512408100006],[100.866367638000099,19.585825079000131],[100.866447573000073,19.586020790000077],[100.866408899000078,19.586267079000095],[100.866214079000088,19.586957777000066],[100.866018335000092,19.587568408000038],[100.865786029000049,19.587939175000088],[100.865469605000158,19.588342849000071],[100.865282682000043,19.588607938999985],[100.865221305000034,19.588833794000152],[100.865203822000069,19.588898117000042],[100.865205909000167,19.588922097000079],[100.865224329000114,19.589133915],[100.86532389000007,19.589284604000113],[100.865379061000112,19.589340406000133],[100.865422873000171,19.589384727000152],[100.865517995000062,19.589428575000056],[100.865601696000169,19.589467162000119],[100.865881092000166,19.589556451000135],[100.866004151000141,19.58957993700011],[100.866317341000126,19.589576694000129],[100.866876650000108,19.589570902],[100.867760660999977,19.589518854000119],[100.868273944000123,19.589601605000155],[100.868788722000033,19.589817567000068],[100.869100147000154,19.590022977000046],[100.869130160000054,19.590068271000064],[100.869307914000046,19.590476433000049],[100.869411277000154,19.590998116000151],[100.869551935000061,19.591939671000148],[100.869730404000165,19.592409324000016],[100.869961290999981,19.592734934000134],[100.870170427000062,19.593050520000133],[100.870270716000107,19.593305733000022],[100.870338678000053,19.593571528999973],[100.870331892000195,19.593920102000141],[100.870263889000171,19.594587066000088],[100.870214437000186,19.594987335999974],[100.870239619000131,19.595294579000097],[100.87031863600015,19.595580762000054],[100.870516491000103,19.595855462000031],[100.870844119000196,19.596128811000028],[100.870904646000156,19.596169718000112],[100.871247444000119,19.596401377],[100.871546263000027,19.596522125000035],[100.871614990000126,19.596585850999986],[100.872129315000166,19.596756662000189],[100.872829982000098,19.59697068000014],[100.873393382000188,19.597317150000038],[100.873620403000075,19.597710128000017],[100.873622647000047,19.59790396000011],[100.87352828600018,19.598161194000056],[100.873326844000189,19.598511794000103],[100.872868584000116,19.599100815999975],[100.87255805000018,19.599370545],[100.872377048000146,19.599618431000124],[100.872282443000188,19.599855166000054],[100.87228493300006,19.600070390000099],[100.872396162000086,19.600335740000048],[100.872505969000031,19.60047809800011],[100.872647744000119,19.600579125000024],[100.87284264800013,19.600597601000118],[100.873055918000148,19.60052775500003],[100.873295196000072,19.60044939200003],[100.873713943000155,19.600315152000121],[100.874079788000131,19.600311347000059],[100.874439864000124,19.600291007000123],[100.874486833000162,19.600314488000038],[100.874646546000122,19.600394338000058],[100.874984765000136,19.600647071000139],[100.87523516300007,19.600787964000119],[100.875484972000038,19.600877616000105],[100.875773650000156,19.600866318000044],[100.875841734000119,19.600863649000075],[100.876360002000183,19.600786500000027],[100.87703026600019,19.600759022000034],[100.877527859000054,19.600764085000037],[100.877632484000117,19.600793879000037],[100.878000309000072,19.601020268000184],[100.87851975500007,19.601633647000028],[100.878665376000129,19.602117687000145],[100.878668968000056,19.602427008000063],[100.878561588000082,19.602787229000114],[100.878408743000136,19.603040671000088],[100.878046042000051,19.603474958000049],[100.877586241000131,19.60393075200011],[100.877212242000155,19.604324157000065],[100.877032075999978,19.604643785000064],[100.876970632000052,19.604941676000124],[100.877016629000025,19.605176948],[100.877182064000124,19.605451977000143],[100.877531591000036,19.605745588],[100.877901438000151,19.605926233000105],[100.878140319000124,19.606005742000036],[100.87845443000009,19.606043469000042],[100.878557552000075,19.60603298500007],[100.879016208000053,19.605986359000099],[100.879836835000162,19.605865047],[100.88064676200014,19.605754091000108],[100.881154821000166,19.605728285000055],[100.881272552000041,19.605742967000026],[100.881761412000174,19.605803948000016],[100.882185456000059,19.605994271000043],[100.882534755000108,19.606267369000079],[100.882787553000071,19.60661323000005],[100.882943498000088,19.607001101000037],[100.883035983000184,19.607512638],[100.883110059000103,19.608301114000085],[100.883217898000055,19.609201995000092],[100.883370549000176,19.610235653000188],[100.883674378000137,19.611247228000082],[100.883986518000029,19.612043466000102],[100.884567788000197,19.613656890000186],[100.884837272000084,19.614504822000185],[100.884985041000164,19.615118278000125],[100.885143631000119,19.615731620000076],[100.885465287000102,19.616415006000125],[100.885906878000128,19.617179133000036],[100.886510589000068,19.617931307999982],[100.886618793000139,19.618090659000131],[100.886822611000127,19.618628811000065],[100.886828779000098,19.619157191000056],[100.886786335000181,19.619555086000048],[100.886651089000168,19.619911081000112],[100.886674603000131,19.620261072],[100.886668131000135,19.620307665000041],[100.886685529000147,19.620871235000152],[100.886787296000136,19.621249416000069],[100.88679011500011,19.621258939000086],[100.886807476000058,19.621366031000036],[100.886917312000094,19.621725325000114],[100.886959706000198,19.62211886100016],[100.886975786000107,19.622569694999981],[100.886941739000065,19.623359301000107],[100.886937507000027,19.623923096000169],[100.887017763000131,19.624311755000065],[100.887152106000144,19.624699851],[100.887728502000016,19.626148899000043],[100.888201920000142,19.62733161400007],[100.888514916000076,19.627895779000141],[100.888811519000058,19.628248969000026],[100.88914789200004,19.628430190000017],[100.890002453000136,19.628856699000039],[100.890521871000146,19.629207550000046],[100.890943813000092,19.629559418000042],[100.891114377000122,19.629775498000129],[100.891281421000087,19.63007401100009],[100.891628623000088,19.630951046000064],[100.891961130000141,19.631990070000086],[100.892136587000152,19.632700833000172],[100.89218361900015,19.63314901800004],[100.892203730000119,19.633676663000074],[100.892184378000138,19.634402672000192],[100.892096017000199,19.635182192000059],[100.891939106000109,19.63605480700005],[100.891808498000103,19.636795184000107],[100.891785749000121,19.637230904999967],[100.891831237000133,19.637547141000027],[100.891945740000097,19.637809864000189],[100.892184963000091,19.638018490000036],[100.892380709000122,19.638082414],[100.892674131000035,19.638045917000113],[100.892890469000179,19.637919466000028],[100.892982760000109,19.637817896000172],[100.893030921000104,19.637706073000061],[100.893256681000139,19.636766750000049],[100.893643679000149,19.635324264000076],[100.893834315000106,19.634952758000054],[100.894150131000174,19.634566737000171],[100.894496287000038,19.63439285600009],[100.894785081000123,19.634315914000126]]]]}}
]
}
